user_id,region,age_band,monthly_trans_count,avg_trans_amount,days_since_last_trans,tenure_months,cashout_ratio,offers_last_30d
SYN_123060,urban,18-25,12,1761.36,6,33,0.26,0
SYN_120346,rural,18-25,13,406.8,12,24,0.43,2
SYN_125502,urban,26-40,15,164.64,1,47,0.782,3
SYN_107947,urban,18-25,8,185.94,16,33,0.182,1
SYN_129003,urban,26-40,19,173.99,2,2,0.151,2
SYN_121579,urban,18-25,21,1258.85,9,24,0.327,1
SYN_100956,rural,26-40,10,152.49,3,15,1.0,1
SYN_121997,urban,18-25,11,1332.19,21,46,0.441,3
SYN_102127,urban,26-40,10,533.37,5,21,0.552,2
SYN_125413,rural,18-25,7,275.64,7,30,0.806,2
SYN_112571,rural,26-40,12,181.73,21,21,0.56,1
SYN_111221,rural,26-40,11,556.9,5,28,0.579,0
SYN_109286,rural,18-25,12,647.58,10,17,0.569,1
SYN_127215,urban,26-40,16,420.53,20,46,0.586,3
SYN_109875,urban,26-40,12,394.27,3,42,0.303,0
SYN_100281,urban,26-40,13,500.95,1,16,0.55,1
SYN_115421,urban,26-40,19,263.13,24,24,0.373,4
SYN_121213,urban,26-40,13,204.43,16,31,0.277,2
SYN_121518,urban,26-40,19,472.64,18,23,0.28,2
SYN_120132,rural,26-40,10,262.56,7,11,0.362,1
SYN_114542,rural,18-25,8,252.68,10,45,0.731,2
SYN_107614,urban,26-40,12,479.25,10,26,0.475,1
SYN_120318,urban,26-40,10,323.22,17,21,0.349,1
SYN_111394,rural,18-25,9,999.51,15,47,0.981,0
SYN_115075,rural,41+,13,217.59,30,5,0.691,1
SYN_114637,urban,26-40,21,185.2,14,37,0.267,1
SYN_123576,urban,41+,12,702.16,33,24,0.318,1
SYN_114378,rural,41+,13,384.62,34,1,0.444,0
SYN_103993,urban,26-40,13,102.09,52,14,0.311,1
SYN_123171,urban,18-25,15,224.77,39,43,0.274,2
SYN_114766,urban,18-25,11,227.84,3,24,0.714,2
SYN_117994,urban,41+,12,1212.75,7,37,0.57,2
SYN_122586,rural,18-25,15,173.96,12,19,0.768,3
SYN_112830,urban,18-25,14,1013.11,23,23,0.562,2
SYN_119563,urban,26-40,16,85.8,20,45,0.162,1
SYN_111704,urban,18-25,15,173.17,27,13,0.212,3
SYN_108876,rural,26-40,6,880.01,26,9,0.307,1
SYN_126004,rural,18-25,4,2165.59,1,21,0.448,1
SYN_120761,rural,18-25,3,368.04,9,9,0.734,1
SYN_126846,urban,26-40,14,141.59,19,8,0.377,1
SYN_125390,rural,26-40,10,252.11,7,31,0.397,3
SYN_112503,rural,18-25,13,149.5,35,14,0.495,1
SYN_101234,urban,26-40,25,202.65,17,4,0.655,2
SYN_118976,urban,18-25,15,544.26,19,41,0.362,0
SYN_124741,urban,26-40,14,76.35,28,3,0.299,1
SYN_110741,rural,26-40,7,141.16,7,36,0.366,3
SYN_109023,urban,41+,16,213.46,1,16,0.321,1
SYN_116056,rural,18-25,12,308.28,4,8,0.458,0
SYN_108643,urban,41+,14,437.56,4,33,0.038,0
SYN_100383,urban,41+,13,84.08,20,4,0.319,1
SYN_105736,rural,18-25,6,196.7,21,18,0.908,1
SYN_105071,urban,41+,16,471.7,17,2,0.406,2
SYN_103768,rural,18-25,10,796.26,8,30,0.7,2
SYN_122475,urban,18-25,11,467.05,12,16,0.705,1
SYN_117649,rural,18-25,14,976.67,13,36,0.326,2
SYN_115281,urban,18-25,10,367.46,3,36,0.186,1
SYN_126665,urban,26-40,17,905.74,8,29,0.253,3
SYN_116428,urban,26-40,15,71.6,2,28,0.322,0
SYN_107390,urban,26-40,13,53.46,5,7,0.601,1
SYN_118671,rural,41+,10,51.68,18,17,0.524,1
SYN_124693,urban,18-25,15,636.0,9,4,0.169,1
SYN_125046,urban,18-25,12,187.97,42,20,0.536,2
SYN_108512,urban,26-40,8,587.43,6,12,0.133,2
SYN_104293,urban,18-25,16,228.58,1,41,0.363,1
SYN_121874,urban,26-40,19,145.99,42,11,0.241,2
SYN_110340,rural,41+,10,681.53,28,8,0.378,0
SYN_124555,rural,26-40,9,133.95,20,19,0.267,1
SYN_128680,rural,26-40,8,1170.8,37,13,0.453,2
SYN_113305,urban,18-25,13,196.09,26,27,0.444,2
SYN_122436,urban,41+,11,150.11,4,5,0.376,2
SYN_117847,urban,26-40,8,866.16,10,22,0.409,1
SYN_122758,urban,26-40,14,460.6,40,7,0.6,5
SYN_128812,urban,18-25,12,937.3,11,38,0.232,0
SYN_119103,rural,26-40,12,1200.93,3,3,0.873,1
SYN_100129,urban,26-40,8,288.05,1,37,0.133,0
SYN_111753,urban,26-40,16,253.4,30,47,0.689,1
SYN_123700,urban,18-25,16,695.04,27,11,0.201,3
SYN_100387,rural,26-40,5,99.52,7,26,0.505,2
SYN_113185,urban,26-40,9,853.62,60,42,0.67,0
SYN_105939,rural,41+,13,1034.24,4,15,0.718,0
SYN_127328,rural,26-40,8,431.92,37,41,0.508,1
SYN_112305,urban,26-40,12,351.7,11,5,0.115,1
SYN_127730,rural,18-25,11,544.17,37,47,0.4,1
SYN_115376,rural,41+,11,789.42,3,25,0.431,1
SYN_116872,urban,26-40,13,168.99,13,17,0.315,0
SYN_126002,urban,26-40,12,454.27,14,17,0.362,0
SYN_111113,urban,26-40,14,277.16,11,46,0.67,0
SYN_119058,urban,18-25,17,249.49,1,45,0.098,4
SYN_117127,rural,18-25,8,316.2,38,44,0.521,1
SYN_105588,urban,41+,20,90.1,10,30,0.294,0
SYN_113686,urban,41+,13,474.96,9,4,0.404,1
SYN_111883,rural,41+,5,664.47,12,4,0.676,0
SYN_111290,rural,26-40,6,69.78,14,6,0.268,2
SYN_129521,rural,26-40,9,56.38,5,16,0.889,0
SYN_103854,rural,26-40,11,173.97,15,23,0.948,1
SYN_119772,urban,18-25,14,232.42,15,20,0.285,2
SYN_129742,rural,18-25,4,88.16,4,18,0.424,0
SYN_129835,urban,18-25,16,176.38,13,12,0.57,2
SYN_124248,urban,26-40,9,942.13,32,30,0.435,0
SYN_113440,rural,18-25,9,347.32,6,27,0.71,2
SYN_104022,urban,26-40,14,247.39,28,30,0.394,0
SYN_102901,rural,26-40,8,289.75,9,37,1.0,1
SYN_110907,urban,26-40,20,214.67,10,47,0.26,0
SYN_125146,urban,18-25,7,826.72,60,33,0.307,0
SYN_104395,urban,41+,11,144.49,12,11,0.453,0
SYN_100725,urban,26-40,7,168.61,17,28,0.292,1
SYN_117446,urban,18-25,21,495.17,17,10,0.357,0
SYN_102056,rural,18-25,12,335.54,12,36,0.637,4
SYN_116999,urban,41+,19,68.38,8,33,0.163,2
SYN_114836,urban,18-25,18,111.43,3,33,0.168,1
SYN_126075,urban,26-40,11,317.43,41,42,0.696,3
SYN_106345,rural,18-25,6,161.54,19,26,0.391,4
SYN_104380,urban,18-25,9,260.04,3,46,0.506,2
SYN_126820,urban,26-40,10,266.87,60,26,0.781,0
SYN_120559,urban,26-40,14,329.03,2,9,0.479,1
SYN_129191,urban,18-25,14,161.33,6,44,0.622,1
SYN_102218,rural,26-40,7,227.59,22,23,0.524,3
SYN_123959,urban,41+,16,516.7,20,25,0.561,2
SYN_110309,urban,41+,12,312.68,2,25,0.595,2
SYN_120097,urban,26-40,11,118.24,1,5,0.455,3
SYN_116057,rural,26-40,8,199.9,5,1,0.629,2
SYN_126325,urban,41+,17,1308.25,17,3,0.624,1
SYN_124970,urban,26-40,16,378.29,1,25,0.401,1
SYN_104229,urban,26-40,14,3310.06,27,15,0.58,1
SYN_115080,urban,26-40,9,800.89,60,5,0.201,0
SYN_114150,urban,41+,17,351.55,15,46,0.539,2
SYN_113028,urban,18-25,14,278.18,29,12,0.301,2
SYN_129715,urban,26-40,25,367.78,9,31,0.434,0
SYN_126336,rural,26-40,9,906.67,29,47,0.236,1
SYN_100760,rural,18-25,9,124.73,38,37,0.511,0
SYN_109775,urban,18-25,13,1214.08,20,35,0.421,0
SYN_104401,rural,18-25,12,77.27,41,40,0.892,2
SYN_123533,rural,26-40,3,266.03,3,12,0.75,1
SYN_122849,urban,41+,11,1230.54,39,36,0.386,1
SYN_126767,urban,26-40,20,597.98,21,28,0.556,1
SYN_119471,rural,41+,12,316.69,13,7,0.466,4
SYN_104801,urban,18-25,21,660.79,50,43,0.313,0
SYN_104307,urban,18-25,12,514.67,9,21,0.045,5
SYN_102394,urban,41+,12,513.01,2,13,0.605,0
SYN_118261,rural,26-40,10,806.3,9,35,0.335,3
SYN_125930,urban,18-25,17,2294.62,9,9,0.122,0
SYN_111477,rural,18-25,11,113.26,1,27,0.638,2
SYN_116479,urban,18-25,12,60.98,58,44,0.365,0
SYN_122942,urban,18-25,9,1151.32,12,17,0.281,0
SYN_114663,urban,18-25,11,689.15,3,11,0.351,2
SYN_102985,urban,26-40,11,479.24,9,23,0.571,0
SYN_111807,urban,41+,15,138.42,1,8,0.15,1
SYN_124521,urban,41+,16,1166.45,14,12,0.358,3
SYN_124878,rural,41+,7,1264.01,4,39,0.386,2
SYN_127678,urban,26-40,17,937.73,3,46,0.117,0
SYN_115556,rural,18-25,12,59.87,6,34,0.661,2
SYN_111703,urban,18-25,23,307.86,1,15,0.548,0
SYN_119013,rural,26-40,5,755.07,60,19,0.585,1
SYN_109156,urban,26-40,14,138.42,33,44,0.269,0
SYN_129648,urban,26-40,8,173.96,7,28,0.191,3
SYN_109592,rural,26-40,10,125.3,8,41,0.549,0
SYN_113970,rural,41+,5,1032.22,20,20,0.568,4
SYN_126876,rural,26-40,10,332.45,5,2,0.838,3
SYN_107138,rural,18-25,8,512.06,5,19,0.3,2
SYN_106310,urban,26-40,13,70.02,46,28,0.51,0
SYN_109510,urban,41+,16,52.4,4,25,0.496,2
SYN_113552,urban,26-40,18,765.14,2,26,0.264,1
SYN_124748,urban,26-40,9,90.85,6,3,0.457,1
SYN_128744,rural,18-25,11,57.52,9,4,0.408,3
SYN_111309,urban,18-25,9,281.78,5,23,0.353,1
SYN_114719,urban,18-25,10,237.85,5,20,0.278,0
SYN_112790,rural,26-40,8,285.78,25,1,0.734,2
SYN_128848,rural,41+,8,315.68,7,21,0.701,1
SYN_101228,rural,18-25,10,163.62,4,22,0.917,1
SYN_108719,urban,41+,22,56.59,28,34,0.393,0
SYN_119889,urban,18-25,16,983.3,11,42,0.829,1
SYN_118999,rural,18-25,8,731.89,12,23,0.448,2
SYN_107579,urban,18-25,14,77.25,10,28,0.506,0
SYN_120513,urban,18-25,14,1192.44,21,34,0.636,1
SYN_123864,rural,18-25,13,904.55,8,22,0.624,1
SYN_103711,rural,41+,13,482.88,11,37,0.725,1
SYN_123971,urban,18-25,11,205.79,7,24,0.493,2
SYN_120244,rural,26-40,4,259.48,11,5,1.0,1
SYN_112244,rural,26-40,6,319.67,21,15,0.946,0
SYN_128288,rural,18-25,8,194.48,8,47,0.187,0
SYN_119523,urban,41+,20,1094.82,4,4,0.528,1
SYN_109261,urban,18-25,12,277.35,4,3,0.326,2
SYN_123276,rural,26-40,6,1015.4,7,20,0.445,1
SYN_112691,urban,26-40,14,121.9,6,18,0.196,1
SYN_115544,rural,41+,4,364.07,8,43,0.52,1
SYN_115064,urban,26-40,22,939.9,2,28,0.162,1
SYN_100755,urban,18-25,15,569.6,3,18,0.316,1
SYN_112929,urban,26-40,11,648.1,51,9,0.317,0
SYN_126911,rural,41+,11,755.56,10,47,0.399,1
SYN_102579,rural,26-40,10,105.57,4,17,0.246,2
SYN_103077,rural,41+,6,146.81,56,28,0.329,0
SYN_123066,urban,18-25,12,327.39,50,18,0.369,2
SYN_121831,rural,41+,2,373.26,24,23,0.403,4
SYN_103346,rural,26-40,5,492.6,14,17,0.256,1
SYN_110839,rural,26-40,2,201.13,10,8,0.755,0
SYN_100963,urban,26-40,14,1168.12,8,46,0.339,1
SYN_125921,urban,26-40,14,85.39,2,21,0.523,0
SYN_123736,rural,26-40,8,1310.54,14,14,0.334,3
SYN_101338,rural,26-40,6,296.43,24,41,0.827,1
SYN_115439,rural,18-25,12,191.8,2,12,0.507,0
SYN_114743,urban,18-25,6,327.52,15,29,0.413,1
SYN_103517,urban,26-40,13,511.42,15,26,0.591,2
SYN_112898,rural,26-40,7,534.17,31,7,0.471,0
SYN_118253,urban,18-25,12,435.4,14,3,0.414,2
SYN_117483,rural,18-25,8,546.92,4,25,0.233,0
SYN_129538,urban,26-40,17,590.65,19,9,0.464,1
SYN_113021,urban,26-40,13,1170.97,12,25,0.354,3
SYN_103338,urban,26-40,14,580.05,1,45,0.645,1
SYN_118628,urban,41+,8,1306.31,27,47,0.305,1
SYN_111725,urban,18-25,15,435.04,47,5,0.265,0
SYN_113772,rural,26-40,16,254.53,1,45,0.806,4
SYN_124284,urban,18-25,15,605.61,12,42,0.11,2
SYN_113038,urban,26-40,19,419.37,19,14,0.14,5
SYN_129528,rural,26-40,9,166.49,17,21,0.602,0
SYN_129055,urban,26-40,14,500.71,60,13,0.32,2
SYN_105612,urban,26-40,16,250.67,7,4,0.596,2
SYN_106920,rural,18-25,8,393.68,23,10,0.373,1
SYN_125039,urban,26-40,15,1373.81,1,44,0.518,1
SYN_118273,urban,26-40,18,77.73,2,23,0.223,0
SYN_124887,rural,18-25,8,282.04,52,6,0.178,2
SYN_121588,rural,18-25,14,97.52,13,36,0.693,2
SYN_107129,urban,18-25,12,334.59,1,44,0.522,2
SYN_100280,urban,26-40,18,227.5,20,18,0.237,1
SYN_100543,rural,26-40,11,194.13,51,1,0.76,2
SYN_104308,rural,41+,8,982.25,30,41,0.303,3
SYN_128418,urban,18-25,9,158.38,30,9,0.495,1
SYN_126461,urban,41+,14,452.59,13,42,0.432,1
SYN_125983,urban,26-40,11,304.86,12,16,0.312,0
SYN_106457,rural,41+,9,106.03,42,24,0.824,2
SYN_117350,urban,18-25,15,147.69,60,21,0.942,1
SYN_107404,urban,26-40,16,617.44,46,11,0.067,0
SYN_129638,urban,18-25,11,136.74,30,12,0.587,1
SYN_106473,urban,41+,20,202.32,8,42,0.485,0
SYN_123483,urban,26-40,16,392.84,9,21,0.075,1
SYN_124482,urban,26-40,10,573.06,12,30,0.588,1
SYN_121732,rural,41+,6,416.71,29,35,0.492,1
SYN_110916,urban,18-25,18,518.0,18,19,0.293,2
SYN_106400,urban,26-40,9,125.4,1,12,0.38,0
SYN_125652,urban,41+,15,1456.78,5,8,0.461,2
SYN_112647,urban,26-40,11,113.15,42,42,0.388,0
SYN_118349,urban,26-40,13,627.95,17,23,0.112,0
SYN_117338,rural,26-40,8,73.26,29,24,0.733,0
SYN_117551,urban,18-25,16,187.96,2,38,0.525,1
SYN_129165,urban,41+,15,105.15,14,39,0.417,1
SYN_115888,rural,26-40,6,158.99,3,41,0.645,1
SYN_113780,urban,26-40,10,487.2,2,38,0.418,1
SYN_116637,rural,18-25,8,1555.22,5,43,0.537,3
SYN_123582,urban,26-40,12,268.89,7,19,0.209,1
SYN_106250,rural,41+,5,389.49,56,35,0.388,0
SYN_118388,rural,26-40,12,1316.71,21,21,0.755,1
SYN_117967,urban,18-25,18,154.56,20,16,0.159,1
SYN_124509,urban,18-25,13,130.51,31,4,0.45,1
SYN_112947,urban,26-40,14,327.82,6,11,0.003,2
SYN_110856,rural,18-25,9,165.37,17,17,0.563,3
SYN_103253,urban,18-25,14,396.21,21,41,0.193,2
SYN_122356,rural,26-40,7,809.0,6,21,0.486,2
SYN_117741,rural,18-25,6,87.6,27,17,0.492,3
SYN_116445,rural,41+,5,159.98,8,19,0.326,0
SYN_127763,rural,26-40,8,524.11,39,34,0.869,1
SYN_109858,urban,26-40,13,926.53,4,29,0.29,1
SYN_129119,rural,41+,12,67.19,16,30,0.232,0
SYN_112589,rural,18-25,7,1475.4,19,40,0.714,1
SYN_125175,urban,26-40,7,124.66,20,7,0.521,1
SYN_116818,rural,26-40,11,596.79,8,5,0.677,2
SYN_120113,urban,41+,12,164.24,10,7,0.249,0
SYN_126218,rural,18-25,9,807.82,6,15,0.361,0
SYN_109279,rural,41+,9,312.72,29,30,0.531,0
SYN_105997,rural,18-25,5,1109.17,14,7,0.705,1
SYN_116725,urban,18-25,24,433.64,44,4,0.571,1
SYN_127682,rural,26-40,8,749.87,18,12,0.368,0
SYN_126944,rural,26-40,8,332.63,9,34,0.714,1
SYN_116572,rural,26-40,13,217.51,1,30,0.529,2
SYN_109454,urban,26-40,15,768.87,17,11,0.246,2
SYN_119430,urban,26-40,13,87.03,1,38,0.459,1
SYN_100114,urban,26-40,9,351.95,8,6,0.329,0
SYN_114560,urban,41+,22,177.9,17,1,0.247,1
SYN_104548,rural,41+,11,100.22,3,44,0.216,1
SYN_119843,urban,26-40,13,302.06,1,47,0.939,1
SYN_106978,rural,18-25,8,1976.51,3,8,0.263,3
SYN_120512,rural,41+,7,451.28,13,27,0.83,3
SYN_102949,rural,41+,8,243.29,12,46,0.33,3
SYN_100521,urban,41+,13,292.38,9,38,0.118,2
SYN_115654,urban,18-25,14,184.35,3,46,0.409,1
SYN_100208,urban,26-40,14,570.49,33,41,0.181,1
SYN_119416,urban,26-40,14,384.4,29,21,0.18,0
SYN_118888,rural,26-40,11,248.4,2,8,0.611,1
SYN_105535,rural,18-25,8,1436.52,5,13,0.846,0
SYN_122319,rural,18-25,7,568.65,60,39,0.849,3
SYN_116051,urban,26-40,16,69.36,11,44,0.154,3
SYN_126463,rural,26-40,10,1301.95,7,34,0.555,2
SYN_106180,urban,26-40,19,382.38,45,4,0.136,4
SYN_108733,urban,41+,9,67.21,11,20,0.574,2
SYN_123003,urban,26-40,15,110.0,15,16,0.09,0
SYN_100473,urban,18-25,11,163.59,11,30,0.426,1
SYN_118997,urban,18-25,12,59.41,1,43,0.093,0
SYN_128058,rural,26-40,11,385.42,8,22,0.545,2
SYN_121342,rural,26-40,8,1384.78,18,34,0.726,1
SYN_100016,urban,18-25,12,2047.4,21,38,0.195,0
SYN_103699,urban,26-40,20,444.49,30,33,0.381,0
SYN_120663,urban,26-40,14,773.99,40,1,0.24,2
SYN_126092,rural,26-40,8,313.33,7,33,0.593,1
SYN_128393,urban,26-40,12,847.68,60,46,0.51,0
SYN_109894,urban,41+,15,107.56,6,34,0.412,1
SYN_126865,rural,41+,12,676.03,36,20,0.345,1
SYN_103272,rural,18-25,5,166.59,14,13,0.26,1
SYN_113254,rural,26-40,10,702.0,17,16,0.368,2
SYN_129079,rural,26-40,9,1234.28,4,21,0.558,0
SYN_114922,urban,26-40,15,192.1,17,34,0.343,0
SYN_128739,urban,18-25,12,581.17,23,24,0.446,0
SYN_109594,urban,26-40,13,236.86,8,26,0.687,0
SYN_119352,rural,26-40,12,1287.45,15,22,0.335,2
SYN_128672,urban,18-25,16,623.54,9,29,0.328,1
SYN_120705,rural,26-40,6,783.38,8,16,0.681,2
SYN_122766,rural,26-40,6,688.5,21,10,0.362,0
SYN_119504,rural,18-25,9,123.18,2,36,0.336,3
SYN_121011,rural,41+,15,366.78,52,6,0.409,1
SYN_125056,urban,26-40,17,794.09,2,4,0.119,2
SYN_126891,urban,41+,10,375.97,17,12,0.616,1
SYN_104940,rural,26-40,12,297.56,18,13,0.296,0
SYN_115838,rural,18-25,6,89.97,27,35,0.361,0
SYN_115310,urban,18-25,13,237.77,1,43,0.644,0
SYN_119029,rural,18-25,11,358.05,37,16,0.399,0
SYN_109274,rural,26-40,8,261.28,11,45,0.955,1
SYN_101158,urban,26-40,11,957.29,22,27,0.485,1
SYN_117165,rural,41+,3,142.27,58,15,0.521,1
SYN_105993,rural,18-25,11,572.01,9,7,0.35,1
SYN_118223,rural,26-40,9,364.5,28,36,0.7,3
SYN_112561,urban,26-40,15,939.28,20,19,0.587,0
SYN_101769,rural,26-40,8,1048.2,40,36,0.472,3
SYN_124853,urban,18-25,10,717.42,3,16,0.651,2
SYN_115031,urban,26-40,13,166.95,19,20,0.098,3
SYN_125309,rural,41+,2,631.11,5,33,0.308,2
SYN_121067,urban,41+,20,1019.04,35,13,0.501,2
SYN_118954,rural,18-25,6,767.03,18,31,0.491,3
SYN_122817,urban,41+,9,616.19,1,25,0.348,2
SYN_129539,urban,41+,14,111.28,13,33,0.44,0
SYN_119402,rural,41+,8,91.49,27,24,0.558,4
SYN_100029,rural,41+,11,793.41,4,36,0.488,3
SYN_101553,urban,41+,14,108.8,8,41,0.173,1
SYN_115297,urban,18-25,16,545.02,35,10,0.494,0
SYN_110983,urban,41+,14,284.39,9,32,0.343,0
SYN_111385,urban,41+,15,949.16,15,28,0.574,1
SYN_107087,urban,18-25,20,344.57,21,27,0.548,1
SYN_108511,urban,41+,15,653.58,28,12,0.335,3
SYN_119888,urban,26-40,12,140.62,22,46,0.212,1
SYN_107957,urban,41+,13,165.36,20,16,0.47,2
SYN_123191,urban,26-40,17,90.49,15,25,0.485,2
SYN_100489,urban,26-40,15,354.65,21,6,0.539,0
SYN_119868,rural,26-40,8,241.17,9,35,0.523,2
SYN_107327,urban,26-40,15,275.86,19,4,0.322,0
SYN_128964,rural,18-25,7,81.21,60,41,0.596,2
SYN_119921,rural,26-40,12,236.51,13,42,0.397,0
SYN_101317,urban,26-40,17,343.55,45,33,0.785,0
SYN_113876,urban,41+,9,169.21,18,20,0.286,3
SYN_102052,urban,26-40,13,813.11,2,32,0.237,1
SYN_106552,rural,18-25,8,674.87,58,18,0.445,0
SYN_114293,rural,18-25,11,652.53,5,25,0.426,1
SYN_105091,rural,26-40,15,1345.18,9,42,0.648,2
SYN_107297,urban,26-40,14,539.79,6,6,0.598,2
SYN_118722,rural,18-25,9,239.82,7,39,0.358,0
SYN_103614,rural,26-40,7,263.04,8,10,0.308,0
SYN_103356,urban,41+,11,283.83,15,18,0.395,1
SYN_110592,rural,26-40,8,185.18,6,11,0.417,3
SYN_117667,urban,26-40,15,138.4,48,4,0.323,0
SYN_108522,rural,26-40,11,72.02,60,19,0.29,0
SYN_123938,rural,18-25,6,387.89,17,37,0.249,2
SYN_110904,urban,41+,14,226.24,13,26,0.582,4
SYN_111757,urban,26-40,13,238.13,22,3,0.221,1
SYN_112083,rural,18-25,8,756.86,34,3,0.51,1
SYN_112727,rural,18-25,5,546.09,12,22,0.282,1
SYN_113699,urban,18-25,15,129.99,29,7,0.117,1
SYN_109253,rural,41+,8,70.83,17,38,0.349,2
SYN_102450,rural,26-40,15,633.84,3,23,0.646,2
SYN_106518,urban,18-25,8,102.2,49,14,0.321,1
SYN_122524,rural,26-40,5,60.42,20,30,0.431,1
SYN_114119,urban,26-40,10,767.1,1,23,0.394,2
SYN_106386,urban,26-40,16,179.72,2,3,0.536,2
SYN_113581,urban,18-25,20,445.97,20,3,0.569,2
SYN_113353,rural,26-40,7,256.72,12,21,0.754,0
SYN_109477,rural,41+,3,1086.01,28,33,0.453,3
SYN_110629,rural,26-40,9,143.83,6,12,0.384,2
SYN_125369,rural,26-40,15,68.02,18,10,0.849,3
SYN_123024,urban,26-40,12,1140.5,9,30,0.308,0
SYN_129789,urban,26-40,14,825.89,60,31,0.503,1
SYN_114847,urban,26-40,18,2904.6,42,32,0.427,0
SYN_103197,urban,41+,14,421.31,8,17,0.02,1
SYN_113903,urban,18-25,15,283.54,3,15,0.323,1
SYN_105211,urban,26-40,16,795.0,7,31,0.739,1
SYN_117773,urban,18-25,8,532.1,25,5,0.605,1
SYN_109212,urban,41+,14,467.18,3,40,0.264,0
SYN_115097,rural,18-25,12,1056.01,3,39,0.769,1
SYN_115162,rural,26-40,10,97.25,5,23,0.563,0
SYN_100411,rural,26-40,12,594.64,14,22,0.826,4
SYN_100566,rural,41+,6,185.71,55,25,0.56,2
SYN_107300,urban,26-40,15,1731.97,4,39,0.599,2
SYN_109844,urban,18-25,10,143.75,24,25,0.316,1
SYN_129737,urban,41+,13,487.45,11,45,0.385,1
SYN_104938,rural,26-40,10,79.07,2,24,0.719,2
SYN_129827,rural,18-25,12,691.9,4,37,0.781,1
SYN_126140,urban,18-25,12,660.44,31,7,0.329,0
SYN_111174,urban,18-25,9,229.59,13,45,0.8,0
SYN_122070,urban,41+,19,126.08,7,27,0.355,2
SYN_115484,urban,18-25,15,297.19,1,33,0.798,0
SYN_104266,urban,26-40,16,2667.41,21,46,0.707,3
SYN_118941,urban,18-25,17,295.89,3,26,0.091,6
SYN_125435,rural,26-40,11,629.14,15,16,0.414,3
SYN_106171,urban,41+,13,84.09,22,7,0.36,0
SYN_104057,rural,26-40,12,449.3,4,16,0.533,1
SYN_125447,urban,26-40,21,818.71,10,1,0.506,3
SYN_112520,urban,41+,11,500.55,2,26,0.334,3
SYN_123132,rural,41+,8,122.87,13,37,0.787,1
SYN_128889,urban,41+,11,347.07,11,17,0.748,2
SYN_114321,rural,26-40,4,224.66,20,38,0.561,1
SYN_115123,rural,18-25,12,242.11,28,33,0.509,0
SYN_107627,rural,41+,10,410.82,18,19,0.274,0
SYN_103419,rural,26-40,4,1340.91,12,16,0.654,1
SYN_123306,urban,18-25,10,419.29,7,35,0.262,2
SYN_113739,rural,18-25,11,1635.79,10,11,0.601,1
SYN_102660,rural,26-40,7,206.5,1,31,0.612,1
SYN_121333,rural,26-40,7,294.99,16,36,0.385,1
SYN_101110,urban,41+,16,263.77,13,33,0.288,1
SYN_107228,urban,41+,17,1173.53,15,12,0.708,2
SYN_125936,urban,18-25,8,174.67,35,18,0.484,0
SYN_124932,urban,26-40,11,2065.82,6,20,0.585,1
SYN_107424,rural,26-40,5,267.08,14,19,0.555,0
SYN_108071,urban,41+,6,425.65,28,17,0.333,0
SYN_117816,rural,18-25,7,153.37,24,14,0.747,1
SYN_114809,urban,26-40,8,199.28,1,47,0.497,3
SYN_124465,urban,26-40,13,210.58,6,17,0.142,0
SYN_125853,rural,26-40,12,297.85,10,29,0.517,0
SYN_122171,rural,18-25,11,261.45,4,13,0.315,1
SYN_127847,rural,41+,8,805.36,4,38,0.435,2
SYN_101931,rural,26-40,10,85.82,6,16,0.776,0
SYN_100934,rural,41+,14,556.02,9,26,0.861,1
SYN_108209,rural,41+,7,204.57,8,33,0.461,1
SYN_103418,urban,18-25,13,333.92,11,13,0.635,1
SYN_121692,rural,18-25,8,241.43,16,38,0.355,1
SYN_127691,rural,26-40,7,123.99,11,47,0.771,0
SYN_103188,urban,18-25,16,90.7,54,39,0.312,1
SYN_129769,urban,18-25,16,1403.94,41,10,0.19,3
SYN_105021,rural,26-40,10,569.24,7,24,0.577,1
SYN_118031,rural,26-40,12,522.04,20,19,0.518,0
SYN_108165,rural,26-40,12,500.35,13,47,0.452,1
SYN_122558,urban,41+,14,52.57,12,13,0.416,0
SYN_115647,rural,41+,5,370.15,6,1,0.259,0
SYN_102606,rural,26-40,5,390.18,16,35,0.398,2
SYN_119761,urban,18-25,15,63.65,9,10,0.374,2
SYN_101420,rural,18-25,7,834.2,47,14,0.413,1
SYN_101934,rural,26-40,6,944.47,32,15,0.504,0
SYN_126432,urban,26-40,6,1410.3,6,1,0.115,1
SYN_118938,urban,41+,21,262.53,21,44,0.142,0
SYN_100945,urban,18-25,16,711.17,9,35,0.458,0
SYN_117024,urban,26-40,13,595.98,30,11,0.427,3
SYN_117680,rural,18-25,9,441.25,24,40,0.261,1
SYN_124396,urban,26-40,12,376.55,26,2,0.248,0
SYN_123535,rural,26-40,10,206.18,11,27,0.816,2
SYN_117783,rural,18-25,14,104.8,2,32,0.5,3
SYN_110259,rural,26-40,11,1906.69,2,1,0.292,2
SYN_118309,urban,18-25,12,996.29,18,11,0.08,1
SYN_108887,urban,18-25,13,281.72,2,8,0.154,1
SYN_122713,urban,41+,14,626.06,3,41,0.586,2
SYN_115718,urban,18-25,20,312.23,16,40,0.38,0
SYN_115301,urban,18-25,13,360.94,3,11,0.274,1
SYN_110070,urban,26-40,18,81.09,7,15,0.326,2
SYN_124331,rural,26-40,12,229.28,18,9,0.531,0
SYN_109032,urban,18-25,6,57.44,5,3,0.385,2
SYN_112348,rural,41+,10,641.51,28,46,0.355,0
SYN_100783,rural,41+,4,253.43,9,6,0.604,1
SYN_101791,urban,26-40,9,214.76,6,31,0.286,0
SYN_113603,urban,26-40,16,110.84,5,34,0.044,0
SYN_121335,rural,26-40,13,647.7,1,32,0.616,3
SYN_127659,rural,41+,10,731.36,1,17,0.539,1
SYN_109289,urban,41+,14,574.76,11,34,0.294,1
SYN_109509,urban,26-40,7,914.29,27,12,0.546,2
SYN_120396,urban,18-25,11,984.74,13,14,0.111,3
SYN_120149,rural,26-40,5,50.59,4,40,0.692,0
SYN_124534,rural,26-40,6,1334.67,9,37,0.665,0
SYN_124180,rural,18-25,10,1639.43,19,4,0.485,2
SYN_116620,rural,26-40,6,185.11,26,4,0.298,0
SYN_111990,rural,18-25,8,904.06,6,32,0.433,1
SYN_100371,urban,18-25,14,419.56,53,20,0.366,2
SYN_109009,urban,26-40,14,221.23,6,45,0.269,2
SYN_112946,urban,26-40,9,1592.83,3,26,0.313,0
SYN_108056,urban,26-40,13,155.28,4,16,0.51,1
SYN_107086,rural,26-40,7,1953.58,5,26,0.359,1
SYN_118816,rural,26-40,16,319.56,10,15,0.631,0
SYN_125540,urban,18-25,10,1220.29,5,33,0.67,2
SYN_111166,urban,26-40,14,1718.7,7,31,0.581,2
SYN_110826,rural,18-25,8,1242.79,46,10,0.347,2
SYN_105067,urban,26-40,16,145.09,3,10,0.441,2
SYN_123017,rural,26-40,8,226.3,4,7,0.34,1
SYN_123467,rural,26-40,12,1233.48,5,38,0.625,2
SYN_105257,urban,26-40,12,490.61,60,44,0.286,2
SYN_112834,urban,26-40,15,604.59,27,17,0.581,1
SYN_119164,rural,26-40,6,593.22,7,12,0.625,1
SYN_129911,urban,26-40,11,115.63,11,2,0.536,0
SYN_109161,rural,41+,5,104.82,33,40,0.374,2
SYN_114522,urban,41+,12,1048.28,45,10,0.173,1
SYN_107340,urban,26-40,11,438.27,28,22,0.192,1
SYN_104189,urban,26-40,15,522.64,3,39,0.428,1
SYN_103862,rural,18-25,10,629.84,60,41,0.195,2
SYN_129406,rural,18-25,7,297.62,8,3,0.621,2
SYN_110756,rural,18-25,9,577.84,5,32,0.486,0
SYN_102714,rural,26-40,14,142.26,5,43,0.574,0
SYN_127109,urban,26-40,11,352.53,1,41,0.395,0
SYN_126332,urban,26-40,17,112.32,7,8,0.451,0
SYN_106970,rural,26-40,7,230.02,11,25,0.662,0
SYN_103431,urban,18-25,18,232.25,31,13,0.717,0
SYN_100364,rural,41+,9,728.04,36,46,0.392,2
SYN_125200,urban,18-25,10,220.41,5,20,0.655,2
SYN_117192,urban,26-40,5,341.64,3,27,0.442,1
SYN_106587,rural,18-25,9,53.76,5,47,0.504,2
SYN_111391,urban,26-40,14,304.48,13,35,0.476,3
SYN_127118,rural,26-40,4,196.37,8,9,0.585,0
SYN_103659,urban,26-40,14,750.69,47,26,0.519,0
SYN_127614,rural,18-25,11,504.17,3,42,0.345,0
SYN_120824,urban,41+,10,724.0,15,20,0.099,1
SYN_109072,rural,26-40,12,164.08,23,7,0.786,1
SYN_119860,urban,41+,12,517.86,57,14,0.686,2
SYN_126424,urban,26-40,18,528.66,8,44,0.466,2
SYN_127283,urban,41+,15,54.04,14,27,0.2,0
SYN_126840,urban,26-40,12,247.61,6,18,0.103,2
SYN_115487,rural,18-25,4,630.25,5,12,0.428,0
SYN_114103,rural,26-40,21,69.85,42,9,0.24,1
SYN_120945,urban,41+,8,676.86,9,18,0.245,2
SYN_123674,urban,26-40,9,276.32,60,37,0.302,1
SYN_104853,urban,18-25,16,153.68,45,19,0.357,0
SYN_125653,urban,18-25,17,168.73,1,39,0.502,0
SYN_103595,rural,41+,6,122.21,60,30,0.59,1
SYN_117025,urban,18-25,20,471.07,6,36,0.349,1
SYN_125640,urban,41+,17,449.33,7,30,0.812,0
SYN_126870,urban,41+,16,54.03,8,9,0.292,1
SYN_129682,urban,18-25,12,1039.26,6,21,0.278,0
SYN_110991,rural,26-40,8,229.68,6,44,0.615,2
SYN_126749,urban,18-25,12,112.09,11,35,0.443,0
SYN_119399,urban,41+,10,1410.65,4,3,0.064,0
SYN_126595,urban,41+,12,716.44,60,21,0.512,0
SYN_108022,rural,26-40,7,587.79,29,5,0.362,0
SYN_119262,rural,18-25,9,908.05,60,36,0.725,2
SYN_129027,urban,41+,13,119.11,21,44,0.327,1
SYN_118025,rural,41+,11,459.49,3,2,0.246,1
SYN_123294,urban,18-25,7,116.81,24,3,0.11,1
SYN_122550,rural,18-25,10,99.15,29,42,0.618,0
SYN_129499,urban,26-40,16,176.96,1,6,0.057,0
SYN_103642,rural,41+,14,463.12,32,7,0.399,1
SYN_116864,rural,41+,10,163.63,1,24,0.424,3
SYN_118781,rural,41+,7,65.55,39,43,0.316,2
SYN_116429,urban,18-25,14,166.01,17,8,0.672,1
SYN_121498,rural,18-25,4,420.12,44,31,0.608,1
SYN_122953,rural,26-40,10,862.42,5,32,0.568,1
SYN_102489,rural,18-25,8,197.12,16,21,0.903,3
SYN_105511,urban,18-25,13,413.99,1,46,0.412,1
SYN_122280,rural,41+,8,218.53,7,25,0.365,4
SYN_129249,urban,41+,23,339.78,30,29,0.504,2
SYN_106973,rural,41+,6,213.47,43,35,0.217,0
SYN_108169,urban,18-25,12,171.56,35,29,0.33,2
SYN_100458,rural,18-25,15,415.38,1,1,0.399,1
SYN_113930,rural,26-40,6,341.58,5,43,0.562,1
SYN_112172,urban,26-40,14,789.8,31,7,0.874,0
SYN_103257,urban,18-25,9,233.22,23,18,0.379,0
SYN_128021,urban,18-25,12,1145.13,17,6,0.392,0
SYN_107817,rural,18-25,8,2397.73,32,42,0.498,0
SYN_116850,rural,18-25,7,112.37,4,7,1.0,0
SYN_126853,rural,26-40,6,408.28,15,14,0.593,1
SYN_118434,rural,18-25,12,573.99,37,10,0.37,1
SYN_113268,urban,26-40,18,418.98,17,32,0.339,1
SYN_111155,urban,18-25,17,639.71,17,8,0.144,2
SYN_113590,urban,26-40,21,203.25,29,4,0.016,3
SYN_122051,urban,26-40,16,142.8,3,13,0.852,2
SYN_107351,urban,41+,12,116.28,7,30,0.441,1
SYN_112354,urban,18-25,8,112.46,23,2,0.46,0
SYN_126099,urban,26-40,8,1653.25,2,31,0.265,0
SYN_127704,urban,26-40,17,73.98,12,4,0.173,4
SYN_115716,urban,41+,15,2208.11,1,28,0.43,1
SYN_105086,rural,26-40,6,86.62,32,34,0.202,1
SYN_104007,urban,26-40,19,122.49,17,17,0.576,1
SYN_103550,rural,26-40,11,272.85,3,32,0.578,1
SYN_115782,urban,26-40,20,410.78,8,22,0.499,1
SYN_116985,urban,26-40,15,1585.29,60,30,0.628,2
SYN_117614,urban,18-25,13,422.05,22,19,0.261,0
SYN_112327,urban,18-25,12,360.02,5,23,0.301,1
SYN_106352,rural,26-40,9,630.11,8,32,0.461,1
SYN_103165,rural,18-25,8,929.74,19,30,0.586,2
SYN_126242,rural,18-25,7,2620.28,60,8,0.407,2
SYN_125928,urban,18-25,16,329.24,36,22,0.468,1
SYN_100471,urban,41+,9,213.61,19,9,0.18,2
SYN_105640,urban,41+,9,1382.47,6,28,0.403,0
SYN_125689,rural,41+,8,471.59,38,15,0.518,5
SYN_104353,urban,26-40,20,207.14,34,34,0.49,3
SYN_124998,urban,41+,8,354.66,27,46,0.368,0
SYN_106150,rural,18-25,9,645.52,26,37,0.203,4
SYN_123167,rural,41+,12,702.6,5,29,0.854,0
SYN_102047,urban,18-25,14,313.49,22,44,0.186,4
SYN_103704,urban,26-40,18,1277.52,29,21,0.428,0
SYN_120463,urban,26-40,10,565.71,25,42,0.253,0
SYN_121102,urban,18-25,12,284.1,13,33,0.623,2
SYN_124330,urban,41+,14,330.55,14,11,0.647,1
SYN_100331,urban,18-25,16,252.66,15,35,0.642,2
SYN_100333,rural,41+,6,116.81,17,30,0.317,0
SYN_105985,urban,26-40,12,302.41,16,40,0.52,2
SYN_114702,urban,18-25,18,191.29,25,26,0.415,2
SYN_129794,urban,18-25,15,619.64,60,16,0.58,1
SYN_123719,urban,26-40,13,332.76,20,18,0.299,1
SYN_114470,urban,18-25,19,256.07,8,30,0.345,2
SYN_110928,rural,41+,9,190.02,2,42,0.338,1
SYN_127953,rural,26-40,7,148.4,36,38,0.825,1
SYN_102771,rural,18-25,8,70.6,12,1,0.791,3
SYN_103102,rural,18-25,9,214.64,51,18,0.638,2
SYN_111435,urban,26-40,13,669.04,25,35,0.496,2
SYN_110808,urban,41+,9,408.74,9,5,0.313,0
SYN_102010,urban,26-40,11,1003.15,17,30,0.16,1
SYN_119571,rural,41+,5,197.4,32,37,0.652,1
SYN_124869,urban,26-40,16,194.74,1,43,0.838,0
SYN_108438,rural,26-40,8,210.57,9,14,0.689,2
SYN_124464,urban,26-40,11,2796.33,14,28,0.033,0
SYN_114177,rural,41+,10,562.44,20,2,0.88,0
SYN_120750,urban,26-40,12,95.37,17,36,0.688,2
SYN_121622,urban,41+,15,314.14,5,13,0.231,1
SYN_101923,urban,26-40,13,374.76,44,7,0.518,1
SYN_103007,urban,18-25,14,85.57,6,23,0.31,3
SYN_121075,urban,41+,15,140.91,24,5,0.518,2
SYN_103692,urban,41+,12,111.56,2,15,0.47,1
SYN_105545,urban,26-40,15,621.0,1,25,0.136,1
SYN_116269,rural,18-25,5,202.77,6,20,0.932,1
SYN_105258,urban,26-40,16,91.51,3,27,0.215,2
SYN_102272,rural,41+,7,424.76,4,19,0.718,2
SYN_110145,rural,18-25,12,217.09,30,11,0.87,2
SYN_126660,urban,26-40,15,320.31,60,14,0.273,1
SYN_107163,rural,26-40,6,174.48,3,16,0.645,0
SYN_125893,rural,26-40,8,260.56,2,31,0.769,1
SYN_112791,urban,41+,15,102.77,20,21,0.533,2
SYN_129128,rural,26-40,8,528.56,6,13,0.741,1
SYN_102613,rural,18-25,8,165.88,9,32,0.493,3
SYN_111663,urban,26-40,18,122.58,42,3,0.255,1
SYN_119817,urban,26-40,9,142.03,39,29,0.623,0
SYN_112739,rural,18-25,10,956.18,3,43,0.936,2
SYN_109500,rural,26-40,8,58.2,9,3,0.71,2
SYN_101612,rural,26-40,17,1167.75,5,17,0.824,1
SYN_115081,urban,26-40,18,481.37,1,25,0.629,1
SYN_119165,urban,18-25,9,479.45,6,18,0.459,1
SYN_125385,urban,41+,20,182.91,33,25,0.515,1
SYN_104823,rural,26-40,9,80.11,3,41,0.844,3
SYN_106477,urban,18-25,12,352.94,58,47,0.684,0
SYN_126576,urban,26-40,12,149.05,5,28,0.089,0
SYN_120864,urban,18-25,16,946.36,18,19,0.279,1
SYN_111092,rural,26-40,8,71.14,20,15,0.705,2
SYN_129342,urban,26-40,14,871.18,60,32,0.222,5
SYN_124104,rural,18-25,8,136.93,8,36,0.548,2
SYN_129589,urban,41+,9,197.36,6,10,0.374,0
SYN_102216,urban,41+,16,218.05,27,19,0.359,1
SYN_126597,urban,41+,11,83.2,8,37,0.387,2
SYN_121470,urban,26-40,12,971.97,1,16,0.04,1
SYN_113734,rural,41+,11,546.73,4,25,0.453,0
SYN_112342,urban,18-25,14,96.15,15,30,0.345,4
SYN_110491,urban,26-40,16,56.76,4,22,0.403,2
SYN_109985,rural,41+,10,256.86,11,40,0.498,2
SYN_100707,rural,26-40,5,63.92,5,26,0.23,0
SYN_126959,rural,26-40,5,83.56,22,13,0.897,1
SYN_126171,rural,18-25,7,1071.19,2,16,0.278,0
SYN_111316,urban,26-40,20,271.52,13,3,0.483,1
SYN_106811,urban,26-40,17,225.53,23,42,0.312,1
SYN_111578,rural,18-25,13,144.73,9,40,0.383,1
SYN_112803,urban,18-25,11,2226.35,23,31,0.496,0
SYN_116462,urban,26-40,14,61.32,2,45,0.855,3
SYN_100238,urban,26-40,10,74.9,10,24,0.354,1
SYN_121735,rural,26-40,7,216.33,13,38,0.397,2
SYN_121952,rural,26-40,6,111.18,41,37,0.564,0
SYN_122859,urban,26-40,11,348.8,1,12,0.481,0
SYN_113664,rural,18-25,7,159.37,15,43,0.331,0
SYN_115427,rural,18-25,7,157.92,27,11,0.499,1
SYN_100793,urban,18-25,9,170.3,7,20,0.554,1
SYN_119001,rural,18-25,11,134.1,8,35,0.405,2
SYN_118460,urban,26-40,9,71.19,50,17,0.635,2
SYN_113215,urban,26-40,13,319.18,20,43,0.573,1
SYN_105193,rural,26-40,15,185.48,4,33,0.794,0
SYN_103774,rural,41+,7,166.07,4,11,0.331,2
SYN_100467,rural,41+,5,102.95,10,38,0.751,0
SYN_114312,rural,26-40,10,285.72,6,19,0.918,1
SYN_102440,rural,41+,10,459.69,32,38,0.65,2
SYN_114689,rural,26-40,11,405.44,32,33,0.45,0
SYN_103930,urban,41+,11,65.27,1,47,0.431,1
SYN_104284,rural,26-40,12,140.49,12,12,0.292,0
SYN_105631,urban,41+,8,183.15,41,6,0.15,2
SYN_104865,urban,18-25,10,169.47,20,23,0.334,3
SYN_105016,urban,26-40,16,149.23,15,46,0.585,1
SYN_100124,urban,41+,17,215.05,17,23,0.338,1
SYN_112782,urban,26-40,13,774.76,4,8,0.76,2
SYN_103123,urban,18-25,14,234.17,15,47,0.656,0
SYN_128568,urban,26-40,20,1274.7,6,13,0.465,2
SYN_103986,urban,41+,12,468.2,17,2,0.251,2
SYN_105606,urban,26-40,14,1527.73,2,15,0.332,2
SYN_129885,rural,18-25,8,694.81,2,12,0.302,1
SYN_110511,rural,18-25,8,943.17,6,34,0.547,0
SYN_106493,urban,26-40,17,516.54,10,23,0.591,0
SYN_103628,rural,26-40,8,98.02,41,31,0.341,0
SYN_103056,rural,41+,15,345.63,6,42,0.781,2
SYN_119658,urban,41+,8,415.32,60,17,0.563,2
SYN_103030,rural,18-25,6,174.59,2,28,0.275,2
SYN_126514,rural,26-40,7,91.85,1,41,0.437,0
SYN_125807,urban,18-25,11,197.63,8,12,0.279,0
SYN_107220,urban,26-40,11,678.18,14,22,0.482,0
SYN_118692,rural,41+,7,582.36,1,5,0.475,1
SYN_111265,urban,26-40,18,159.53,10,1,0.348,1
SYN_104240,rural,41+,16,583.34,14,46,0.763,1
SYN_120047,urban,26-40,14,1006.07,2,34,0.356,1
SYN_109606,urban,26-40,15,149.79,1,17,0.662,1
SYN_128755,rural,26-40,11,151.35,3,13,0.541,1
SYN_110114,urban,26-40,11,110.8,9,19,0.271,3
SYN_106814,urban,18-25,18,693.06,60,18,0.315,1
SYN_124842,urban,26-40,16,87.78,25,11,0.58,2
SYN_115424,urban,18-25,13,170.07,13,45,0.45,3
SYN_104983,urban,18-25,17,143.67,6,13,0.338,1
SYN_129070,rural,41+,7,1175.64,15,23,0.87,3
SYN_102655,rural,18-25,9,1037.7,5,8,0.864,1
SYN_118392,urban,26-40,20,168.93,8,19,0.258,3
SYN_100689,urban,41+,18,512.36,15,17,0.253,2
SYN_121995,urban,41+,14,341.44,42,1,0.376,2
SYN_102013,urban,18-25,18,174.91,60,5,0.769,1
SYN_122353,rural,41+,8,370.85,2,29,0.423,4
SYN_118000,urban,41+,10,504.27,6,2,0.292,3
SYN_126327,urban,26-40,10,232.05,1,15,0.516,1
SYN_119337,rural,26-40,8,101.15,9,26,0.468,0
SYN_127056,urban,41+,13,231.61,50,46,0.523,2
SYN_105055,urban,26-40,13,647.3,1,1,0.245,1
SYN_118830,rural,41+,12,365.8,1,35,0.458,1
SYN_129701,urban,18-25,11,68.82,15,13,0.127,1
SYN_104602,rural,18-25,7,396.92,25,3,0.379,0
SYN_126230,urban,41+,19,153.04,1,40,0.5,2
SYN_122512,urban,18-25,6,88.84,7,2,0.326,3
SYN_102311,urban,41+,8,72.43,4,37,0.488,1
SYN_128192,rural,18-25,13,402.63,59,11,0.89,2
SYN_100302,urban,26-40,16,567.36,37,24,0.233,2
SYN_111810,rural,18-25,5,330.91,4,8,0.6,1
SYN_118210,urban,18-25,16,188.25,2,34,0.524,0
SYN_111339,urban,41+,12,399.68,12,39,0.773,2
SYN_126323,urban,18-25,13,432.62,6,27,0.36,0
SYN_125886,urban,26-40,20,573.61,5,10,0.506,1
SYN_118895,urban,18-25,16,298.28,10,5,0.256,0
SYN_129749,rural,41+,13,155.6,6,10,0.714,2
SYN_118355,urban,26-40,11,95.43,10,47,0.605,1
SYN_128767,urban,41+,19,279.13,9,30,0.613,1
SYN_121824,urban,41+,16,97.92,6,45,0.226,1
SYN_109028,urban,41+,17,175.71,20,46,0.897,2
SYN_101968,urban,26-40,20,105.71,15,28,0.433,0
SYN_124292,urban,26-40,16,166.19,28,46,0.721,2
SYN_110987,rural,41+,9,1216.95,4,13,0.295,1
SYN_104366,urban,41+,11,920.69,16,29,0.389,0
SYN_101792,urban,18-25,15,83.97,33,17,0.268,0
SYN_101412,rural,26-40,3,1280.0,22,11,0.587,1
SYN_118187,urban,41+,16,267.8,60,38,0.399,1
SYN_114127,urban,26-40,16,744.53,6,1,0.219,1
SYN_104633,urban,41+,17,186.63,19,11,0.087,2
SYN_110648,urban,26-40,14,881.05,23,30,0.276,1
SYN_114653,rural,26-40,6,283.38,41,31,0.709,0
SYN_128737,urban,26-40,17,921.71,39,23,0.143,2
SYN_107296,rural,26-40,10,1002.2,19,45,0.666,1
SYN_112985,rural,26-40,9,235.8,8,26,0.66,1
SYN_109356,rural,26-40,5,269.97,14,44,0.909,1
SYN_118975,urban,18-25,17,297.01,22,17,0.539,1
SYN_117608,rural,26-40,12,66.3,6,11,0.485,2
SYN_114728,rural,41+,11,103.67,4,16,0.936,2
SYN_114846,urban,18-25,8,291.68,9,35,0.218,1
SYN_115118,urban,41+,12,1578.09,3,5,0.427,0
SYN_122145,urban,18-25,12,514.73,2,6,0.734,1
SYN_106325,urban,18-25,10,413.82,12,1,0.21,1
SYN_118542,rural,26-40,14,174.96,51,39,0.481,0
SYN_111411,urban,18-25,14,682.91,14,32,0.368,1
SYN_102810,urban,18-25,12,1307.76,1,42,0.384,0
SYN_102808,urban,18-25,12,692.58,2,33,0.366,3
SYN_105810,urban,18-25,14,75.15,2,17,0.753,3
SYN_105442,rural,41+,9,283.97,25,39,0.684,2
SYN_102068,urban,18-25,16,663.99,31,38,0.395,3
SYN_117848,urban,26-40,20,433.97,3,5,0.605,0
SYN_109346,urban,26-40,10,746.95,17,5,0.507,2
SYN_113639,urban,26-40,13,628.55,3,28,0.361,0
SYN_122833,urban,18-25,18,579.51,24,12,0.057,1
SYN_103113,rural,26-40,13,105.64,25,7,0.502,1
SYN_115956,rural,26-40,7,149.65,8,4,0.647,2
SYN_101567,urban,26-40,13,496.95,42,34,0.299,1
SYN_111423,urban,41+,15,413.63,11,31,0.466,1
SYN_116310,rural,41+,9,479.82,8,41,0.947,2
SYN_114463,urban,26-40,10,611.28,25,25,0.286,1
SYN_118851,urban,41+,16,255.38,7,33,0.727,2
SYN_114853,urban,26-40,14,746.34,23,5,0.261,2
SYN_107022,urban,18-25,16,236.75,13,46,0.517,2
SYN_103746,urban,41+,9,767.16,60,10,0.328,1
SYN_108668,urban,26-40,16,192.53,1,7,0.337,0
SYN_102067,rural,26-40,13,370.39,6,3,0.497,0
SYN_128070,rural,18-25,3,401.42,21,34,0.625,0
SYN_119140,rural,26-40,7,207.45,18,27,0.663,1
SYN_106288,urban,26-40,21,63.48,15,21,0.222,0
SYN_117561,rural,41+,7,1712.63,11,11,0.64,2
SYN_127920,urban,41+,12,272.48,35,3,0.02,2
SYN_122487,urban,26-40,21,332.83,19,18,0.235,2
SYN_125801,rural,18-25,12,1393.3,9,40,0.539,0
SYN_111146,urban,18-25,18,639.17,16,18,0.402,3
SYN_126862,rural,41+,13,519.88,12,9,0.467,3
SYN_110536,rural,26-40,10,487.28,30,28,0.176,2
SYN_121100,urban,26-40,18,199.49,12,24,0.467,3
SYN_100017,urban,18-25,10,396.42,2,27,0.362,3
SYN_102792,rural,26-40,11,283.98,4,6,0.61,0
SYN_119567,urban,41+,14,213.55,18,16,0.557,0
SYN_110965,urban,26-40,11,337.72,16,33,0.122,1
SYN_102895,urban,18-25,20,728.15,28,46,0.474,0
SYN_128517,rural,18-25,11,177.53,16,29,0.616,2
SYN_105149,urban,26-40,12,216.05,12,5,0.435,1
SYN_102958,urban,26-40,18,803.92,3,4,0.447,0
SYN_121461,rural,41+,6,689.85,11,4,0.457,1
SYN_103112,rural,26-40,6,935.49,7,34,0.251,4
SYN_112095,urban,18-25,16,760.22,7,30,0.207,1
SYN_114995,rural,18-25,6,206.85,35,20,0.422,1
SYN_122080,rural,26-40,6,210.96,22,5,0.562,1
SYN_117045,rural,18-25,7,165.07,42,32,0.449,2
SYN_124313,urban,26-40,17,151.15,28,17,0.184,1
SYN_109665,rural,18-25,11,266.21,9,5,0.773,0
SYN_113173,urban,18-25,13,368.48,23,29,0.486,2
SYN_110849,urban,26-40,16,81.39,10,40,0.814,2
SYN_104610,rural,41+,8,855.78,12,17,0.241,1
SYN_115359,urban,26-40,17,457.21,16,4,0.519,2
SYN_109242,urban,26-40,18,572.57,9,40,0.344,2
SYN_108279,urban,18-25,15,475.89,21,15,0.269,1
SYN_111371,urban,41+,11,208.26,7,5,0.224,1
SYN_106450,urban,26-40,8,363.84,11,32,0.405,0
SYN_124840,urban,26-40,19,711.2,3,1,0.558,1
SYN_111585,rural,26-40,10,429.96,14,22,0.648,2
SYN_109530,urban,26-40,17,52.43,12,24,0.739,1
SYN_107048,urban,18-25,19,344.54,14,8,0.698,0
SYN_121423,rural,26-40,10,947.99,51,32,0.516,0
SYN_120333,urban,18-25,20,338.15,6,16,0.096,2
SYN_114424,urban,18-25,9,102.13,20,19,0.339,1
SYN_108938,urban,18-25,8,108.46,3,4,0.212,1
SYN_103353,urban,26-40,21,168.99,14,14,0.677,1
SYN_125166,rural,18-25,8,73.4,33,46,0.351,1
SYN_123071,rural,41+,9,123.98,4,33,0.294,1
SYN_105429,rural,41+,7,57.94,26,17,0.386,1
SYN_105610,urban,18-25,16,74.81,19,28,0.4,0
SYN_100866,rural,26-40,5,168.3,15,14,0.283,0
SYN_103706,urban,26-40,10,418.37,10,4,0.569,0
SYN_108954,urban,26-40,13,145.6,46,20,0.363,0
SYN_120826,rural,26-40,11,114.04,30,11,0.397,3
SYN_114757,rural,18-25,5,497.13,3,41,0.525,1
SYN_102270,rural,41+,14,576.52,19,34,0.912,0
SYN_104270,rural,26-40,13,52.25,1,8,0.427,1
SYN_117316,rural,18-25,8,2041.99,5,12,0.936,1
SYN_100075,urban,41+,15,156.59,27,9,0.428,2
SYN_100014,urban,26-40,19,755.81,12,37,0.253,1
SYN_107365,urban,26-40,15,436.48,3,19,0.462,2
SYN_121668,urban,41+,21,3484.31,36,46,0.485,0
SYN_116499,urban,18-25,12,539.71,31,24,0.113,2
SYN_101060,rural,26-40,10,989.89,3,17,0.444,1
SYN_125343,urban,18-25,16,88.69,12,16,0.09,1
SYN_114613,urban,18-25,19,1296.78,53,15,0.103,0
SYN_128900,rural,26-40,11,221.12,3,25,0.499,3
SYN_107675,urban,26-40,13,74.47,3,26,0.433,4
SYN_101876,urban,41+,9,288.34,3,10,0.637,1
SYN_115278,rural,26-40,0,96.83,20,22,0.511,3
SYN_101492,rural,41+,8,249.51,60,41,0.557,1
SYN_117128,urban,26-40,18,1280.7,38,27,0.729,1
SYN_104813,rural,26-40,4,608.68,60,22,0.478,1
SYN_102662,urban,41+,23,178.21,9,21,0.652,0
SYN_129711,rural,26-40,15,677.74,15,31,0.846,0
SYN_119066,urban,26-40,19,1503.02,4,24,0.774,0
SYN_108249,urban,18-25,17,720.06,16,22,0.414,1
SYN_123248,urban,18-25,12,263.86,40,32,0.293,1
SYN_112176,urban,26-40,17,683.61,6,47,0.738,3
SYN_103044,rural,18-25,6,377.1,3,16,0.483,0
SYN_108416,rural,18-25,11,577.89,14,9,0.801,2
SYN_115428,urban,18-25,22,754.04,26,31,0.015,0
SYN_102186,rural,26-40,12,119.72,25,9,0.502,1
SYN_104356,rural,18-25,8,426.66,3,29,0.295,1
SYN_103720,rural,26-40,8,1623.74,28,25,0.444,1
SYN_116415,rural,26-40,8,481.55,11,19,0.81,1
SYN_115568,urban,18-25,18,63.89,23,32,0.594,1
SYN_106112,urban,26-40,16,1284.83,14,1,0.394,1
SYN_104798,rural,18-25,12,167.14,8,31,0.524,2
SYN_125401,rural,26-40,13,315.58,7,37,0.291,1
SYN_124546,urban,18-25,15,753.9,23,6,0.541,0
SYN_125125,urban,41+,16,230.6,18,25,0.086,1
SYN_128063,urban,18-25,19,395.45,10,37,0.314,3
SYN_116288,urban,26-40,12,114.8,2,32,0.649,1
SYN_103845,urban,26-40,14,56.53,2,13,0.172,2
SYN_100152,urban,18-25,12,227.07,12,11,0.517,1
SYN_123020,rural,26-40,15,264.33,4,35,0.617,2
SYN_115461,urban,41+,18,830.32,6,24,0.277,0
SYN_128630,urban,26-40,17,337.69,21,31,0.053,1
SYN_106208,urban,26-40,17,338.43,29,30,0.294,0
SYN_124043,urban,26-40,12,1170.15,21,1,0.559,3
SYN_117611,urban,41+,18,904.98,57,19,0.143,0
SYN_127491,urban,18-25,17,854.71,42,4,0.699,2
SYN_124138,urban,26-40,21,59.5,33,7,0.192,1
SYN_120184,urban,18-25,16,85.23,36,39,0.352,1
SYN_108296,rural,26-40,10,102.31,60,12,0.879,3
SYN_111149,rural,18-25,14,490.11,34,34,0.192,1
SYN_112304,rural,26-40,8,134.49,28,33,0.394,1
SYN_128045,rural,18-25,13,644.19,4,22,0.53,0
SYN_129989,rural,41+,10,309.07,18,25,0.747,0
SYN_122402,rural,26-40,9,405.0,38,42,0.449,0
SYN_125030,rural,26-40,10,675.85,45,14,0.205,1
SYN_115231,rural,41+,6,191.62,6,18,0.284,4
SYN_113477,rural,26-40,9,310.79,18,37,0.624,4
SYN_104665,urban,26-40,19,104.15,3,22,0.279,0
SYN_106271,urban,26-40,17,779.81,5,43,0.422,0
SYN_100769,rural,18-25,12,256.06,48,36,0.452,2
SYN_110074,urban,18-25,12,293.11,4,1,0.593,0
SYN_103656,urban,18-25,10,367.36,3,35,0.189,1
SYN_100053,rural,41+,15,105.77,6,7,0.454,2
SYN_127418,urban,18-25,9,243.23,12,11,0.148,0
SYN_123597,urban,18-25,12,69.16,60,43,0.506,1
SYN_123209,rural,26-40,8,1612.28,41,41,0.303,0
SYN_106681,rural,26-40,7,141.76,8,22,0.408,1
SYN_101246,rural,26-40,14,367.12,16,7,0.289,3
SYN_111387,rural,18-25,4,57.43,8,2,0.485,0
SYN_117265,urban,26-40,14,724.74,21,36,0.401,2
SYN_127286,urban,18-25,8,222.33,1,13,0.186,2
SYN_124603,urban,41+,11,210.82,8,27,0.346,0
SYN_120167,urban,18-25,15,617.34,20,3,0.407,1
SYN_105085,urban,26-40,10,549.49,3,29,0.307,2
SYN_101623,urban,26-40,11,109.86,9,34,0.627,1
SYN_121738,urban,18-25,10,429.54,32,26,0.581,0
SYN_104832,rural,18-25,3,339.03,49,18,0.704,1
SYN_121922,rural,41+,5,286.94,60,11,1.0,1
SYN_109895,rural,26-40,9,420.85,23,10,0.712,3
SYN_113258,urban,18-25,14,116.12,5,25,0.23,0
SYN_113761,urban,18-25,9,802.51,15,9,0.322,2
SYN_128841,urban,18-25,10,239.45,20,1,0.186,2
SYN_104666,rural,18-25,10,297.52,7,8,0.455,1
SYN_104292,urban,26-40,13,454.03,13,22,0.396,0
SYN_124733,urban,18-25,22,67.21,4,41,0.564,4
SYN_107495,rural,41+,11,460.44,18,12,0.704,2
SYN_112870,rural,26-40,6,696.37,9,13,0.692,2
SYN_110887,rural,26-40,9,589.39,2,34,0.524,1
SYN_123258,rural,18-25,16,422.44,1,3,0.899,0
SYN_126571,urban,26-40,7,433.97,2,29,0.528,0
SYN_100632,urban,26-40,9,111.53,18,6,0.126,1
SYN_116707,urban,26-40,18,88.1,30,33,0.281,1
SYN_101995,rural,26-40,6,605.4,7,14,0.523,2
SYN_103750,urban,26-40,11,662.62,9,29,0.356,2
SYN_127908,urban,26-40,12,112.34,18,37,0.617,0
SYN_118647,rural,41+,9,940.02,32,43,0.558,1
SYN_105866,rural,26-40,8,115.99,5,20,0.612,1
SYN_105441,rural,18-25,4,1283.81,1,23,0.383,1
SYN_102194,urban,41+,14,959.29,49,33,0.695,0
SYN_115523,urban,26-40,13,505.85,11,29,0.221,0
SYN_117041,rural,26-40,13,214.94,11,45,0.366,2
SYN_117220,rural,26-40,8,727.8,36,7,0.828,1
SYN_116450,rural,18-25,5,190.5,27,39,0.5,0
SYN_126570,urban,26-40,17,321.05,6,13,0.139,1
SYN_127187,urban,18-25,10,823.28,34,18,0.071,1
SYN_110426,urban,41+,12,935.57,26,3,0.191,1
SYN_120778,urban,26-40,11,834.56,24,18,0.131,0
SYN_125943,urban,41+,9,67.77,3,31,0.609,0
SYN_106187,urban,26-40,9,345.09,1,2,0.579,0
SYN_113122,urban,26-40,12,182.13,18,27,0.485,1
SYN_117098,rural,18-25,8,1409.87,9,1,0.8,0
SYN_111390,urban,18-25,15,54.9,8,18,0.211,2
SYN_127851,rural,41+,12,592.01,3,39,0.314,2
SYN_100803,urban,26-40,13,1136.16,20,22,0.227,2
SYN_112632,rural,41+,6,545.4,3,44,0.325,0
SYN_106300,urban,18-25,15,197.84,17,43,0.215,1
SYN_113045,rural,18-25,10,288.28,13,39,0.6,0
SYN_127476,urban,41+,15,1120.63,21,26,0.55,2
SYN_104903,rural,26-40,9,347.78,5,43,0.711,1
SYN_110204,rural,41+,10,318.46,12,20,0.761,1
SYN_116159,rural,41+,9,501.6,21,16,0.711,0
SYN_113820,rural,26-40,8,107.28,19,10,0.681,3
SYN_122396,rural,26-40,12,671.58,32,41,0.434,2
SYN_111298,rural,26-40,4,229.02,2,21,0.45,1
SYN_113413,urban,41+,15,62.33,18,34,0.303,1
SYN_122563,urban,26-40,7,943.43,6,19,0.35,2
SYN_117756,urban,41+,10,102.13,47,30,0.371,3
SYN_125813,rural,18-25,9,143.45,6,10,0.547,1
SYN_102042,rural,41+,8,314.63,4,11,0.396,2
SYN_110271,rural,26-40,12,1273.58,25,14,0.801,1
SYN_124570,rural,26-40,13,185.75,45,13,0.32,0
SYN_101127,rural,41+,12,73.65,7,19,0.571,2
SYN_119214,urban,18-25,14,105.04,12,8,0.148,0
SYN_113169,urban,26-40,12,139.9,17,34,0.249,3
SYN_112679,urban,41+,13,420.29,8,43,0.393,1
SYN_126791,rural,18-25,11,348.53,18,7,0.619,0
SYN_122292,urban,26-40,16,869.47,3,40,0.341,0
SYN_108650,urban,18-25,15,628.38,18,45,0.693,3
SYN_126348,urban,18-25,24,76.32,47,43,0.304,2
SYN_129557,urban,18-25,14,422.91,49,33,0.775,2
SYN_125457,urban,26-40,19,121.26,28,18,0.311,1
SYN_102357,urban,26-40,11,477.36,30,27,0.146,5
SYN_105614,rural,41+,10,378.99,35,7,0.945,2
SYN_110783,urban,41+,11,655.19,6,4,0.089,6
SYN_109888,urban,41+,15,749.81,29,1,0.578,1
SYN_114493,rural,26-40,13,616.04,54,20,0.443,1
SYN_118494,urban,41+,24,133.32,1,11,0.535,2
SYN_128741,urban,26-40,23,652.06,2,47,0.555,0
SYN_124009,rural,18-25,7,785.59,11,9,0.43,3
SYN_119380,urban,18-25,11,400.7,10,16,0.833,1
SYN_104724,urban,41+,18,397.48,9,18,0.038,0
SYN_123149,urban,26-40,7,1028.91,9,4,0.538,1
SYN_125859,rural,26-40,8,506.76,27,45,1.0,0
SYN_102354,urban,18-25,8,279.99,5,33,0.209,1
SYN_109637,rural,18-25,7,160.2,50,17,0.931,0
SYN_127713,rural,18-25,7,625.22,6,46,0.239,1
SYN_127049,urban,18-25,17,340.46,2,17,0.138,1
SYN_129120,urban,26-40,14,141.9,13,40,0.133,1
SYN_104303,urban,26-40,10,1557.23,13,25,0.193,0
SYN_110845,rural,18-25,8,717.42,4,40,0.44,0
SYN_108768,urban,41+,11,161.32,19,41,0.294,0
SYN_102577,rural,18-25,11,207.29,1,17,0.651,2
SYN_128807,rural,18-25,8,55.13,28,47,0.921,1
SYN_123127,urban,26-40,15,458.38,2,12,0.071,2
SYN_101520,urban,26-40,8,68.57,14,42,0.287,0
SYN_109504,urban,41+,12,442.51,40,4,0.474,3
SYN_116053,rural,26-40,6,82.65,11,24,0.422,2
SYN_128567,rural,26-40,6,1663.87,44,47,0.853,2
SYN_129825,urban,26-40,12,96.68,59,26,0.694,2
SYN_113747,urban,41+,12,731.22,11,4,0.421,3
SYN_108536,urban,26-40,14,328.3,10,38,0.452,1
SYN_120603,rural,26-40,10,514.94,4,45,0.307,2
SYN_109692,rural,18-25,5,365.33,24,7,0.242,1
SYN_120569,rural,18-25,10,372.68,60,20,0.496,2
SYN_100977,urban,18-25,11,200.31,9,31,0.466,2
SYN_112724,urban,26-40,15,309.67,38,3,0.679,2
SYN_120909,rural,18-25,11,53.9,7,24,0.744,1
SYN_111923,rural,18-25,8,277.44,2,35,0.314,2
SYN_122225,urban,26-40,12,498.45,1,18,0.182,0
SYN_128253,urban,26-40,18,494.69,12,1,0.34,1
SYN_119332,rural,41+,10,463.73,16,36,0.702,0
SYN_127354,rural,18-25,7,826.44,11,11,0.478,2
SYN_114941,rural,26-40,5,574.25,1,18,0.381,1
SYN_104457,urban,18-25,17,1072.18,21,20,0.236,0
SYN_129760,urban,18-25,14,517.02,60,15,0.293,0
SYN_116557,urban,26-40,14,101.48,16,11,0.435,2
SYN_111439,rural,41+,6,153.98,4,13,0.494,2
SYN_101548,urban,18-25,9,156.63,15,43,0.513,2
SYN_124146,urban,18-25,16,278.82,4,45,0.376,1
SYN_117370,urban,26-40,8,904.57,17,30,0.459,1
SYN_102588,urban,18-25,5,430.93,13,11,0.21,3
SYN_122360,urban,41+,13,369.08,4,14,0.306,2
SYN_128797,urban,41+,13,403.54,24,29,0.261,0
SYN_125476,urban,18-25,15,297.69,10,1,0.293,0
SYN_125760,rural,26-40,13,637.94,13,18,0.573,2
SYN_119824,urban,18-25,13,1295.16,17,25,0.314,1
SYN_111047,urban,26-40,15,118.96,1,39,0.359,2
SYN_125449,urban,41+,10,133.54,13,14,0.715,0
SYN_125394,urban,41+,15,282.73,6,1,0.092,0
SYN_122556,rural,18-25,4,50.79,3,18,0.997,1
SYN_116817,urban,18-25,14,406.94,27,6,0.651,0
SYN_108268,rural,26-40,12,179.14,45,5,0.791,1
SYN_102951,rural,26-40,8,218.5,10,4,0.542,2
SYN_111483,rural,18-25,5,77.02,7,22,0.86,1
SYN_116545,urban,41+,14,1401.3,12,33,0.177,0
SYN_129415,urban,18-25,18,1004.08,3,35,0.651,1
SYN_109322,urban,18-25,19,292.13,4,31,0.707,1
SYN_102265,urban,18-25,11,690.1,18,21,0.592,0
SYN_124316,rural,26-40,5,262.59,57,31,0.575,0
SYN_125118,urban,26-40,17,207.93,30,4,0.583,2
SYN_118912,rural,26-40,7,717.62,9,39,0.302,0
SYN_103476,rural,18-25,11,1686.05,34,21,0.58,1
SYN_115988,urban,26-40,15,961.08,4,27,0.449,2
SYN_121488,urban,18-25,16,1049.44,1,31,0.844,1
SYN_122302,urban,18-25,8,333.52,3,13,0.608,1
SYN_113983,rural,18-25,12,121.67,3,45,0.468,3
SYN_127167,rural,26-40,3,918.19,6,18,0.497,1
SYN_118738,urban,18-25,14,456.0,60,31,0.248,0
SYN_101113,rural,26-40,11,607.65,17,30,0.313,1
SYN_109103,rural,41+,8,486.68,9,26,0.739,2
SYN_111739,rural,41+,10,424.41,1,12,0.772,1
SYN_124606,rural,18-25,11,230.93,14,30,0.822,1
SYN_108701,urban,26-40,10,628.46,35,43,0.404,0
SYN_129574,rural,26-40,7,770.05,4,7,0.604,3
SYN_116200,urban,26-40,14,176.5,17,18,0.566,0
SYN_102100,rural,18-25,7,152.51,14,25,0.637,0
SYN_106656,urban,26-40,11,742.25,6,44,0.307,1
SYN_124475,urban,18-25,17,700.98,3,37,0.576,1
SYN_125900,urban,26-40,16,403.49,39,44,0.568,0
SYN_129090,rural,26-40,9,419.64,1,18,0.276,1
SYN_106540,rural,26-40,6,339.29,3,24,0.558,0
SYN_117973,rural,18-25,14,1466.39,40,10,0.44,1
SYN_116705,urban,26-40,12,391.87,16,31,0.444,1
SYN_106226,urban,18-25,20,934.76,9,15,0.329,0
SYN_125400,urban,26-40,15,524.48,12,5,0.53,2
SYN_107463,rural,41+,4,109.12,28,38,0.603,1
SYN_129652,rural,18-25,14,189.46,33,36,0.53,0
SYN_121478,rural,18-25,16,752.1,45,25,0.712,0
SYN_111619,urban,41+,17,99.73,29,45,0.227,1
SYN_126154,urban,18-25,13,868.86,2,39,0.386,2
SYN_102054,urban,18-25,17,255.91,58,16,0.447,2
SYN_118921,urban,26-40,12,102.85,5,14,0.485,1
SYN_121524,rural,18-25,5,608.33,30,15,0.76,1
SYN_110381,rural,26-40,9,213.52,8,29,0.87,2
SYN_112146,urban,18-25,17,485.86,3,1,0.257,0
SYN_108996,rural,41+,10,118.93,21,6,0.573,2
SYN_110405,urban,41+,6,117.28,39,10,0.291,0
SYN_109711,urban,26-40,8,233.91,7,21,0.145,0
SYN_112783,urban,26-40,15,465.57,23,28,0.35,1
SYN_124773,urban,18-25,8,275.71,17,14,0.266,4
SYN_105233,urban,18-25,10,194.82,12,38,0.66,2
SYN_114441,rural,26-40,7,83.27,3,43,0.913,1
SYN_125739,urban,26-40,16,50.92,5,3,0.082,2
SYN_118100,urban,26-40,15,333.63,48,24,0.03,0
SYN_122503,rural,18-25,8,376.32,27,15,0.554,2
SYN_123221,rural,18-25,5,516.17,10,28,0.584,3
SYN_114659,urban,41+,10,742.85,21,18,0.442,0
SYN_119573,urban,26-40,7,87.08,33,31,0.107,2
SYN_106307,rural,41+,12,1433.87,15,14,0.879,0
SYN_106813,urban,18-25,23,326.83,2,28,0.061,1
SYN_124780,urban,41+,9,236.71,15,17,0.401,2
SYN_126548,urban,41+,14,2481.55,12,9,0.902,2
SYN_111856,urban,18-25,17,286.38,4,28,0.327,1
SYN_116084,rural,26-40,14,65.77,12,7,0.506,0
SYN_113890,rural,26-40,13,630.33,4,23,0.428,1
SYN_113083,rural,41+,7,688.65,25,11,0.539,1
SYN_101249,rural,26-40,10,775.95,1,19,0.72,1
SYN_121755,rural,41+,13,1472.29,11,6,0.775,1
SYN_108231,urban,26-40,10,553.6,12,37,0.229,1
SYN_111594,urban,26-40,14,187.09,16,11,0.46,1
SYN_125080,urban,18-25,8,427.15,1,24,0.38,2
SYN_127997,urban,18-25,15,478.13,1,32,0.295,2
SYN_114440,urban,18-25,17,545.11,6,1,0.707,0
SYN_102753,urban,26-40,13,375.26,6,39,0.669,0
SYN_116395,urban,41+,17,318.77,60,20,0.414,2
SYN_127273,urban,26-40,8,334.0,18,6,0.422,1
SYN_128406,rural,26-40,9,1608.94,25,18,0.566,2
SYN_107879,rural,18-25,3,691.64,1,42,0.493,3
SYN_119088,urban,41+,12,193.33,13,17,0.301,1
SYN_123218,rural,18-25,13,1074.67,60,3,0.472,0
SYN_122962,urban,18-25,15,991.28,15,23,0.183,1
SYN_102826,urban,26-40,13,214.37,21,43,0.762,0
SYN_120742,urban,26-40,12,1146.95,60,37,0.206,4
SYN_121384,urban,26-40,15,557.26,11,37,0.299,0
SYN_110167,rural,26-40,7,1495.63,3,25,0.562,1
SYN_112121,rural,26-40,7,347.66,4,18,0.768,0
SYN_117058,urban,18-25,19,2423.09,45,4,0.565,0
SYN_105787,rural,41+,5,888.33,9,4,0.212,1
SYN_128275,urban,41+,12,686.44,13,47,0.41,1
SYN_117921,rural,26-40,10,129.02,3,14,0.795,1
SYN_111871,rural,41+,12,93.03,16,33,0.557,2
SYN_117541,urban,41+,17,353.5,20,8,0.485,2
SYN_128731,urban,41+,17,144.88,16,27,0.39,1
SYN_123259,urban,26-40,17,652.88,5,7,0.266,1
SYN_125827,rural,26-40,8,2122.22,11,34,0.784,3
SYN_115396,rural,26-40,5,76.72,17,28,0.296,0
SYN_112735,rural,41+,12,130.04,10,1,0.345,2
SYN_101172,urban,18-25,19,245.09,11,26,0.521,0
SYN_113544,urban,26-40,17,592.16,30,16,0.109,0
SYN_120956,urban,41+,10,463.69,9,43,0.164,0
SYN_122096,urban,26-40,18,745.35,8,10,0.46,0
SYN_121634,urban,18-25,12,257.7,34,5,0.19,2
SYN_101096,urban,18-25,17,358.45,25,21,0.721,1
SYN_117129,urban,26-40,15,1337.88,5,5,0.117,2
SYN_108125,urban,41+,14,438.37,8,14,0.325,1
SYN_111329,rural,18-25,7,75.18,10,9,0.743,1
SYN_116434,urban,26-40,17,90.41,9,24,0.428,0
SYN_116349,urban,26-40,10,430.87,13,38,0.603,0
SYN_103932,urban,26-40,16,368.54,18,42,0.632,2
SYN_118526,urban,26-40,9,127.83,5,29,0.43,1
SYN_118335,urban,41+,13,199.49,21,33,0.069,3
SYN_104566,rural,41+,6,66.63,11,9,0.664,0
SYN_124394,urban,26-40,11,962.78,31,14,0.251,3
SYN_103676,urban,41+,4,357.73,60,22,0.762,1
SYN_125085,rural,18-25,9,538.49,12,42,0.349,3
SYN_116287,urban,26-40,14,174.68,3,11,0.289,2
SYN_120067,rural,26-40,10,483.44,18,2,0.432,1
SYN_103960,urban,18-25,12,57.7,54,7,0.48,2
SYN_102503,rural,41+,8,277.12,34,24,0.855,4
SYN_114973,rural,26-40,7,1250.37,24,34,0.441,1
SYN_115050,rural,26-40,15,670.9,1,18,0.34,2
SYN_109450,rural,41+,18,897.32,6,11,0.451,2
SYN_126914,rural,18-25,11,193.86,60,7,0.843,2
SYN_109791,urban,41+,20,144.3,57,3,0.762,1
SYN_126704,rural,18-25,8,548.98,3,45,0.44,0
SYN_109004,urban,26-40,14,60.78,12,43,0.652,2
SYN_124208,urban,41+,17,130.35,6,20,0.595,1
SYN_119505,urban,26-40,19,210.53,39,2,0.296,2
SYN_122827,urban,41+,14,448.17,13,17,0.42,0
SYN_126718,rural,18-25,9,1101.18,2,30,0.382,2
SYN_124807,urban,18-25,26,1252.89,4,8,0.467,2
SYN_101292,urban,26-40,17,266.18,32,4,0.297,0
SYN_126618,rural,26-40,9,283.44,3,47,0.852,3
SYN_103166,urban,18-25,13,64.01,2,16,0.657,1
SYN_104593,urban,26-40,19,57.4,3,3,0.453,1
SYN_108507,urban,26-40,13,757.29,22,4,0.618,2
SYN_109183,rural,26-40,10,307.31,22,4,0.254,5
SYN_108186,urban,41+,11,97.86,21,2,0.356,2
SYN_103618,urban,26-40,12,371.05,31,13,0.737,0
SYN_126742,urban,41+,12,752.87,20,28,0.569,4
SYN_110499,rural,26-40,13,632.75,5,45,0.678,0
SYN_105672,urban,26-40,20,1680.71,14,32,0.034,1
SYN_117691,urban,26-40,12,544.78,6,2,0.423,1
SYN_127857,urban,26-40,15,1063.96,36,25,0.039,3
SYN_121837,rural,26-40,6,442.54,21,28,0.718,1
SYN_109096,urban,26-40,17,766.39,38,7,0.198,2
SYN_119704,urban,41+,13,1139.36,29,11,0.121,0
SYN_121300,urban,18-25,22,1173.86,7,44,0.512,1
SYN_128368,urban,26-40,17,159.2,23,31,0.357,0
SYN_114575,urban,18-25,12,816.56,60,10,0.444,0
SYN_107503,urban,26-40,17,419.48,15,26,0.384,0
SYN_107210,urban,41+,18,152.09,1,17,0.257,0
SYN_104730,urban,18-25,11,635.34,50,14,0.577,2
SYN_121046,urban,26-40,11,284.09,26,46,0.535,2
SYN_110195,rural,18-25,9,79.27,1,26,0.313,3
SYN_119783,urban,26-40,16,1270.83,24,5,0.324,0
SYN_121243,urban,26-40,12,164.44,4,26,0.5,1
SYN_129308,urban,18-25,7,248.48,12,36,0.392,2
SYN_122067,rural,18-25,11,150.73,18,37,0.704,2
SYN_106696,urban,26-40,15,481.52,29,27,0.692,1
SYN_129497,urban,18-25,10,76.19,5,10,0.518,1
SYN_109362,rural,41+,6,167.34,18,37,0.703,0
SYN_125706,urban,18-25,13,682.45,19,10,0.426,1
SYN_113436,urban,18-25,14,870.25,4,16,0.393,1
SYN_117895,rural,18-25,9,627.51,8,9,0.789,0
SYN_129336,urban,26-40,16,55.55,16,36,0.503,1
SYN_127128,rural,26-40,5,266.02,11,3,0.657,0
SYN_111398,urban,26-40,24,114.12,15,32,0.402,3
SYN_120845,rural,26-40,11,93.27,16,39,0.274,1
SYN_123761,urban,26-40,11,86.4,10,22,0.562,2
SYN_102295,urban,18-25,14,815.43,44,39,0.522,1
SYN_115845,urban,26-40,15,289.41,10,37,0.716,1
SYN_104981,urban,41+,16,98.72,22,11,0.546,2
SYN_100261,rural,26-40,11,118.31,2,44,0.772,0
SYN_100684,rural,26-40,17,469.06,46,26,0.421,0
SYN_110553,urban,26-40,13,202.38,9,40,0.476,0
SYN_106845,urban,18-25,13,903.37,13,7,0.289,0
SYN_122900,urban,26-40,10,152.72,17,6,0.453,1
SYN_111745,rural,26-40,6,64.27,54,34,0.554,3
SYN_121443,rural,26-40,9,246.19,3,13,0.396,2
SYN_116679,urban,26-40,18,1329.74,3,28,0.281,1
SYN_117417,rural,41+,6,1383.23,20,8,0.441,4
SYN_111095,rural,26-40,7,302.59,34,25,0.574,2
SYN_109987,rural,18-25,9,460.82,21,47,0.192,1
SYN_107730,rural,41+,14,479.82,40,24,0.627,0
SYN_128206,rural,41+,10,283.83,17,32,0.243,2
SYN_119865,urban,18-25,15,454.6,9,16,0.203,4
SYN_125839,urban,26-40,17,149.39,22,6,0.101,1
SYN_122764,urban,26-40,11,135.0,9,10,0.343,2
SYN_104931,rural,41+,8,598.14,11,9,0.421,0
SYN_107859,rural,18-25,9,179.33,29,31,0.572,2
SYN_122934,urban,26-40,20,881.05,32,2,0.243,0
SYN_109226,rural,26-40,8,191.05,17,35,0.468,2
SYN_114315,urban,41+,11,480.86,17,40,0.427,1
SYN_116505,rural,26-40,12,52.01,25,6,0.404,0
SYN_108836,rural,26-40,11,87.03,13,17,0.473,0
SYN_107615,rural,18-25,9,99.85,19,11,0.351,2
SYN_122823,rural,26-40,9,210.69,1,44,0.336,1
SYN_111994,urban,26-40,11,102.99,4,34,0.177,1
SYN_103599,urban,26-40,10,155.56,18,32,0.579,1
SYN_105541,urban,26-40,18,573.49,9,39,0.737,1
SYN_118396,urban,26-40,15,1392.78,23,13,0.486,0
SYN_100646,urban,41+,15,414.26,31,21,0.563,2
SYN_115243,rural,26-40,14,644.93,2,42,0.792,2
SYN_123381,rural,41+,9,377.67,14,11,0.865,1
SYN_116451,rural,26-40,5,590.69,23,24,0.416,1
SYN_104309,rural,18-25,10,1069.59,32,32,0.32,4
SYN_110027,urban,18-25,12,359.15,2,3,0.647,1
SYN_112184,rural,26-40,11,1751.14,30,15,0.756,0
SYN_102706,rural,18-25,8,198.29,14,31,0.743,1
SYN_122388,urban,41+,11,928.01,1,39,0.671,2
SYN_106904,urban,18-25,13,443.95,51,23,0.247,2
SYN_101702,urban,18-25,14,815.68,7,19,0.416,0
SYN_101560,rural,26-40,6,310.12,4,33,0.711,3
SYN_110843,rural,26-40,6,233.21,6,2,0.6,0
SYN_106989,urban,41+,11,516.01,8,13,0.204,3
SYN_111393,urban,41+,14,114.97,2,8,0.735,1
SYN_128621,urban,41+,9,477.94,7,6,0.432,1
SYN_115495,rural,26-40,9,344.12,6,7,0.362,0
SYN_104372,urban,18-25,19,192.93,26,20,0.3,0
SYN_113978,rural,26-40,6,256.6,51,42,0.338,3
SYN_101884,urban,41+,16,201.35,2,22,0.498,0
SYN_109972,rural,26-40,7,1522.03,12,38,0.344,2
SYN_112502,urban,26-40,18,229.93,12,18,0.268,4
SYN_105398,rural,18-25,13,213.82,13,42,0.322,0
SYN_124348,urban,18-25,7,53.22,7,9,0.597,0
SYN_112809,urban,41+,12,141.44,1,18,0.337,1
SYN_118510,urban,26-40,9,149.06,18,39,0.654,4
SYN_116067,rural,26-40,12,1501.15,49,38,0.281,0
SYN_120706,rural,18-25,10,109.25,31,33,0.595,3
SYN_122684,urban,26-40,12,224.78,6,20,0.598,0
SYN_105562,urban,41+,13,757.54,8,6,0.335,1
SYN_101139,rural,26-40,7,1417.16,11,46,0.539,0
SYN_124585,rural,41+,3,1076.08,7,35,0.915,2
SYN_129929,rural,26-40,6,181.12,5,20,0.344,0
SYN_123271,rural,18-25,8,476.3,13,42,0.93,3
SYN_116964,urban,26-40,17,456.71,16,8,0.473,3
SYN_121762,urban,26-40,13,1534.12,8,3,0.581,0
SYN_120642,rural,41+,6,89.41,6,1,0.54,2
SYN_110143,urban,26-40,11,322.7,1,24,0.538,1
SYN_111239,urban,26-40,18,88.52,3,39,0.267,1
SYN_105444,rural,26-40,9,166.39,35,31,0.77,2
SYN_121577,rural,18-25,12,1607.25,20,13,0.343,2
SYN_107264,urban,26-40,15,157.53,5,16,0.767,0
SYN_106901,urban,18-25,12,153.08,5,10,0.314,2
SYN_100603,rural,18-25,9,574.4,11,3,0.579,2
SYN_116968,urban,41+,18,750.54,2,26,0.455,4
SYN_109902,rural,26-40,8,93.17,60,26,0.381,3
SYN_111368,rural,41+,7,348.37,30,46,0.601,1
SYN_123678,urban,26-40,11,668.95,20,6,0.431,3
SYN_114860,urban,26-40,16,543.69,6,20,0.418,1
SYN_111229,rural,18-25,7,507.89,14,31,0.287,1
SYN_121650,rural,26-40,11,1111.96,5,25,0.323,2
SYN_110214,rural,26-40,8,217.82,19,40,0.936,1
SYN_122808,urban,18-25,11,257.99,12,18,0.707,2
SYN_124252,urban,18-25,15,140.74,35,9,0.28,4
SYN_110096,urban,26-40,19,212.52,6,22,0.139,5
SYN_123664,urban,18-25,16,186.37,9,2,0.198,1
SYN_127628,urban,26-40,7,364.59,17,20,0.552,0
SYN_126984,rural,18-25,7,1143.16,1,5,0.418,0
SYN_119035,rural,26-40,12,218.99,26,16,0.246,2
SYN_100012,rural,41+,6,429.21,29,37,0.58,3
SYN_122082,rural,41+,6,286.22,31,46,1.0,2
SYN_121840,rural,26-40,4,719.62,11,7,0.899,0
SYN_100982,rural,26-40,7,105.49,10,38,0.603,1
SYN_104478,rural,41+,12,75.32,5,47,0.41,0
SYN_117769,urban,41+,17,454.85,8,26,0.289,1
SYN_121132,urban,41+,12,301.2,43,46,0.452,0
SYN_101652,urban,26-40,16,176.71,38,16,0.45,2
SYN_121246,rural,41+,8,1025.69,3,43,0.323,0
SYN_111654,urban,41+,12,82.42,26,9,0.451,3
SYN_108413,urban,26-40,17,72.6,6,41,0.304,1
SYN_115834,urban,26-40,7,1272.62,18,5,0.128,3
SYN_119564,urban,41+,16,1479.3,8,1,0.887,2
SYN_109841,urban,26-40,10,919.03,10,7,0.648,3
SYN_125226,urban,18-25,14,735.24,2,46,0.232,1
SYN_101013,rural,18-25,11,227.55,60,12,0.208,1
SYN_108338,urban,41+,8,567.83,37,23,0.471,0
SYN_111057,urban,18-25,17,1557.82,46,14,0.235,1
SYN_108045,urban,26-40,9,1129.9,16,28,0.585,0
SYN_121967,urban,18-25,12,379.78,9,6,0.642,0
SYN_125029,urban,41+,15,101.33,15,25,0.42,2
SYN_107866,urban,26-40,11,1171.34,14,4,0.544,0
SYN_106791,urban,26-40,13,1136.69,60,16,0.677,0
SYN_119207,rural,26-40,11,171.24,24,45,0.759,1
SYN_116049,rural,18-25,9,664.26,28,21,0.79,2
SYN_118265,rural,18-25,14,142.92,18,12,0.883,2
SYN_100348,urban,26-40,13,2533.44,36,30,0.46,0
SYN_111758,urban,26-40,11,1268.41,22,4,0.335,0
SYN_113453,urban,26-40,8,2309.79,2,28,0.55,2
SYN_129171,urban,18-25,22,671.74,45,45,0.285,1
SYN_114557,rural,26-40,6,452.22,15,4,0.681,0
SYN_104973,rural,26-40,6,93.7,3,26,0.628,0
SYN_121733,urban,26-40,12,139.44,6,6,0.328,1
SYN_113423,urban,18-25,15,492.88,2,27,0.188,3
SYN_112696,rural,26-40,7,322.51,6,13,0.884,0
SYN_102143,rural,26-40,14,657.73,60,11,0.375,1
SYN_110937,rural,26-40,10,240.54,56,34,0.684,1
SYN_112999,urban,26-40,22,67.59,11,20,0.335,0
SYN_127669,urban,18-25,15,652.88,8,2,0.038,0
SYN_124184,urban,18-25,10,486.14,6,2,0.706,2
SYN_122543,urban,26-40,10,245.73,5,21,0.262,1
SYN_114454,rural,18-25,9,1141.27,10,35,0.537,0
SYN_109480,rural,41+,15,201.03,27,29,0.421,2
SYN_106864,urban,41+,5,1146.39,7,32,0.335,2
SYN_105972,urban,26-40,18,174.37,31,15,0.481,1
SYN_121205,urban,18-25,11,367.56,9,17,0.762,0
SYN_112094,urban,18-25,19,441.03,19,44,0.265,5
SYN_117057,rural,18-25,6,78.98,9,44,0.46,2
SYN_113139,rural,26-40,6,410.39,10,3,0.376,0
SYN_120058,rural,41+,5,612.31,17,14,0.266,0
SYN_104049,rural,18-25,8,1770.09,10,38,0.434,3
SYN_101291,rural,41+,7,801.35,60,2,0.48,1
SYN_121662,urban,41+,8,468.18,34,13,0.566,1
SYN_128071,rural,18-25,11,138.86,40,17,0.691,1
SYN_122733,urban,26-40,10,310.04,5,20,0.148,0
SYN_104866,urban,41+,12,338.45,9,40,0.504,0
SYN_119574,rural,18-25,10,230.17,1,30,0.596,2
SYN_116144,rural,18-25,8,561.5,2,39,0.779,1
SYN_126859,rural,18-25,10,903.25,10,36,0.684,0
SYN_105114,urban,18-25,11,110.75,7,31,0.117,1
SYN_112084,rural,26-40,9,132.47,60,37,0.736,1
SYN_128918,rural,18-25,9,616.75,16,4,0.495,2
SYN_101529,urban,41+,19,589.93,20,18,0.499,1
SYN_106735,rural,26-40,8,1852.04,6,29,0.83,1
SYN_113271,rural,18-25,12,89.44,22,37,0.433,1
SYN_111542,urban,41+,13,92.91,7,16,0.258,0
SYN_123392,rural,26-40,14,156.93,11,3,0.947,2
SYN_109899,rural,26-40,10,1041.7,7,26,0.423,1
SYN_119777,urban,41+,21,390.21,5,47,0.409,0
SYN_123341,urban,26-40,9,353.58,35,3,0.285,0
SYN_102728,urban,26-40,14,318.0,5,13,0.145,0
SYN_103495,rural,18-25,13,193.0,13,19,0.522,3
SYN_129019,urban,18-25,7,1121.11,5,14,0.317,2
SYN_129643,urban,18-25,12,181.66,5,46,0.068,2
SYN_117911,rural,18-25,11,160.99,4,39,0.764,2
SYN_117324,urban,18-25,9,61.87,2,46,0.728,0
SYN_124562,rural,26-40,10,99.1,1,13,0.824,0
SYN_116207,urban,26-40,7,911.77,11,32,0.228,1
SYN_116740,rural,26-40,11,122.52,35,45,0.243,1
SYN_102356,urban,18-25,18,131.35,3,3,0.335,1
SYN_126609,urban,41+,12,323.7,25,9,0.518,1
SYN_116121,rural,41+,13,74.28,3,14,0.38,0
SYN_120666,rural,41+,14,810.08,8,10,0.415,3
SYN_115878,rural,26-40,2,459.74,54,39,0.336,1
SYN_103456,rural,18-25,12,511.32,40,14,1.0,2
SYN_127649,urban,41+,10,463.38,21,15,0.274,0
SYN_127806,rural,26-40,12,58.58,32,34,0.645,2
SYN_125253,urban,26-40,19,741.77,26,47,0.245,2
SYN_129455,urban,41+,13,264.48,35,44,0.209,1
SYN_121629,urban,26-40,17,177.73,53,17,0.124,2
SYN_119397,urban,26-40,15,300.77,2,9,0.585,0
SYN_107676,urban,26-40,19,267.19,2,34,0.757,0
SYN_101987,rural,18-25,13,601.7,6,23,0.645,1
SYN_119854,urban,26-40,16,657.76,6,46,0.402,2
SYN_114164,urban,26-40,16,142.87,33,32,0.606,0
SYN_101674,rural,26-40,12,95.22,11,6,0.31,0
SYN_118342,urban,26-40,18,344.13,4,11,0.361,2
SYN_100607,urban,26-40,20,114.59,27,35,0.124,1
SYN_105364,rural,26-40,9,166.36,5,24,0.471,1
SYN_111717,rural,18-25,4,509.65,23,22,0.547,0
SYN_111251,rural,41+,8,51.96,20,10,0.722,0
SYN_124453,urban,26-40,12,1508.28,3,13,0.152,1
SYN_119323,urban,41+,18,1343.97,20,32,0.354,3
SYN_110285,urban,26-40,9,59.15,4,29,0.044,0
SYN_107154,rural,26-40,9,607.86,28,40,0.845,0
SYN_109839,rural,18-25,9,56.48,9,14,0.799,0
SYN_102438,urban,18-25,10,408.19,34,36,0.703,0
SYN_111133,rural,26-40,15,993.69,8,22,0.34,1
SYN_117839,rural,26-40,11,291.67,9,2,0.707,0
SYN_108395,urban,26-40,17,140.75,6,24,0.739,5
SYN_123474,urban,18-25,8,955.85,4,8,0.707,0
SYN_129502,rural,26-40,12,828.19,51,33,0.513,0
SYN_100376,rural,26-40,12,1381.3,27,31,0.657,1
SYN_114329,urban,41+,11,315.86,4,25,0.571,2
SYN_123945,urban,26-40,16,704.3,18,19,0.468,0
SYN_103565,rural,41+,10,968.33,6,34,0.309,0
SYN_118345,urban,26-40,15,127.09,43,31,0.314,1
SYN_104589,rural,18-25,7,56.04,3,35,0.51,1
SYN_106582,rural,26-40,8,971.31,6,10,0.6,1
SYN_119204,urban,41+,11,496.19,9,15,0.217,0
SYN_124328,urban,41+,14,108.85,23,29,0.267,0
SYN_107687,rural,26-40,10,1377.19,11,17,0.721,0
SYN_120786,urban,18-25,8,87.93,51,16,0.206,1
SYN_115870,urban,18-25,10,369.63,19,9,0.183,2
SYN_118832,rural,41+,7,155.94,37,37,0.527,2
SYN_121487,urban,26-40,20,541.02,9,43,0.503,1
SYN_104138,rural,26-40,8,1202.3,20,36,0.481,2
SYN_121875,rural,26-40,5,109.0,17,32,0.399,3
SYN_113933,urban,18-25,11,352.84,6,3,0.626,0
SYN_109401,rural,41+,6,89.08,19,4,0.657,0
SYN_127600,urban,18-25,11,532.1,1,36,0.124,3
SYN_111667,rural,26-40,5,307.02,13,14,0.397,1
SYN_103773,rural,26-40,8,1591.44,56,14,0.451,1
SYN_102269,rural,18-25,11,696.13,46,42,0.694,4
SYN_118264,urban,26-40,9,247.64,3,3,0.642,0
SYN_122399,urban,18-25,7,534.42,31,22,0.494,2
SYN_106295,rural,41+,5,336.04,7,25,0.449,0
SYN_118720,rural,26-40,4,223.78,49,31,0.675,3
SYN_103573,urban,26-40,10,295.04,30,30,0.561,2
SYN_110840,rural,26-40,9,942.97,3,25,0.923,4
SYN_126385,rural,26-40,4,274.16,44,1,0.752,1
SYN_129976,urban,26-40,8,212.7,9,19,0.534,2
SYN_113569,rural,18-25,14,614.62,13,33,0.565,0
SYN_109128,urban,18-25,14,388.78,3,21,0.76,1
SYN_122088,urban,26-40,23,83.09,17,10,0.563,1
SYN_129855,rural,26-40,7,228.55,60,32,0.446,4
SYN_117310,rural,41+,10,209.85,27,15,0.6,2
SYN_107389,urban,26-40,14,1136.38,8,21,0.941,1
SYN_100562,rural,26-40,8,236.84,23,28,0.473,2
SYN_105170,rural,26-40,5,191.3,1,27,0.406,0
SYN_118676,rural,41+,9,398.66,9,35,0.62,1
SYN_103889,urban,18-25,10,218.59,31,35,0.428,0
SYN_103020,urban,26-40,13,815.78,3,38,0.26,1
SYN_105230,rural,26-40,4,847.3,14,27,0.362,1
SYN_126264,urban,41+,16,601.02,36,9,0.14,2
SYN_112851,rural,26-40,7,258.49,18,44,0.548,1
SYN_110547,urban,18-25,18,687.53,7,39,0.492,2
SYN_115711,urban,41+,15,233.52,8,26,0.501,0
SYN_107539,urban,26-40,10,381.88,9,11,0.454,1
SYN_106817,urban,41+,20,327.44,32,8,0.569,2
SYN_105899,urban,18-25,13,1507.54,28,25,0.632,3
SYN_101819,rural,26-40,11,1067.04,30,33,0.499,2
SYN_107237,rural,18-25,7,234.88,9,46,0.875,0
SYN_102528,rural,18-25,14,1071.65,11,12,0.646,3
SYN_104755,urban,18-25,11,200.86,15,16,0.53,1
SYN_123703,urban,26-40,7,559.96,6,40,0.183,1
SYN_126134,urban,18-25,11,652.71,21,11,0.217,0
SYN_126061,urban,26-40,14,1015.9,26,20,0.633,1
SYN_121934,urban,26-40,12,1501.41,46,8,0.278,3
SYN_105799,urban,41+,8,432.19,9,33,0.342,0
SYN_119511,urban,26-40,11,545.73,2,33,0.287,4
SYN_128513,urban,18-25,12,356.91,19,22,0.372,2
SYN_123648,urban,18-25,14,516.9,36,28,0.329,0
SYN_119061,rural,41+,13,197.58,11,45,0.441,3
SYN_103707,rural,26-40,6,378.9,41,43,0.727,0
SYN_109278,urban,18-25,17,450.05,60,3,0.389,2
SYN_102794,rural,41+,15,782.31,41,32,0.732,1
SYN_116655,rural,18-25,5,134.09,4,5,0.724,1
SYN_125506,urban,26-40,21,1717.07,18,36,0.259,0
SYN_119394,urban,18-25,8,139.89,7,2,0.662,2
SYN_121346,rural,41+,9,509.99,30,15,0.442,1
SYN_117253,urban,41+,12,1104.43,12,15,0.78,1
SYN_115125,urban,26-40,13,265.67,6,41,0.126,1
SYN_118969,urban,26-40,17,344.03,11,32,0.343,1
SYN_115822,urban,26-40,14,52.91,2,8,0.711,0
SYN_126564,rural,26-40,7,709.53,6,30,0.94,2
SYN_108537,rural,41+,9,93.95,8,28,0.205,1
SYN_115063,urban,18-25,17,2223.64,8,16,0.282,0
SYN_127940,rural,26-40,14,390.88,2,14,0.3,0
SYN_117794,rural,26-40,10,198.62,46,45,0.552,1
SYN_128462,urban,18-25,16,426.19,41,44,0.688,1
SYN_109108,rural,26-40,6,464.37,5,15,0.435,0
SYN_127048,rural,26-40,5,635.71,40,25,0.47,0
SYN_116009,rural,18-25,7,115.46,5,16,0.31,1
SYN_105160,rural,18-25,4,578.42,14,29,0.43,1
SYN_103795,rural,26-40,6,702.48,9,1,0.386,2
SYN_108198,urban,41+,11,897.35,38,10,0.067,1
SYN_123100,urban,18-25,11,810.71,9,44,0.115,1
SYN_101346,urban,26-40,22,277.89,23,45,0.357,3
SYN_101569,urban,41+,13,151.44,5,32,0.399,1
SYN_104506,urban,26-40,12,116.96,3,28,0.244,2
SYN_129566,urban,18-25,15,139.48,34,1,0.189,1
SYN_123170,urban,41+,16,89.79,8,12,0.468,0
SYN_104100,urban,18-25,14,63.24,5,20,0.725,1
SYN_127633,rural,18-25,9,362.19,8,14,0.97,2
SYN_121110,urban,26-40,10,399.29,8,5,0.092,0
SYN_119548,urban,41+,15,452.95,10,7,0.11,1
SYN_125057,rural,26-40,9,148.04,60,44,0.416,6
SYN_121565,rural,41+,8,432.78,20,30,0.995,3
SYN_113558,rural,26-40,5,672.24,6,35,0.435,3
SYN_115521,rural,41+,9,408.33,60,4,0.576,1
SYN_124561,urban,26-40,16,1269.19,7,13,0.329,0
SYN_105363,rural,26-40,9,1108.55,16,20,0.525,0
SYN_119194,rural,26-40,14,120.28,5,22,0.313,1
SYN_111479,rural,18-25,6,908.88,59,41,0.702,1
SYN_111533,rural,26-40,5,163.52,25,39,0.682,0
SYN_120771,urban,41+,15,511.57,5,19,0.407,2
SYN_100094,urban,26-40,18,634.99,29,8,0.719,1
SYN_101289,urban,41+,10,191.04,18,32,0.726,2
SYN_110528,urban,41+,15,337.67,39,37,0.387,3
SYN_126069,rural,26-40,12,149.11,5,39,0.304,1
SYN_101650,urban,18-25,18,371.63,21,22,0.405,0
SYN_103528,rural,41+,6,173.57,11,10,0.95,0
SYN_118279,urban,26-40,18,270.6,7,36,0.226,2
SYN_124883,rural,26-40,12,70.03,14,45,0.463,5
SYN_115895,rural,26-40,8,160.7,17,30,0.532,0
SYN_121317,urban,18-25,14,182.98,11,16,0.411,2
SYN_118596,urban,18-25,11,713.12,39,16,0.431,3
SYN_126111,rural,41+,10,217.98,2,39,0.439,0
SYN_117015,urban,26-40,11,915.49,16,44,0.312,0
SYN_110270,rural,18-25,8,528.28,34,26,0.844,0
SYN_102869,urban,26-40,13,174.47,8,31,0.546,1
SYN_105938,rural,18-25,7,409.25,1,44,0.392,0
SYN_124280,urban,18-25,19,573.18,18,38,0.521,1
SYN_105226,urban,26-40,18,153.74,13,32,0.684,0
SYN_105836,rural,41+,7,114.09,6,2,0.642,3
SYN_126401,rural,18-25,13,617.15,4,19,0.446,1
SYN_108744,urban,41+,15,913.51,10,33,0.426,3
SYN_127278,urban,26-40,17,553.57,2,28,0.1,0
SYN_129056,rural,18-25,10,688.19,22,37,0.705,1
SYN_120984,urban,18-25,14,296.67,18,22,0.751,0
SYN_112758,urban,41+,16,425.57,21,3,0.559,3
SYN_122544,urban,18-25,15,550.63,17,30,0.056,0
SYN_101284,rural,41+,9,668.54,6,24,0.539,3
SYN_128549,rural,26-40,8,71.97,20,31,0.645,1
SYN_111347,urban,26-40,12,485.29,20,30,0.04,0
SYN_124300,rural,26-40,8,511.72,18,28,0.696,2
SYN_111165,urban,26-40,18,410.29,38,32,0.39,1
SYN_120436,rural,41+,11,136.19,60,15,0.814,1
SYN_114157,rural,41+,11,590.58,26,34,0.439,3
SYN_120228,urban,26-40,13,219.39,3,12,0.891,1
SYN_111589,urban,26-40,14,227.79,30,8,0.14,3
SYN_103181,urban,18-25,19,76.07,14,7,0.154,0
SYN_103523,urban,41+,15,95.57,29,4,0.233,1
SYN_108555,urban,18-25,14,514.66,6,12,0.58,0
SYN_105724,rural,18-25,10,429.0,1,4,0.349,5
SYN_120223,rural,26-40,9,776.78,12,13,0.413,2
SYN_126145,urban,18-25,14,177.95,9,42,0.461,0
SYN_101167,urban,18-25,8,319.29,3,41,0.536,2
SYN_120383,rural,41+,6,1061.41,1,16,0.6,1
SYN_126226,rural,41+,9,1517.56,13,15,0.363,0
SYN_121216,urban,26-40,13,1062.21,24,36,0.354,1
SYN_107584,urban,26-40,14,552.12,22,27,0.366,1
SYN_110710,rural,26-40,8,1227.23,11,41,0.94,1
SYN_127845,rural,41+,11,405.2,7,32,0.456,2
SYN_124403,rural,26-40,8,629.45,21,34,0.708,0
SYN_122333,urban,26-40,16,552.77,60,11,0.152,2
SYN_105111,rural,26-40,11,797.42,3,34,0.591,2
SYN_101189,rural,26-40,15,123.47,45,23,0.821,1
SYN_101311,rural,41+,17,598.12,18,30,0.252,1
SYN_119679,urban,18-25,16,1303.05,2,40,0.525,1
SYN_129159,rural,18-25,12,365.56,13,46,0.897,2
SYN_114936,urban,26-40,12,382.83,44,12,0.109,1
SYN_127601,rural,26-40,8,165.83,15,3,0.206,0
SYN_103881,rural,26-40,10,349.32,60,16,0.416,1
SYN_123456,urban,41+,10,866.86,3,47,0.595,0
SYN_120584,rural,26-40,16,516.33,5,3,0.693,1
SYN_110763,rural,26-40,6,212.27,11,28,0.396,2
SYN_126531,urban,18-25,16,357.01,1,16,0.664,2
SYN_105197,urban,26-40,15,299.91,24,33,0.523,1
SYN_104975,urban,41+,16,894.31,20,3,0.488,2
SYN_103393,urban,26-40,10,97.59,5,26,0.652,0
SYN_103075,rural,26-40,5,741.39,60,2,0.527,2
SYN_102022,urban,41+,20,1429.02,1,43,0.093,0
SYN_103480,urban,26-40,12,147.58,6,13,0.336,1
SYN_108937,urban,26-40,15,1187.66,7,36,0.202,2
SYN_102281,urban,41+,14,383.38,12,21,0.192,0
SYN_111118,urban,26-40,11,1172.34,3,15,0.737,1
SYN_112859,urban,18-25,19,886.18,9,6,0.544,0
SYN_114196,urban,26-40,6,207.52,60,14,0.587,1
SYN_116140,urban,41+,8,216.65,7,23,0.748,1
SYN_117915,urban,41+,9,208.06,4,38,0.246,2
SYN_112102,urban,26-40,10,109.29,7,17,0.524,3
SYN_126146,urban,18-25,8,504.79,24,17,0.057,2
SYN_111426,rural,26-40,15,193.92,25,24,0.296,0
SYN_125868,urban,41+,16,53.18,6,15,0.257,1
SYN_125701,urban,41+,18,120.41,10,10,0.221,0
SYN_121426,urban,26-40,19,457.17,15,35,0.685,1
SYN_101975,urban,26-40,12,1301.14,5,38,0.591,2
SYN_125690,urban,26-40,14,1578.24,6,2,0.088,0
SYN_119447,urban,26-40,15,304.42,38,4,0.121,2
SYN_101952,rural,18-25,11,368.14,9,25,0.246,1
SYN_122557,rural,26-40,12,742.05,17,27,0.516,0
SYN_108761,urban,18-25,14,86.67,8,44,0.206,0
SYN_109913,urban,41+,11,785.96,4,10,0.46,1
SYN_129040,rural,26-40,8,2772.27,43,11,0.662,1
SYN_120863,urban,41+,9,170.06,4,42,0.11,0
SYN_126378,rural,26-40,12,111.63,1,29,0.335,0
SYN_113286,rural,18-25,8,522.85,20,7,0.551,2
SYN_106637,rural,41+,6,185.62,2,38,0.453,0
SYN_106687,rural,26-40,11,679.15,53,30,0.771,1
SYN_113663,urban,18-25,15,511.51,29,39,0.466,2
SYN_114861,rural,41+,8,307.73,2,21,0.833,2
SYN_110079,rural,18-25,9,327.99,5,22,0.916,2
SYN_117255,urban,26-40,17,153.63,2,30,0.167,2
SYN_128669,urban,26-40,12,921.44,14,45,0.268,0
SYN_127124,urban,41+,8,231.21,14,28,0.55,1
SYN_114123,urban,18-25,16,479.66,8,37,0.488,4
SYN_104639,urban,41+,15,1041.86,1,32,0.683,1
SYN_115009,urban,18-25,11,197.18,16,15,0.642,2
SYN_107881,urban,26-40,13,140.88,5,28,0.785,0
SYN_113630,urban,26-40,7,176.22,17,7,0.215,1
SYN_122564,rural,26-40,5,727.04,12,2,0.85,3
SYN_109105,rural,18-25,9,878.94,25,14,0.477,1
SYN_119906,rural,41+,14,633.77,20,20,0.521,0
SYN_110337,rural,26-40,6,336.32,40,44,0.587,1
SYN_126115,urban,41+,19,546.75,16,3,0.483,0
SYN_104408,rural,41+,3,191.34,12,17,0.715,3
SYN_127160,urban,26-40,17,375.92,19,18,0.427,1
SYN_122054,rural,18-25,15,247.06,47,31,0.705,3
SYN_113418,urban,18-25,15,303.67,29,11,0.451,0
SYN_124002,urban,26-40,11,398.29,15,3,0.594,1
SYN_102536,rural,41+,9,79.21,1,26,0.793,2
SYN_115731,urban,26-40,9,972.28,4,17,0.206,1
SYN_116568,rural,41+,10,500.18,18,46,0.668,5
SYN_122799,urban,41+,10,473.33,47,18,0.321,1
SYN_118277,rural,41+,8,214.49,5,20,0.598,0
SYN_120139,urban,26-40,12,995.02,32,17,0.533,0
SYN_124212,urban,41+,20,360.61,29,13,0.514,0
SYN_114872,rural,26-40,7,73.16,2,46,0.329,0
SYN_106426,urban,26-40,21,1089.64,60,6,0.619,1
SYN_117882,urban,18-25,12,127.21,5,7,0.364,1
SYN_105283,urban,26-40,13,332.78,2,1,0.602,0
SYN_127291,urban,26-40,14,85.34,12,39,0.425,1
SYN_108458,rural,26-40,14,171.29,14,21,0.654,3
SYN_119177,urban,26-40,14,107.74,12,6,0.328,3
SYN_115832,rural,18-25,9,120.7,14,42,0.458,1
SYN_103464,rural,18-25,8,128.76,29,16,0.483,1
SYN_120625,urban,18-25,13,1209.22,1,19,0.404,0
SYN_128950,rural,18-25,10,1437.97,5,14,0.417,2
SYN_102019,urban,41+,19,952.0,1,15,0.1,1
SYN_105265,urban,41+,11,186.38,27,9,0.298,0
SYN_101318,rural,26-40,10,670.21,7,6,0.215,3
SYN_126043,rural,18-25,5,60.94,60,7,0.481,1
SYN_101644,urban,26-40,13,453.12,13,1,0.524,2
SYN_125028,urban,18-25,19,228.52,9,28,0.237,1
SYN_128718,rural,18-25,7,440.95,1,35,0.335,4
SYN_128109,urban,26-40,9,97.66,29,5,0.586,3
SYN_105100,urban,41+,11,102.15,4,39,0.345,4
SYN_129908,urban,41+,14,198.7,2,4,0.856,2
SYN_115292,rural,41+,11,1225.23,10,44,0.604,0
SYN_105542,urban,26-40,16,436.8,55,24,0.426,2
SYN_108596,rural,26-40,11,312.56,6,29,0.309,0
SYN_110044,urban,26-40,11,145.98,9,2,0.655,2
SYN_109392,urban,18-25,22,154.65,57,29,0.207,2
SYN_110156,urban,26-40,12,310.62,3,21,0.327,3
SYN_126939,rural,41+,10,310.74,17,47,0.382,2
SYN_124125,urban,26-40,15,559.99,17,44,0.294,5
SYN_108113,rural,41+,8,457.05,13,46,0.464,1
SYN_102379,rural,18-25,15,311.11,2,8,0.527,2
SYN_126546,urban,26-40,13,1810.92,37,32,0.324,0
SYN_106522,urban,41+,13,563.86,44,47,0.113,1
SYN_102492,urban,41+,11,202.31,25,38,0.112,0
SYN_107642,urban,26-40,18,75.53,13,45,0.741,1
SYN_125339,urban,18-25,15,601.73,45,1,0.151,0
SYN_123502,urban,18-25,13,706.15,5,16,0.18,2
SYN_128862,urban,26-40,9,227.88,8,21,0.238,0
SYN_121059,urban,18-25,16,114.58,43,5,0.239,0
SYN_111884,urban,18-25,16,883.03,8,22,0.479,3
SYN_104439,urban,18-25,13,610.68,32,13,0.445,0
SYN_123234,rural,41+,5,488.21,12,34,0.829,1
SYN_112905,rural,18-25,10,947.28,5,20,0.393,2
SYN_128386,urban,41+,25,585.8,28,43,0.639,2
SYN_105513,urban,41+,11,137.68,13,13,0.227,1
SYN_127913,rural,18-25,7,842.59,6,39,1.0,2
SYN_109914,urban,18-25,14,2087.95,1,5,0.296,1
SYN_112841,urban,41+,13,466.73,22,40,0.497,0
SYN_106851,urban,26-40,10,1018.54,7,42,0.339,1
SYN_111061,urban,26-40,11,179.27,29,5,0.755,4
SYN_103805,urban,18-25,10,346.3,19,28,0.486,2
SYN_128730,urban,41+,14,711.24,21,43,0.632,2
SYN_118719,urban,26-40,16,199.4,5,11,0.136,2
SYN_122665,rural,41+,10,421.95,3,1,0.314,3
SYN_114305,urban,41+,17,196.73,55,39,0.526,1
SYN_111761,urban,18-25,16,184.11,7,8,0.215,2
SYN_114921,rural,26-40,8,193.36,1,21,1.0,1
SYN_107414,rural,41+,13,1100.98,4,35,0.902,0
SYN_100643,urban,41+,10,87.87,25,24,0.219,1
SYN_107125,rural,41+,7,916.23,2,9,0.877,0
SYN_118704,urban,18-25,16,390.75,13,29,0.292,1
SYN_110130,rural,18-25,10,631.11,7,14,0.343,0
SYN_115282,rural,26-40,9,109.79,3,19,0.336,1
SYN_124896,urban,18-25,10,990.01,16,18,0.762,0
SYN_110597,urban,41+,16,338.16,11,20,0.449,2
SYN_126879,urban,41+,16,351.43,13,39,0.466,0
SYN_104684,rural,41+,7,78.93,41,29,0.693,0
SYN_117952,urban,18-25,12,999.23,11,22,0.568,0
SYN_122476,rural,26-40,8,358.97,23,12,0.674,1
SYN_126225,urban,18-25,16,476.15,58,21,0.344,2
SYN_121254,urban,18-25,13,999.05,38,25,0.387,2
SYN_114106,rural,26-40,13,378.71,31,34,0.504,1
SYN_113401,urban,26-40,17,340.55,20,1,0.476,0
SYN_120929,urban,26-40,13,114.4,1,12,0.481,1
SYN_128572,urban,26-40,12,428.67,9,20,0.48,3
SYN_110431,rural,26-40,8,420.3,1,34,0.735,0
SYN_120100,urban,26-40,27,62.39,44,33,0.436,2
SYN_104615,urban,41+,18,577.8,60,14,0.387,1
SYN_125808,urban,26-40,11,228.56,27,12,0.181,2
SYN_105329,urban,26-40,8,258.7,17,23,0.62,1
SYN_116433,rural,26-40,6,217.67,22,46,0.344,2
SYN_114207,rural,18-25,4,1214.98,1,29,0.887,0
SYN_113570,urban,18-25,15,123.61,16,27,0.411,0
SYN_125380,rural,41+,5,221.7,9,46,0.282,2
SYN_106030,urban,18-25,16,74.61,10,18,0.793,4
SYN_105209,urban,18-25,8,934.88,13,9,0.519,1
SYN_102353,urban,41+,8,146.59,41,33,0.542,1
SYN_105109,rural,26-40,13,62.36,40,14,0.719,0
SYN_116728,rural,26-40,13,879.73,3,5,0.709,0
SYN_101364,urban,41+,12,338.63,53,40,0.328,0
SYN_123164,urban,41+,11,435.36,2,16,0.133,4
SYN_101657,rural,41+,6,2058.11,22,31,0.624,4
SYN_100933,rural,26-40,4,114.86,10,20,0.586,0
SYN_115681,urban,26-40,15,179.81,6,8,0.065,1
SYN_115348,urban,18-25,8,739.81,14,28,0.734,2
SYN_107967,rural,18-25,12,57.54,4,11,0.255,1
SYN_108301,urban,18-25,18,879.43,16,9,0.088,1
SYN_125793,urban,41+,20,248.18,23,47,0.861,3
SYN_117043,urban,26-40,13,962.12,3,36,0.58,2
SYN_125666,rural,26-40,9,509.92,60,14,0.649,2
SYN_103588,rural,41+,9,1120.47,15,35,0.551,1
SYN_107956,urban,41+,12,562.55,27,17,0.287,0
SYN_114165,urban,26-40,17,73.72,12,4,0.455,1
SYN_100816,rural,41+,12,1093.07,32,1,0.505,0
SYN_125673,rural,18-25,9,1935.97,3,26,0.516,0
SYN_113783,urban,26-40,10,494.24,2,32,0.275,2
SYN_129750,rural,41+,7,266.78,9,39,0.542,1
SYN_107535,rural,41+,9,344.19,13,24,0.492,0
SYN_112309,urban,18-25,19,75.29,21,14,0.424,2
SYN_129426,rural,41+,9,578.59,60,7,0.498,0
SYN_128124,urban,26-40,19,110.87,28,30,0.223,1
SYN_125972,urban,41+,12,492.72,1,16,0.148,0
SYN_114333,urban,26-40,19,637.33,7,4,0.318,0
SYN_123225,urban,18-25,8,1423.6,10,40,0.415,1
SYN_125843,urban,18-25,22,72.94,16,7,0.148,1
SYN_106405,rural,18-25,11,435.19,23,41,0.438,1
SYN_104355,rural,26-40,8,543.41,51,47,0.537,1
SYN_126838,urban,26-40,17,1333.61,3,35,0.178,0
SYN_125473,urban,41+,17,421.78,2,20,0.648,0
SYN_124111,urban,41+,18,437.05,21,5,0.369,3
SYN_112196,urban,18-25,16,233.11,48,36,0.255,2
SYN_110262,urban,41+,9,397.4,3,6,0.618,0
SYN_110765,urban,41+,16,769.62,6,25,0.231,1
SYN_127757,rural,41+,5,525.32,5,17,0.473,1
SYN_124501,urban,41+,12,194.98,24,34,0.19,1
SYN_123325,urban,41+,12,483.87,55,34,0.241,0
SYN_102287,rural,26-40,3,234.28,21,34,0.385,0
SYN_124123,rural,26-40,7,132.6,60,23,0.399,2
SYN_124010,rural,18-25,12,968.46,10,15,0.716,2
SYN_122270,urban,18-25,14,677.18,6,6,0.384,0
SYN_126392,rural,26-40,6,708.61,10,18,0.511,0
SYN_126972,rural,26-40,8,801.5,25,44,0.517,3
SYN_126549,rural,41+,7,444.14,7,33,0.758,0
SYN_101207,urban,18-25,15,692.43,1,44,0.294,2
SYN_112693,urban,26-40,12,151.59,10,47,0.29,2
SYN_120703,rural,26-40,9,72.53,6,37,0.405,1
SYN_123599,urban,26-40,14,95.32,19,24,0.238,1
SYN_120433,rural,18-25,7,732.29,24,21,0.486,1
SYN_113105,rural,18-25,7,1578.43,4,41,0.702,1
SYN_125145,urban,41+,14,508.76,21,3,0.23,1
SYN_123527,urban,26-40,12,981.31,21,17,0.463,1
SYN_105371,rural,26-40,7,86.99,18,9,0.761,0
SYN_129121,rural,26-40,8,448.7,32,42,0.222,3
SYN_100695,urban,18-25,14,65.08,7,5,0.327,1
SYN_129097,urban,18-25,19,695.43,12,24,0.096,1
SYN_111342,urban,26-40,11,69.85,16,35,0.602,1
SYN_103076,urban,41+,10,1089.52,11,18,0.569,0
SYN_120709,rural,26-40,8,256.09,8,16,0.368,0
SYN_105758,urban,26-40,12,1327.22,18,44,0.178,1
SYN_101636,urban,18-25,11,347.02,5,24,0.615,1
SYN_117748,urban,18-25,13,1099.42,23,44,0.156,1
SYN_103243,urban,26-40,14,608.25,9,1,0.521,4
SYN_104884,rural,26-40,4,236.84,60,1,0.766,2
SYN_117876,urban,26-40,15,98.32,15,20,0.254,1
SYN_119225,urban,26-40,11,72.34,33,19,0.097,0
SYN_106395,rural,26-40,6,153.07,23,17,0.366,1
SYN_110671,rural,26-40,10,1129.58,1,14,0.361,2
SYN_115877,rural,18-25,6,246.07,3,4,0.714,0
SYN_125404,rural,41+,8,398.19,15,31,0.965,2
SYN_127241,urban,41+,10,852.62,29,27,0.453,2
SYN_111960,urban,26-40,14,106.88,1,9,0.388,0
SYN_102219,urban,18-25,10,150.93,16,38,0.022,0
SYN_110447,urban,18-25,20,944.47,19,29,0.525,1
SYN_112623,urban,26-40,8,957.42,51,1,0.392,1
SYN_120535,urban,41+,14,1626.28,60,37,0.404,0
SYN_100089,urban,26-40,22,142.1,5,4,0.774,1
SYN_122508,rural,26-40,10,378.09,1,39,0.377,0
SYN_117156,urban,26-40,11,296.85,9,17,0.321,2
SYN_111525,rural,18-25,4,164.83,7,22,0.887,0
SYN_128973,urban,18-25,16,538.57,9,29,0.437,1
SYN_129389,urban,26-40,11,379.58,15,24,0.351,1
SYN_119700,urban,18-25,20,1093.53,2,32,0.609,1
SYN_100520,rural,18-25,6,1303.61,8,35,0.467,1
SYN_114459,urban,26-40,11,352.0,24,10,0.104,3
SYN_125742,urban,41+,12,271.28,4,22,0.508,0
SYN_104467,rural,41+,10,688.66,4,45,0.702,2
SYN_118962,rural,26-40,14,130.25,10,14,0.386,1
SYN_118380,urban,26-40,8,391.82,3,34,0.025,2
SYN_129475,urban,18-25,13,394.38,5,5,0.377,2
SYN_105171,rural,26-40,12,96.92,15,15,0.349,3
SYN_116196,urban,26-40,16,137.42,19,26,0.208,0
SYN_101983,urban,26-40,12,89.3,29,13,0.264,2
SYN_109363,urban,26-40,12,1231.98,18,4,0.255,2
SYN_120355,urban,26-40,13,53.57,19,27,0.351,0
SYN_118248,rural,41+,14,196.51,3,30,0.274,0
SYN_119485,rural,26-40,9,350.07,47,21,0.574,0
SYN_113518,urban,18-25,20,435.9,25,18,0.376,2
SYN_110576,rural,26-40,12,229.01,3,44,0.751,1
SYN_117754,urban,18-25,14,61.46,1,21,0.346,1
SYN_122924,urban,18-25,8,439.17,7,38,0.184,2
SYN_128102,rural,26-40,9,55.94,25,32,0.634,2
SYN_124703,rural,18-25,7,223.94,3,26,0.476,1
SYN_102782,rural,41+,13,200.57,13,47,0.96,0
SYN_122031,urban,18-25,13,494.41,3,40,0.574,0
SYN_108183,urban,18-25,12,710.68,2,8,0.34,1
SYN_110954,rural,26-40,13,238.08,22,45,0.509,1
SYN_120151,urban,26-40,13,306.37,15,32,0.762,1
SYN_103630,urban,41+,13,577.01,8,22,0.237,1
SYN_104287,urban,26-40,12,96.44,60,37,0.351,1
SYN_129425,urban,41+,13,720.07,35,4,0.264,3
SYN_125038,urban,18-25,11,252.08,7,4,0.132,2
SYN_127131,urban,26-40,10,164.49,19,10,0.227,2
SYN_127815,urban,41+,6,760.28,4,18,0.377,0
SYN_119030,rural,26-40,10,398.72,44,42,0.383,1
SYN_103337,rural,41+,10,79.92,3,33,0.347,0
SYN_112683,urban,26-40,12,165.88,5,34,0.35,0
SYN_129282,urban,18-25,12,320.54,59,4,0.674,0
SYN_108068,urban,18-25,14,1147.98,33,22,0.266,0
SYN_113502,urban,26-40,20,419.32,4,8,0.572,1
SYN_107077,rural,18-25,12,1050.19,21,45,0.674,2
SYN_128125,rural,26-40,14,639.23,30,19,0.341,1
SYN_116518,urban,26-40,18,423.58,5,36,0.376,2
SYN_121331,urban,26-40,15,473.87,14,22,0.699,0
SYN_125081,urban,26-40,13,790.65,12,24,0.641,2
SYN_119528,rural,26-40,9,254.51,4,45,0.434,0
SYN_117826,urban,26-40,15,677.12,2,45,0.082,2
SYN_123688,rural,41+,3,159.48,6,13,0.598,1
SYN_109676,urban,26-40,12,723.1,1,40,0.242,2
SYN_114229,urban,26-40,16,167.29,1,16,0.627,3
SYN_125763,urban,26-40,7,461.43,13,20,0.169,0
SYN_129352,rural,26-40,8,427.62,3,22,0.47,1
SYN_127741,urban,41+,19,399.55,10,43,0.316,2
SYN_117655,rural,26-40,8,723.44,5,35,0.547,0
SYN_121819,rural,41+,6,819.22,37,46,0.645,0
SYN_100256,rural,41+,7,95.87,6,24,0.536,2
SYN_129507,urban,26-40,12,273.66,3,19,0.242,0
SYN_117023,rural,41+,6,589.33,7,11,0.878,1
SYN_109062,urban,26-40,13,808.44,60,26,0.414,0
SYN_129752,urban,26-40,8,2282.08,22,9,0.427,2
SYN_119155,rural,41+,11,1066.13,43,18,0.351,2
SYN_118241,urban,26-40,13,202.06,2,38,0.667,0
SYN_123811,rural,26-40,6,102.92,12,3,0.559,0
SYN_128178,urban,18-25,17,117.62,30,25,0.245,2
SYN_126555,urban,26-40,18,559.22,4,3,0.274,3
SYN_116773,urban,41+,23,1854.02,15,45,0.835,0
SYN_107190,urban,41+,19,122.73,24,4,0.198,2
SYN_120989,urban,18-25,19,51.91,9,25,0.459,1
SYN_112662,urban,26-40,14,108.45,16,16,0.238,0
SYN_120373,urban,41+,27,462.2,4,6,0.685,2
SYN_119075,urban,26-40,11,240.13,60,14,0.826,1
SYN_107612,rural,18-25,11,604.05,15,3,0.413,1
SYN_129915,urban,18-25,15,506.99,1,9,0.17,2
SYN_123093,urban,26-40,19,845.11,11,27,0.494,2
SYN_122232,rural,18-25,8,304.0,32,27,0.759,1
SYN_106992,rural,26-40,11,730.52,6,33,0.343,1
SYN_124046,rural,41+,13,465.27,7,41,0.511,0
SYN_113749,urban,26-40,13,807.28,2,39,0.247,1
SYN_118939,rural,18-25,9,75.26,3,6,0.555,2
SYN_107194,rural,41+,7,357.02,2,28,0.645,1
SYN_110860,urban,41+,8,410.16,27,15,0.443,0
SYN_121893,urban,18-25,11,80.71,26,9,0.237,2
SYN_103172,rural,18-25,7,819.42,39,18,0.8,2
SYN_116783,urban,26-40,14,368.62,15,34,0.529,2
SYN_128138,urban,41+,10,1312.05,10,44,0.454,1
SYN_124794,rural,26-40,7,284.04,11,11,0.694,1
SYN_102349,urban,26-40,15,505.45,13,38,0.316,1
SYN_105581,urban,41+,20,267.52,13,26,0.217,1
SYN_118301,urban,41+,11,1058.95,44,23,0.084,1
SYN_123133,rural,41+,9,365.22,19,19,0.651,1
SYN_105569,rural,41+,9,595.6,5,18,0.623,0
SYN_122566,urban,41+,18,712.89,60,11,0.571,2
SYN_108059,rural,26-40,11,677.75,36,8,0.654,3
SYN_105504,rural,26-40,10,407.2,3,26,0.491,2
SYN_126796,urban,26-40,10,321.75,54,7,0.68,2
SYN_117814,rural,26-40,6,376.7,14,23,0.328,1
SYN_107661,rural,26-40,9,429.43,14,34,0.25,3
SYN_111130,urban,26-40,10,458.42,20,22,0.768,0
SYN_127465,urban,26-40,10,52.73,14,26,0.198,2
SYN_128184,urban,18-25,12,285.01,17,44,0.156,3
SYN_107805,rural,26-40,8,600.14,56,45,0.652,0
SYN_125709,rural,26-40,7,1595.16,8,45,0.851,1
SYN_104810,urban,18-25,17,127.96,16,2,0.372,0
SYN_118821,rural,41+,12,144.38,25,40,0.494,2
SYN_101353,urban,26-40,13,345.48,60,13,0.441,3
SYN_120264,rural,26-40,10,157.74,12,43,0.373,4
SYN_106764,urban,26-40,17,527.5,60,5,0.488,1
SYN_116446,urban,41+,9,307.63,1,41,0.653,2
SYN_109830,rural,18-25,11,1251.46,5,18,0.598,1
SYN_100319,rural,26-40,7,117.22,31,39,0.739,2
SYN_106298,urban,18-25,14,210.93,7,1,0.242,4
SYN_125660,urban,26-40,11,778.37,25,20,0.622,0
SYN_120427,rural,26-40,10,545.86,60,24,0.473,1
SYN_116586,rural,18-25,11,598.04,14,12,0.749,2
SYN_129900,rural,41+,5,646.95,1,36,0.721,3
SYN_123177,urban,18-25,12,1240.72,5,21,0.389,1
SYN_114762,urban,26-40,15,879.09,17,29,0.424,3
SYN_125084,rural,26-40,8,215.62,12,9,0.886,2
SYN_100469,urban,18-25,17,168.42,60,12,0.107,1
SYN_125949,urban,26-40,13,1037.07,60,23,0.593,2
SYN_102073,rural,18-25,6,1203.96,32,4,0.606,3
SYN_114967,urban,26-40,16,60.6,23,12,0.149,1
SYN_111184,urban,26-40,13,332.2,22,18,0.242,1
SYN_100576,rural,26-40,11,296.31,60,4,0.719,0
SYN_120884,rural,26-40,5,261.51,7,27,0.516,1
SYN_104989,urban,41+,18,391.7,10,4,0.446,2
SYN_117279,urban,26-40,16,414.92,15,14,0.698,0
SYN_127211,urban,41+,14,400.4,17,44,0.098,2
SYN_115853,urban,18-25,18,184.34,29,27,0.621,0
SYN_103941,urban,26-40,14,239.93,10,17,0.452,1
SYN_115554,rural,26-40,6,260.83,13,15,0.573,2
SYN_114611,urban,41+,16,143.17,4,45,0.269,0
SYN_112254,urban,18-25,13,199.31,11,44,0.181,0
SYN_106285,urban,26-40,12,316.53,41,2,0.175,0
SYN_117566,urban,26-40,18,210.47,17,40,0.109,1
SYN_111721,urban,26-40,13,128.87,16,13,0.811,1
SYN_119717,rural,26-40,9,263.16,15,35,0.481,0
SYN_119259,urban,26-40,18,527.47,44,25,0.499,2
SYN_127500,urban,41+,17,1382.68,1,38,0.324,2
SYN_113115,rural,41+,14,803.5,10,45,0.386,1
SYN_107732,urban,26-40,12,186.56,9,31,0.514,1
SYN_117747,rural,26-40,6,136.85,19,33,0.639,2
SYN_118439,urban,18-25,13,1009.88,7,35,0.166,1
SYN_105754,urban,41+,13,606.73,3,27,0.06,0
SYN_100400,urban,18-25,12,127.75,4,43,0.306,1
SYN_114370,rural,18-25,12,1131.67,24,37,0.207,0
SYN_119362,rural,26-40,11,725.34,36,5,0.639,1
SYN_129284,urban,26-40,10,244.49,14,14,0.535,0
SYN_125160,rural,18-25,10,232.84,48,5,0.611,2
SYN_108496,urban,26-40,6,146.23,9,6,0.44,1
SYN_113086,urban,41+,9,237.62,11,26,0.555,4
SYN_125787,urban,41+,15,496.32,10,4,0.097,1
SYN_113410,rural,26-40,16,243.41,17,19,0.407,2
SYN_107926,urban,26-40,13,226.49,23,31,0.553,1
SYN_100910,rural,26-40,13,634.25,8,30,0.73,0
SYN_103159,urban,18-25,16,859.94,2,28,0.197,0
SYN_123353,urban,26-40,8,387.74,24,44,0.298,2
SYN_129678,rural,41+,6,1311.16,12,23,0.417,2
SYN_109541,rural,18-25,9,89.83,3,29,0.439,1
SYN_103266,urban,18-25,9,408.84,42,10,0.465,2
SYN_115271,rural,41+,11,130.43,7,5,0.268,1
SYN_106412,urban,26-40,11,371.37,5,27,0.586,1
SYN_105033,urban,41+,14,1585.39,39,23,0.281,1
SYN_119971,rural,18-25,16,198.45,9,15,0.47,0
SYN_101348,urban,41+,18,969.53,6,38,0.274,0
SYN_122523,urban,18-25,14,382.66,4,18,0.533,1
SYN_105140,rural,18-25,4,188.26,18,39,1.0,0
SYN_101231,urban,41+,12,297.92,31,39,0.712,1
SYN_111209,urban,18-25,16,388.04,13,5,0.802,3
SYN_128539,urban,26-40,14,171.19,14,5,0.573,0
SYN_114763,urban,18-25,12,1225.72,10,24,0.528,2
SYN_116279,urban,18-25,19,694.97,16,15,0.358,1
SYN_118127,urban,18-25,15,121.57,5,16,0.395,1
SYN_121646,rural,41+,8,50.92,23,32,0.507,0
SYN_100895,rural,18-25,9,55.38,18,29,0.883,2
SYN_123573,rural,18-25,6,189.51,17,22,0.405,4
SYN_115818,urban,26-40,12,403.96,2,3,0.231,1
SYN_119108,rural,26-40,6,1341.06,6,36,0.558,2
SYN_125894,rural,18-25,9,516.68,10,40,0.752,4
SYN_115079,urban,26-40,13,197.13,21,34,0.428,1
SYN_120084,rural,26-40,7,313.19,14,20,0.542,1
SYN_109444,rural,26-40,8,103.76,23,12,0.49,0
SYN_114393,rural,18-25,5,197.06,32,41,0.688,1
SYN_124319,urban,26-40,10,755.78,4,16,0.276,3
SYN_102748,urban,41+,9,478.46,2,13,0.447,1
SYN_123676,rural,18-25,9,350.84,8,1,0.523,3
SYN_112852,urban,18-25,16,308.57,2,45,0.685,0
SYN_105868,urban,26-40,20,566.74,9,27,0.681,2
SYN_111066,rural,18-25,4,298.77,35,33,0.736,2
SYN_102156,urban,18-25,16,565.43,45,36,0.302,0
SYN_106278,rural,41+,8,1750.59,7,28,0.669,2
SYN_110488,rural,26-40,9,248.74,9,12,0.454,1
SYN_128923,urban,18-25,15,448.62,17,9,0.396,3
SYN_103256,urban,41+,12,386.9,5,40,0.249,1
SYN_122662,rural,26-40,8,75.02,31,39,0.724,0
SYN_114569,rural,41+,9,451.8,25,40,0.618,1
SYN_118945,rural,26-40,11,170.93,1,5,0.445,1
SYN_110803,urban,26-40,12,353.49,17,46,0.473,2
SYN_124428,rural,26-40,9,791.67,16,29,0.262,1
SYN_120465,rural,26-40,3,66.03,10,33,0.408,1
SYN_116835,urban,26-40,6,295.49,24,28,0.496,0
SYN_124942,urban,26-40,10,1094.21,5,43,0.307,4
SYN_117628,rural,26-40,11,286.57,2,44,0.326,0
SYN_107156,rural,26-40,8,598.91,12,46,0.425,1
SYN_114172,rural,41+,12,592.96,29,19,0.411,1
SYN_104764,urban,26-40,12,195.58,2,26,0.545,0
SYN_119747,urban,18-25,17,316.51,41,27,0.074,2
SYN_100136,rural,26-40,10,214.32,5,10,0.356,0
SYN_105173,urban,41+,16,366.26,7,41,0.242,4
SYN_109722,urban,18-25,15,113.38,4,14,0.418,1
SYN_125216,rural,18-25,2,542.42,33,7,0.53,0
SYN_121085,urban,26-40,17,885.94,7,8,0.529,0
SYN_102530,rural,26-40,9,290.16,11,33,0.823,1
SYN_102120,urban,18-25,17,242.41,1,18,0.295,3
SYN_107772,urban,26-40,24,1938.99,11,38,0.408,1
SYN_108392,urban,18-25,17,1676.33,6,35,0.573,0
SYN_118440,rural,26-40,7,460.33,17,29,0.301,2
SYN_128922,urban,18-25,9,264.45,10,17,0.346,1
SYN_106488,urban,26-40,17,323.15,60,5,0.256,2
SYN_109787,urban,26-40,13,363.54,21,36,0.12,1
SYN_101511,urban,18-25,15,306.42,29,39,0.205,1
SYN_113304,rural,26-40,10,742.28,27,14,0.717,0
SYN_116231,rural,18-25,11,474.13,11,1,1.0,3
SYN_106329,urban,26-40,10,504.74,3,9,0.681,3
SYN_108273,rural,41+,13,532.55,1,31,0.385,2
SYN_109260,rural,26-40,13,218.7,23,7,0.42,1
SYN_116877,urban,26-40,12,234.44,35,11,0.459,2
SYN_122639,rural,41+,6,388.23,10,36,0.823,0
SYN_108575,urban,41+,12,786.53,60,20,0.55,3
SYN_109557,rural,26-40,6,746.7,6,12,0.263,0
SYN_127355,urban,41+,15,198.21,15,17,0.244,0
SYN_121721,urban,26-40,12,369.34,8,3,0.241,2
SYN_104375,urban,26-40,10,184.67,17,6,0.312,2
SYN_126667,rural,26-40,8,118.49,34,42,0.744,0
SYN_109976,rural,26-40,9,396.64,2,30,0.59,0
SYN_102799,rural,26-40,4,114.51,3,8,0.715,2
SYN_126582,urban,18-25,15,510.85,1,16,0.415,0
SYN_109721,rural,41+,8,375.67,1,35,0.905,1
SYN_121137,rural,26-40,6,955.42,45,31,0.676,1
SYN_128657,urban,18-25,14,2092.2,21,32,0.501,3
SYN_117419,urban,26-40,18,510.6,11,2,0.473,2
SYN_105295,urban,18-25,14,146.92,10,17,0.634,0
SYN_127611,urban,41+,10,540.72,19,35,0.391,3
SYN_116069,urban,26-40,13,478.34,24,27,0.575,1
SYN_116809,urban,26-40,10,77.44,16,21,0.111,2
SYN_101369,urban,18-25,7,235.38,42,23,0.442,1
SYN_118924,urban,41+,16,175.85,9,38,0.533,1
SYN_105340,urban,26-40,13,327.56,60,13,0.125,4
SYN_122965,urban,18-25,19,307.93,4,2,0.296,0
SYN_105437,urban,18-25,17,353.49,29,21,0.062,1
SYN_119011,rural,18-25,12,460.95,16,35,0.482,1
SYN_113791,rural,18-25,6,138.64,4,4,0.409,2
SYN_118844,urban,18-25,13,55.79,7,39,0.504,1
SYN_121996,urban,26-40,11,401.56,7,23,0.228,1
SYN_114918,rural,18-25,12,175.37,49,28,0.76,1
SYN_121332,rural,41+,12,333.63,17,43,0.636,4
SYN_101487,urban,26-40,12,226.01,36,37,0.347,1
SYN_100730,urban,26-40,12,623.74,2,1,0.578,1
SYN_112970,urban,18-25,10,168.66,24,8,0.48,2
SYN_129850,urban,26-40,13,361.46,2,41,0.275,3
SYN_121422,urban,41+,15,263.56,13,47,0.159,2
SYN_117109,urban,41+,12,468.87,16,9,0.672,1
SYN_126324,rural,26-40,9,103.06,9,11,0.704,0
SYN_100429,rural,26-40,11,762.51,13,13,0.2,1
SYN_126050,urban,26-40,16,67.29,10,19,0.48,2
SYN_100942,urban,26-40,11,455.72,1,10,0.381,2
SYN_129592,rural,18-25,8,180.26,48,17,0.368,2
SYN_102524,rural,18-25,10,240.05,7,15,0.379,1
SYN_116920,urban,26-40,12,508.68,28,44,0.218,2
SYN_114404,rural,18-25,8,59.58,8,38,0.303,0
SYN_124200,rural,18-25,7,1364.05,2,42,0.822,2
SYN_108595,rural,18-25,9,386.47,18,30,0.672,1
SYN_100187,urban,26-40,20,514.11,19,44,0.447,0
SYN_105382,rural,41+,7,262.21,59,6,0.425,3
SYN_129448,urban,26-40,11,347.58,5,32,0.104,2
SYN_118354,urban,26-40,20,81.09,11,16,0.725,1
SYN_108725,rural,41+,10,129.75,10,1,0.977,4
SYN_125563,urban,26-40,12,305.01,17,34,0.534,1
SYN_108016,rural,18-25,9,563.42,32,7,0.314,1
SYN_122616,urban,41+,10,98.15,19,16,0.519,0
SYN_114920,urban,41+,12,575.78,9,21,0.599,2
SYN_100052,rural,26-40,5,854.36,27,44,0.637,2
SYN_114175,urban,41+,16,59.75,25,24,0.225,1
SYN_103038,urban,26-40,18,912.52,21,37,0.597,4
SYN_103975,urban,41+,15,90.13,34,8,0.333,1
SYN_117006,rural,18-25,7,507.56,10,22,0.423,0
SYN_107423,urban,41+,7,735.05,8,28,0.043,0
SYN_105179,urban,18-25,10,357.62,60,25,0.54,2
SYN_111275,urban,26-40,14,204.32,2,1,0.246,1
SYN_125683,urban,41+,11,439.15,3,31,0.56,0
SYN_120052,rural,26-40,12,420.68,49,11,0.774,2
SYN_110383,rural,41+,8,127.86,1,39,0.46,1
SYN_112194,urban,41+,9,274.5,4,37,0.543,0
SYN_114986,rural,26-40,8,345.05,52,6,0.293,4
SYN_111790,rural,41+,12,79.78,15,27,0.896,1
SYN_103360,urban,18-25,15,1519.55,23,19,0.24,0
SYN_113231,urban,41+,18,818.27,9,11,0.323,0
SYN_119652,urban,41+,13,253.79,8,2,0.691,2
SYN_111580,urban,41+,9,260.34,5,33,0.442,2
SYN_116994,urban,18-25,17,810.83,37,23,0.838,0
SYN_105241,urban,26-40,8,419.61,11,10,0.603,3
SYN_123292,rural,26-40,7,2383.85,5,16,0.349,1
SYN_105288,urban,18-25,19,54.31,15,4,0.189,1
SYN_123450,rural,41+,11,379.38,20,27,0.701,3
SYN_103340,urban,41+,13,58.26,1,12,0.237,3
SYN_107945,urban,26-40,17,341.16,4,47,0.396,2
SYN_122093,urban,18-25,13,110.81,6,6,0.421,2
SYN_118180,urban,41+,13,124.77,15,27,0.361,1
SYN_112945,urban,18-25,22,442.36,32,13,0.144,3
SYN_117759,urban,26-40,12,759.62,2,43,0.389,0
SYN_129494,rural,26-40,13,179.06,4,17,0.709,2
SYN_120670,rural,41+,13,221.5,1,2,0.619,2
SYN_121494,urban,18-25,19,166.24,42,16,0.539,1
SYN_126329,urban,18-25,10,196.89,16,13,0.384,1
SYN_121120,urban,41+,15,1267.84,46,10,0.336,3
SYN_116338,urban,26-40,15,156.4,16,13,0.585,2
SYN_115384,urban,18-25,15,260.63,17,10,0.198,0
SYN_101088,urban,26-40,6,586.72,32,46,0.499,0
SYN_113504,urban,26-40,10,225.76,5,16,0.548,2
SYN_128188,rural,26-40,6,60.98,16,34,0.576,0
SYN_112436,urban,26-40,10,424.35,18,15,0.409,3
SYN_128766,urban,26-40,22,293.37,5,4,0.436,1
SYN_104384,rural,26-40,10,127.7,17,18,0.368,1
SYN_124857,urban,26-40,14,372.2,33,14,0.359,1
SYN_110523,urban,26-40,17,640.91,3,40,0.59,2
SYN_129185,urban,26-40,13,765.2,6,38,0.343,0
SYN_105488,urban,18-25,11,167.75,1,44,0.378,3
SYN_106810,urban,26-40,14,347.99,8,36,0.493,0
SYN_104232,rural,41+,7,823.89,8,18,0.41,3
SYN_121054,urban,26-40,18,1054.88,11,41,0.324,1
SYN_109291,rural,18-25,12,786.34,18,39,0.978,1
SYN_116001,urban,41+,12,1931.28,37,1,0.455,5
SYN_119985,urban,26-40,8,1022.88,43,45,0.566,0
SYN_123252,urban,26-40,12,157.41,1,31,0.136,0
SYN_120957,urban,41+,15,327.52,3,41,0.09,1
SYN_125561,urban,26-40,14,193.09,11,37,0.788,2
SYN_123884,rural,41+,4,118.12,17,18,0.819,3
SYN_121857,urban,26-40,13,121.14,1,7,0.436,2
SYN_111005,urban,18-25,25,610.16,7,19,0.273,1
SYN_128699,urban,18-25,14,413.22,12,47,0.089,0
SYN_114035,rural,18-25,8,231.38,32,18,0.255,1
SYN_110798,rural,26-40,15,378.87,8,33,0.561,1
SYN_117078,rural,18-25,16,184.87,16,43,0.644,1
SYN_104739,rural,26-40,9,239.49,34,45,0.522,1
SYN_119291,rural,18-25,9,262.49,18,45,0.293,1
SYN_105876,rural,18-25,7,77.37,11,16,0.406,0
SYN_107339,rural,26-40,5,267.44,9,23,0.706,1
SYN_122301,urban,18-25,14,190.61,8,11,0.306,3
SYN_120188,rural,18-25,10,615.43,11,36,0.356,0
SYN_115636,rural,26-40,9,272.6,2,4,0.545,2
SYN_114098,rural,18-25,5,292.41,29,34,0.654,5
SYN_129423,rural,18-25,13,228.07,9,31,0.511,3
SYN_100098,urban,18-25,15,321.91,9,17,0.656,0
SYN_123155,rural,26-40,8,512.62,21,14,0.883,1
SYN_109025,urban,26-40,8,85.37,1,29,0.32,0
SYN_125995,urban,26-40,14,687.76,2,10,0.564,3
SYN_129476,urban,26-40,16,710.52,58,12,0.334,3
SYN_108633,rural,18-25,6,515.78,11,21,0.694,2
SYN_101890,urban,26-40,10,733.49,10,46,0.154,0
SYN_113460,urban,26-40,15,80.84,6,45,0.432,1
SYN_115953,urban,18-25,11,448.77,6,8,0.176,2
SYN_108401,urban,18-25,14,61.64,20,38,0.502,3
SYN_106146,rural,26-40,6,106.59,8,5,0.271,1
SYN_113638,rural,18-25,12,70.04,40,16,0.547,1
SYN_105167,rural,26-40,7,262.39,12,19,0.588,0
SYN_125474,rural,41+,10,697.36,15,5,0.249,1
SYN_111406,rural,18-25,14,504.66,27,12,0.354,2
SYN_112614,urban,18-25,13,1705.31,27,28,0.298,1
SYN_125487,urban,18-25,11,445.85,36,38,0.428,0
SYN_101845,rural,18-25,7,200.49,6,11,0.473,2
SYN_104298,urban,18-25,18,98.54,16,44,0.462,0
SYN_105617,rural,18-25,7,310.0,9,35,0.398,0
SYN_110358,rural,41+,7,928.9,19,33,0.683,1
SYN_119018,urban,26-40,11,80.06,12,26,0.385,2
SYN_108114,urban,18-25,14,510.34,24,34,0.561,0
SYN_112977,urban,26-40,9,82.14,8,37,0.328,1
SYN_100891,rural,26-40,10,1119.05,14,22,0.59,1
SYN_113841,urban,26-40,14,56.99,6,19,0.248,2
SYN_116062,urban,41+,18,145.83,7,44,0.745,1
SYN_124447,rural,41+,6,125.28,20,41,0.578,1
SYN_111338,urban,26-40,11,1872.34,35,17,0.701,0
SYN_115122,urban,41+,15,196.66,17,22,0.227,4
SYN_106886,urban,41+,14,912.11,21,29,0.674,1
SYN_101403,urban,18-25,21,917.12,18,10,0.579,3
SYN_112577,rural,26-40,8,736.57,20,31,0.645,0
SYN_115092,urban,41+,14,770.56,13,2,0.488,2
SYN_106911,rural,26-40,15,372.98,2,13,0.585,1
SYN_125312,urban,41+,20,865.4,11,29,0.445,3
SYN_102650,rural,26-40,8,295.56,1,40,0.52,0
SYN_127983,rural,18-25,4,714.17,1,41,0.229,2
SYN_107916,rural,41+,12,381.21,56,38,0.501,3
SYN_107543,rural,41+,9,717.66,4,43,0.872,1
SYN_123852,urban,41+,6,752.46,7,47,0.264,0
SYN_116947,urban,26-40,14,371.11,4,34,0.184,2
SYN_103751,urban,18-25,14,677.81,28,25,0.165,2
SYN_102323,urban,18-25,13,604.43,12,26,0.476,2
SYN_124507,urban,41+,22,325.31,15,25,0.838,4
SYN_118613,rural,41+,11,568.57,12,25,0.257,1
SYN_116375,rural,41+,7,250.89,1,29,0.487,1
SYN_126124,rural,26-40,6,68.49,3,21,0.378,3
SYN_116411,rural,26-40,7,1000.41,17,12,0.588,3
SYN_127982,rural,26-40,10,588.08,18,10,0.363,2
SYN_115756,urban,41+,17,240.48,4,10,0.106,2
SYN_117366,rural,18-25,4,305.3,60,20,0.931,4
SYN_101086,rural,26-40,6,485.19,15,2,0.366,2
SYN_112938,rural,18-25,8,892.21,60,31,0.751,2
SYN_127496,urban,18-25,15,459.98,2,19,0.545,2
SYN_120099,urban,26-40,15,83.6,15,15,0.302,1
SYN_121097,urban,18-25,13,608.56,13,3,0.691,0
SYN_116889,rural,26-40,13,248.31,34,44,0.261,3
SYN_112555,urban,41+,9,452.76,17,46,0.239,1
SYN_109158,urban,26-40,9,591.0,51,24,0.303,4
SYN_109230,urban,41+,14,492.09,1,18,0.707,2
SYN_106233,urban,26-40,14,91.27,1,14,0.387,4
SYN_118680,rural,18-25,4,102.39,4,45,0.748,3
SYN_129689,rural,26-40,10,138.72,18,9,0.25,3
SYN_120197,urban,18-25,14,342.3,7,22,0.499,4
SYN_116488,urban,41+,10,1006.27,1,27,0.066,0
SYN_121224,rural,18-25,10,456.68,7,2,0.444,0
SYN_127693,rural,26-40,7,390.69,5,42,0.559,0
SYN_118158,rural,26-40,11,1288.66,60,1,0.468,1
SYN_101522,rural,41+,10,1089.16,2,5,0.27,3
SYN_106737,urban,18-25,11,141.47,3,38,0.654,4
SYN_109233,rural,18-25,9,1727.01,5,30,0.334,1
SYN_109723,urban,26-40,17,229.27,20,4,0.494,3
SYN_113023,urban,26-40,11,87.22,9,45,0.658,2
SYN_103950,urban,18-25,7,576.07,3,3,0.206,0
SYN_105355,rural,18-25,9,1224.97,10,1,0.94,1
SYN_126246,urban,26-40,10,170.89,5,8,0.093,3
SYN_126236,urban,41+,15,187.03,1,33,0.482,3
SYN_126415,rural,18-25,9,887.01,4,32,0.502,1
SYN_100889,rural,26-40,11,1066.6,23,26,0.507,2
SYN_108901,rural,26-40,11,113.0,9,6,0.629,0
SYN_115685,urban,26-40,11,259.29,15,42,0.386,4
SYN_101306,urban,26-40,11,171.55,3,11,0.438,0
SYN_119282,rural,18-25,13,971.15,8,5,0.285,3
SYN_116794,rural,41+,7,348.61,1,32,0.237,2
SYN_123739,urban,26-40,10,623.17,17,26,0.617,1
SYN_114900,rural,26-40,11,388.83,60,36,0.351,0
SYN_117248,urban,41+,15,801.91,20,44,0.294,0
SYN_125286,rural,26-40,10,445.83,8,2,0.634,2
SYN_108142,urban,26-40,15,1203.66,40,19,0.287,1
SYN_112570,rural,18-25,7,834.8,3,2,0.562,5
SYN_109774,rural,41+,11,62.22,1,39,0.677,0
SYN_103878,urban,18-25,15,1761.39,17,44,0.446,0
SYN_106039,urban,26-40,13,50.55,7,1,0.618,2
SYN_105720,rural,18-25,9,1078.95,17,12,0.523,4
SYN_107037,rural,26-40,8,455.44,13,39,0.241,0
SYN_110851,urban,41+,15,541.61,2,44,0.348,0
SYN_106384,urban,41+,19,543.19,13,24,0.413,2
SYN_102894,rural,26-40,12,179.78,11,27,0.643,1
SYN_129703,urban,41+,9,1278.62,3,32,0.68,0
SYN_125703,urban,26-40,12,1406.29,11,11,0.397,2
SYN_117735,rural,26-40,7,1303.55,7,29,0.483,1
SYN_105310,urban,26-40,15,184.03,17,13,0.496,2
SYN_105839,urban,18-25,19,1000.75,34,15,0.613,1
SYN_117216,urban,18-25,14,90.48,1,15,0.717,2
SYN_116296,urban,26-40,7,958.48,8,30,0.236,0
SYN_124417,urban,41+,14,940.87,1,10,0.257,1
SYN_115996,rural,26-40,12,168.0,6,39,0.186,0
SYN_104386,urban,18-25,12,250.49,12,6,0.29,0
SYN_111457,urban,41+,10,565.36,27,30,0.632,1
SYN_118818,rural,26-40,10,707.98,16,28,0.389,3
SYN_121017,rural,18-25,7,507.32,4,8,0.283,1
SYN_108715,urban,26-40,15,888.83,6,14,0.582,4
SYN_100028,urban,26-40,11,462.25,43,12,0.322,2
SYN_100212,urban,26-40,17,94.83,13,19,0.431,1
SYN_110226,rural,18-25,7,53.9,8,43,0.705,1
SYN_114850,urban,41+,14,164.97,10,35,0.506,2
SYN_109069,urban,18-25,17,2732.82,28,30,0.306,0
SYN_108805,urban,41+,15,563.65,4,2,0.492,1
SYN_125948,urban,26-40,16,763.2,49,44,0.43,1
SYN_121407,rural,26-40,6,103.94,39,17,0.813,2
SYN_126647,rural,18-25,6,736.22,60,20,0.459,3
SYN_111548,urban,18-25,10,126.26,19,47,0.266,1
SYN_124056,urban,26-40,12,438.39,1,39,0.139,1
SYN_101073,rural,26-40,6,92.64,10,4,0.173,1
SYN_121244,urban,18-25,11,1144.4,14,42,0.343,0
SYN_126471,rural,26-40,8,136.5,32,2,0.361,1
SYN_107684,urban,26-40,12,349.09,4,29,0.17,1
SYN_103641,urban,26-40,12,681.17,55,15,0.13,1
SYN_101446,rural,26-40,10,114.03,56,36,0.944,1
SYN_103732,urban,26-40,11,149.09,9,32,0.364,0
SYN_116092,urban,18-25,15,462.29,46,36,0.023,3
SYN_100722,urban,26-40,17,555.28,21,37,0.179,2
SYN_105376,urban,41+,12,259.01,32,2,0.74,0
SYN_116172,urban,18-25,16,318.58,6,29,0.505,0
SYN_112569,urban,26-40,15,1107.34,3,42,0.422,2
SYN_122581,rural,26-40,6,113.44,22,7,0.559,0
SYN_119695,urban,26-40,21,1083.56,15,37,0.456,1
SYN_117348,urban,26-40,12,273.72,24,8,0.579,0
SYN_103910,urban,18-25,10,63.6,26,36,0.387,1
SYN_100404,rural,26-40,7,1731.03,25,25,0.724,0
SYN_105911,urban,41+,17,400.38,3,45,0.802,3
SYN_121018,urban,41+,13,232.85,26,29,0.465,1
SYN_112279,rural,18-25,7,861.21,4,44,0.552,3
SYN_122980,rural,26-40,8,401.46,6,9,0.509,0
SYN_100275,urban,26-40,13,162.7,7,4,0.332,1
SYN_109440,urban,41+,9,100.7,2,9,0.865,1
SYN_124602,urban,41+,9,187.27,7,35,0.303,0
SYN_107164,rural,18-25,8,179.3,35,20,0.632,1
SYN_113004,urban,26-40,15,718.9,19,40,0.523,0
SYN_100258,urban,26-40,14,155.0,1,40,0.317,0
SYN_116272,urban,41+,16,146.93,12,25,0.326,0
SYN_102448,urban,26-40,15,196.64,1,15,0.564,0
SYN_100709,urban,26-40,12,607.67,6,32,0.409,2
SYN_114770,urban,26-40,15,562.83,33,46,0.436,2
SYN_127193,urban,41+,22,501.51,5,3,0.58,0
SYN_105594,urban,26-40,21,679.27,30,21,0.292,1
SYN_124040,urban,26-40,14,742.95,3,40,0.145,0
SYN_101976,urban,26-40,10,898.29,1,11,0.161,4
SYN_113446,rural,18-25,9,445.14,20,41,0.422,1
SYN_106311,rural,41+,14,228.15,10,5,0.542,2
SYN_101565,urban,41+,17,525.38,17,31,0.023,2
SYN_108078,rural,41+,14,280.17,5,41,0.601,2
SYN_128914,urban,18-25,22,329.74,34,38,0.504,2
SYN_119886,urban,26-40,13,815.7,24,30,0.287,0
SYN_102285,urban,18-25,12,448.89,3,43,0.21,1
SYN_118259,rural,26-40,9,93.39,52,22,0.267,2
SYN_111296,rural,41+,8,120.67,8,14,0.508,1
SYN_113804,urban,26-40,8,569.54,58,13,0.477,1
SYN_102040,urban,18-25,17,428.49,11,29,0.565,1
SYN_119724,urban,41+,20,1048.96,4,8,0.391,0
SYN_117290,rural,41+,13,495.19,10,36,0.426,2
SYN_119227,urban,18-25,9,214.23,20,13,0.288,1
SYN_112518,urban,18-25,15,219.27,24,37,0.301,2
SYN_106839,rural,18-25,9,798.89,34,8,0.522,5
SYN_117119,rural,26-40,8,856.27,3,47,0.39,2
SYN_104935,urban,41+,16,500.55,2,30,0.429,4
SYN_114371,urban,18-25,10,85.9,13,46,0.656,2
SYN_101723,urban,18-25,10,215.78,28,28,0.805,3
SYN_110972,rural,26-40,7,950.99,20,40,0.453,1
SYN_117788,rural,18-25,10,179.99,7,43,0.828,0
SYN_102128,urban,26-40,13,87.46,10,30,0.563,1
SYN_108133,rural,26-40,11,428.2,5,11,0.592,3
SYN_106322,rural,18-25,4,128.64,23,45,0.414,1
SYN_120399,urban,18-25,12,154.87,12,11,0.593,0
SYN_121355,urban,18-25,19,499.82,22,7,0.438,4
SYN_100650,urban,26-40,10,540.24,2,23,0.359,2
SYN_102297,urban,18-25,19,396.34,10,4,0.432,1
SYN_106958,urban,18-25,14,1094.39,20,19,0.461,1
SYN_106107,urban,26-40,11,152.19,23,19,0.381,1
SYN_127848,rural,41+,8,729.78,31,31,0.777,1
SYN_126222,urban,26-40,10,1069.18,4,10,0.038,1
SYN_104099,rural,26-40,13,538.51,48,10,0.536,1
SYN_109808,urban,41+,14,813.62,19,33,0.257,3
SYN_105844,urban,18-25,15,775.21,11,1,0.655,0
SYN_101710,rural,18-25,10,188.97,6,19,0.459,1
SYN_101665,rural,26-40,8,435.39,26,23,0.388,0
SYN_114220,urban,26-40,10,749.74,10,16,0.445,1
SYN_100119,rural,41+,5,204.39,60,19,0.922,3
SYN_123414,rural,41+,5,211.48,24,8,0.483,0
SYN_102549,urban,41+,8,172.49,20,46,0.573,1
SYN_119513,rural,18-25,12,142.86,15,40,0.712,2
SYN_120252,urban,18-25,12,1811.99,2,46,0.41,3
SYN_117808,urban,26-40,20,196.94,25,25,0.342,1
SYN_107829,urban,18-25,15,87.14,36,45,0.104,3
SYN_121769,urban,41+,12,135.82,1,24,0.597,0
SYN_124230,urban,26-40,14,54.56,27,15,0.414,1
SYN_111203,urban,18-25,19,80.84,60,25,0.266,2
SYN_129623,rural,26-40,17,233.72,33,44,0.757,0
SYN_118330,urban,26-40,15,142.06,1,43,0.265,3
SYN_110821,urban,26-40,14,910.01,2,25,0.155,2
SYN_115098,rural,26-40,11,377.29,27,26,0.66,1
SYN_111605,urban,26-40,8,752.73,3,23,0.431,1
SYN_127086,rural,41+,8,243.72,23,9,0.896,0
SYN_106413,rural,18-25,11,766.68,24,41,0.647,3
SYN_128824,rural,18-25,9,431.17,5,36,0.486,2
SYN_123201,rural,18-25,5,264.08,18,12,0.772,2
SYN_120832,urban,26-40,5,581.18,12,9,0.479,0
SYN_124583,rural,26-40,7,946.39,29,2,0.212,2
SYN_120822,rural,41+,9,201.02,19,28,0.725,1
SYN_112878,rural,26-40,8,191.9,18,12,0.296,2
SYN_123742,urban,26-40,14,694.86,17,19,0.336,1
SYN_112802,urban,26-40,10,53.66,30,10,0.212,0
SYN_114596,urban,41+,16,675.94,15,13,0.238,2
SYN_129889,rural,18-25,9,312.4,6,13,0.441,0
SYN_116984,urban,18-25,14,735.91,39,26,0.117,1
SYN_100976,urban,18-25,15,272.24,25,15,0.17,1
SYN_116925,rural,26-40,6,373.53,19,42,0.535,2
SYN_108443,urban,18-25,11,152.08,41,38,0.032,1
SYN_114910,urban,18-25,9,124.35,57,40,0.46,1
SYN_112463,urban,41+,20,1009.61,8,41,0.24,3
SYN_115464,rural,18-25,9,264.71,4,8,0.295,2
SYN_121385,urban,26-40,19,61.3,1,35,0.529,1
SYN_107977,rural,26-40,8,207.59,41,39,0.477,0
SYN_109052,rural,26-40,10,693.22,28,38,0.263,3
SYN_105705,urban,18-25,16,137.18,1,22,0.456,1
SYN_127758,urban,41+,12,442.31,26,33,0.472,1
SYN_103092,rural,26-40,11,648.92,15,1,0.89,2
SYN_118286,urban,18-25,6,451.02,18,40,0.425,0
SYN_116044,rural,26-40,8,476.58,32,19,0.786,3
SYN_102803,urban,26-40,10,355.5,1,44,0.088,1
SYN_114314,rural,41+,11,326.21,47,1,0.625,2
SYN_106670,urban,26-40,11,1067.22,12,18,0.612,0
SYN_119766,urban,18-25,13,51.86,8,26,0.093,1
SYN_107092,rural,26-40,6,253.43,2,21,1.0,1
SYN_108379,urban,26-40,11,394.61,31,26,0.428,1
SYN_102012,urban,18-25,15,73.28,38,15,0.475,0
SYN_128356,urban,18-25,5,1054.89,5,37,0.469,2
SYN_117739,urban,26-40,12,1384.05,4,20,0.767,1
SYN_107899,urban,18-25,12,166.94,9,4,0.506,2
SYN_106716,rural,26-40,13,99.02,5,8,0.476,2
SYN_120630,urban,26-40,10,142.02,1,5,0.296,0
SYN_109240,urban,41+,20,351.98,18,28,0.386,0
SYN_126343,rural,18-25,8,314.59,11,45,0.339,0
SYN_106945,rural,26-40,7,544.41,22,35,0.623,0
SYN_121477,urban,26-40,11,103.86,60,2,0.53,0
SYN_120976,urban,41+,22,50.58,25,17,0.671,0
SYN_101385,urban,26-40,9,771.83,17,33,0.347,4
SYN_108107,rural,26-40,5,502.79,32,42,0.272,2
SYN_119392,urban,26-40,6,1030.03,2,45,0.228,1
SYN_113711,rural,18-25,6,444.2,28,44,0.463,0
SYN_114328,rural,26-40,5,343.91,2,39,0.803,2
SYN_112301,urban,41+,7,278.71,11,40,0.273,0
SYN_129449,rural,26-40,4,310.57,2,38,0.621,1
SYN_112835,urban,26-40,12,698.69,1,40,0.486,2
SYN_126835,urban,18-25,13,635.36,8,25,0.762,0
SYN_127828,urban,18-25,11,439.7,11,12,0.159,0
SYN_105670,rural,26-40,7,763.0,22,20,0.772,0
SYN_123889,urban,26-40,13,451.65,7,36,0.15,3
SYN_112337,urban,18-25,18,497.98,19,7,0.379,2
SYN_126142,urban,18-25,13,232.68,2,6,0.583,0
SYN_110955,rural,18-25,9,268.05,19,41,0.796,2
SYN_128008,rural,26-40,8,488.77,11,33,0.787,1
SYN_125932,urban,18-25,15,841.11,57,40,0.34,2
SYN_123529,urban,18-25,16,206.96,10,24,0.565,1
SYN_122460,rural,26-40,7,220.84,1,21,0.691,1
SYN_107646,urban,26-40,19,230.17,15,18,0.653,0
SYN_124952,urban,26-40,19,166.59,4,5,0.334,2
SYN_127694,rural,18-25,5,718.61,14,21,0.545,2
SYN_110108,rural,26-40,12,722.7,3,21,0.582,1
SYN_123447,urban,26-40,7,631.21,16,47,0.845,1
SYN_106358,urban,26-40,10,109.88,12,15,0.062,1
SYN_112975,urban,41+,22,1027.86,12,19,0.105,1
SYN_128459,urban,26-40,16,1166.33,6,4,0.475,2
SYN_110231,rural,41+,11,419.75,10,21,0.372,2
SYN_125747,rural,18-25,12,1387.33,19,35,0.522,0
SYN_116153,urban,26-40,15,372.87,6,41,0.124,3
SYN_118385,urban,41+,16,777.53,3,27,0.318,0
SYN_108057,urban,18-25,18,447.16,16,25,0.536,1
SYN_125768,rural,26-40,16,418.11,32,20,0.703,2
SYN_108048,urban,18-25,14,443.27,45,45,0.395,0
SYN_113647,rural,41+,7,307.64,49,34,0.618,1
SYN_113807,urban,26-40,16,156.49,10,8,0.253,0
SYN_117018,rural,26-40,14,299.17,13,13,0.306,1
SYN_110818,urban,26-40,13,678.96,20,37,0.121,1
SYN_103082,rural,41+,6,647.65,5,32,0.577,1
SYN_114384,urban,26-40,15,260.95,2,29,0.543,1
SYN_128942,urban,41+,16,1458.27,5,28,0.501,2
SYN_111197,urban,26-40,7,233.73,20,41,0.373,3
SYN_125940,rural,26-40,7,1217.63,2,26,0.581,2
SYN_122249,rural,41+,12,1059.09,3,44,0.446,2
SYN_114528,urban,41+,8,1650.54,3,38,0.194,2
SYN_109538,rural,18-25,9,826.99,26,5,0.447,1
SYN_108290,rural,26-40,6,147.33,7,37,0.894,2
SYN_101247,urban,26-40,19,856.35,29,8,0.313,0
SYN_124893,rural,41+,5,743.92,8,21,0.366,0
SYN_116589,urban,41+,12,366.05,2,47,0.488,2
SYN_126746,urban,41+,12,444.82,19,45,0.439,0
SYN_111295,rural,18-25,9,217.96,33,40,0.464,0
SYN_122939,urban,41+,11,372.08,16,30,0.282,2
SYN_121239,rural,41+,13,143.62,20,34,0.22,0
SYN_121113,rural,26-40,10,266.42,13,23,0.305,0
SYN_120792,rural,26-40,11,709.0,8,3,0.542,1
SYN_119692,rural,18-25,11,224.99,1,15,0.369,0
SYN_109255,urban,18-25,12,266.05,32,7,0.388,1
SYN_102550,urban,26-40,11,168.74,18,35,0.287,1
SYN_124441,urban,26-40,11,523.94,5,21,0.149,2
SYN_110118,urban,26-40,8,800.91,22,42,0.406,2
SYN_127672,urban,26-40,17,1229.11,15,36,0.387,1
SYN_100696,rural,41+,5,618.25,8,34,0.453,2
SYN_119293,urban,26-40,11,197.74,8,23,0.292,1
SYN_102815,urban,26-40,9,239.43,24,19,0.562,2
SYN_123476,urban,18-25,15,628.35,12,24,0.281,0
SYN_115392,rural,26-40,10,261.33,20,4,0.474,4
SYN_112138,rural,41+,5,345.64,5,29,0.447,1
SYN_126312,urban,26-40,14,80.62,20,18,0.498,0
SYN_100838,urban,41+,19,339.93,23,38,0.805,1
SYN_101214,urban,26-40,13,197.87,1,28,0.785,0
SYN_115137,urban,18-25,12,557.44,12,17,0.385,1
SYN_110311,urban,18-25,18,1036.6,7,13,0.651,2
SYN_106287,rural,26-40,10,80.76,13,21,0.55,2
SYN_112188,urban,26-40,12,101.55,27,34,0.389,2
SYN_106366,urban,26-40,11,821.29,14,34,0.111,3
SYN_101016,rural,18-25,10,718.19,2,38,0.676,1
SYN_105040,urban,26-40,17,87.11,8,23,0.872,1
SYN_114505,rural,26-40,8,464.03,11,41,0.757,1
SYN_107457,rural,18-25,7,1037.83,16,35,0.374,3
SYN_103281,urban,26-40,15,218.02,4,32,0.478,3
SYN_128822,rural,26-40,11,195.56,14,29,0.186,1
SYN_105526,urban,26-40,16,203.64,26,12,0.512,3
SYN_111569,urban,26-40,8,730.72,10,31,0.153,0
SYN_102929,rural,18-25,12,611.98,21,19,0.58,3
SYN_128970,rural,26-40,4,120.97,28,44,0.214,1
SYN_105162,urban,26-40,21,177.25,4,27,0.651,0
SYN_101799,rural,26-40,9,218.82,5,45,0.297,1
SYN_100040,urban,26-40,23,432.31,4,30,0.523,1
SYN_113183,urban,26-40,18,530.39,22,32,0.275,2
SYN_105445,urban,18-25,15,57.68,6,43,0.643,2
SYN_128204,urban,41+,17,954.45,32,21,0.265,2
SYN_103329,urban,41+,13,1322.36,13,11,0.93,0
SYN_113092,urban,41+,13,202.49,12,15,0.546,0
SYN_129004,rural,26-40,9,978.74,12,36,0.727,3
SYN_101755,urban,41+,20,981.82,11,38,0.446,3
SYN_108001,rural,41+,7,71.98,11,34,0.284,2
SYN_116366,urban,41+,12,105.48,7,44,0.401,2
SYN_111240,rural,18-25,13,1175.16,6,4,0.904,1
SYN_108498,urban,18-25,11,358.95,22,12,0.502,2
SYN_126525,urban,41+,13,584.78,4,1,0.222,1
SYN_101958,rural,18-25,8,338.05,20,26,0.853,1
SYN_124350,rural,41+,9,300.4,14,45,0.811,2
SYN_129432,rural,41+,7,328.31,19,46,0.669,0
SYN_122879,urban,18-25,14,383.98,5,10,0.254,3
SYN_127643,rural,26-40,6,110.39,7,47,0.704,1
SYN_118329,urban,18-25,17,628.58,12,37,0.531,2
SYN_102586,urban,26-40,18,85.04,30,5,0.62,0
SYN_111603,rural,26-40,12,65.81,21,35,0.5,1
SYN_122863,urban,26-40,15,322.17,10,35,0.162,0
SYN_125629,rural,26-40,19,1235.05,5,11,0.34,3
SYN_111560,rural,26-40,9,943.08,42,14,0.591,1
SYN_111632,urban,26-40,16,129.48,22,18,0.324,1
SYN_107348,urban,26-40,10,172.1,21,28,0.799,0
SYN_129807,urban,18-25,12,764.67,25,37,0.489,2
SYN_107381,urban,41+,14,173.92,10,46,0.186,0
SYN_120816,rural,18-25,13,90.31,3,24,0.527,2
SYN_125728,rural,26-40,8,244.58,1,18,0.681,3
SYN_116220,urban,26-40,9,497.56,15,42,0.765,2
SYN_114239,urban,41+,11,204.91,36,26,0.139,1
SYN_108964,urban,26-40,13,874.48,59,4,0.637,1
SYN_118245,rural,26-40,13,132.75,2,3,0.666,1
SYN_111320,urban,18-25,13,350.19,9,26,0.46,2
SYN_128684,rural,26-40,8,964.94,25,30,0.563,3
SYN_122419,urban,26-40,18,110.52,35,8,0.256,0
SYN_112750,rural,41+,10,128.68,21,11,0.48,0
SYN_103723,urban,18-25,15,470.43,9,13,0.455,0
SYN_110135,urban,18-25,13,556.42,21,6,0.416,1
SYN_101743,rural,26-40,7,133.52,3,25,0.265,0
SYN_111980,urban,26-40,10,396.42,36,33,0.522,1
SYN_128550,urban,26-40,9,272.96,1,47,0.495,0
SYN_124698,urban,41+,15,865.09,5,14,0.505,0
SYN_100104,rural,41+,12,763.85,31,1,0.266,1
SYN_129279,urban,41+,9,283.05,5,44,0.117,2
SYN_126654,rural,26-40,12,586.49,44,21,0.406,0
SYN_125977,urban,18-25,15,163.28,27,9,0.267,0
SYN_112644,urban,41+,17,1057.72,25,12,0.157,1
SYN_107605,rural,18-25,12,208.78,16,18,0.329,3
SYN_100861,rural,26-40,17,334.22,30,7,0.7,1
SYN_105181,urban,41+,14,2739.14,2,37,0.378,2
SYN_129382,rural,41+,9,629.19,60,15,0.347,1
SYN_120979,rural,26-40,10,371.1,37,10,0.453,1
SYN_110779,urban,26-40,11,1204.23,5,7,0.147,1
SYN_101949,rural,41+,9,305.17,4,31,0.287,2
SYN_100762,urban,18-25,9,554.48,24,7,0.332,2
SYN_123958,rural,26-40,8,1357.53,2,13,0.657,1
SYN_129181,rural,41+,9,882.79,28,34,0.725,1
SYN_129109,urban,41+,21,346.8,25,15,0.773,2
SYN_124648,urban,18-25,11,516.4,9,9,0.284,1
SYN_101093,urban,41+,16,50.52,11,28,0.434,2
SYN_121908,rural,26-40,14,620.59,12,10,0.724,1
SYN_107658,urban,41+,13,288.31,24,15,0.677,2
SYN_129177,urban,26-40,13,1290.41,40,14,0.39,2
SYN_120573,rural,18-25,7,157.9,3,35,0.296,1
SYN_115453,urban,18-25,8,285.73,18,11,0.494,2
SYN_102793,rural,26-40,12,317.46,5,37,0.699,0
SYN_100857,rural,26-40,9,160.55,3,19,0.346,1
SYN_116179,rural,26-40,9,160.21,19,14,0.302,0
SYN_111743,urban,41+,11,545.42,13,30,0.571,2
SYN_126771,urban,26-40,16,382.5,21,17,0.377,3
SYN_120191,rural,26-40,13,820.19,5,40,0.845,2
SYN_109826,rural,41+,11,622.97,60,47,0.385,2
SYN_125568,urban,26-40,13,341.34,36,41,0.608,3
SYN_104006,urban,18-25,17,103.26,35,41,0.527,1
SYN_101170,urban,26-40,27,275.48,4,31,0.57,4
SYN_118348,urban,26-40,13,165.08,56,24,0.557,1
SYN_103547,rural,26-40,11,396.06,15,8,0.511,5
SYN_114247,urban,18-25,11,546.57,60,17,0.423,2
SYN_117685,urban,26-40,11,1461.74,60,13,0.666,0
SYN_104768,urban,41+,18,233.52,22,25,0.914,1
SYN_112762,urban,18-25,9,162.48,3,40,0.829,1
SYN_111644,urban,26-40,11,272.03,28,34,0.214,3
SYN_120360,urban,18-25,15,149.11,10,39,0.48,2
SYN_129681,urban,18-25,15,424.36,1,29,0.492,0
SYN_115543,urban,41+,13,253.83,8,9,0.323,1
SYN_123577,urban,26-40,12,1380.38,15,6,0.493,0
SYN_116837,urban,18-25,22,218.49,35,26,0.24,2
SYN_108028,rural,26-40,9,342.22,7,27,0.688,0
SYN_107126,urban,18-25,11,705.49,16,22,0.461,1
SYN_122317,rural,18-25,11,502.03,31,45,0.366,3
SYN_120306,urban,26-40,11,1048.64,12,2,0.61,1
SYN_125771,rural,41+,7,212.69,2,6,0.824,1
SYN_126536,rural,26-40,10,93.94,15,19,0.943,0
SYN_128345,urban,26-40,18,1252.34,9,43,0.672,1
SYN_105987,urban,18-25,14,580.51,6,7,0.473,2
SYN_106835,urban,26-40,14,906.12,23,29,0.853,1
SYN_121481,rural,18-25,5,160.64,20,38,0.593,0
SYN_125609,urban,41+,18,85.2,28,5,0.31,1
SYN_127310,urban,26-40,9,527.69,46,22,0.485,0
SYN_123330,urban,18-25,14,1091.45,60,19,0.471,0
SYN_112797,urban,18-25,21,194.29,18,14,0.327,2
SYN_129285,rural,26-40,10,386.86,5,26,0.368,1
SYN_108582,urban,18-25,12,844.69,4,5,0.147,0
SYN_102147,rural,18-25,8,1814.0,34,21,0.423,0
SYN_105573,rural,18-25,10,541.51,2,20,0.989,2
SYN_119379,rural,18-25,2,498.42,3,27,0.479,2
SYN_112087,urban,41+,12,914.4,25,17,0.334,2
SYN_101493,rural,26-40,8,60.85,52,19,0.431,1
SYN_128087,urban,26-40,15,276.9,60,20,0.753,0
SYN_127537,rural,18-25,9,675.92,4,18,0.253,2
SYN_119360,rural,26-40,7,1236.39,7,32,0.42,1
SYN_116261,rural,18-25,8,398.18,13,28,0.309,3
SYN_105666,urban,26-40,15,438.64,25,39,0.089,1
SYN_116066,urban,18-25,8,196.69,60,6,0.201,1
SYN_114621,urban,18-25,12,86.71,35,5,0.234,0
SYN_128047,urban,18-25,17,856.76,9,14,0.404,2
SYN_102612,urban,18-25,13,391.26,16,40,0.54,1
SYN_118200,rural,26-40,5,214.27,12,31,0.595,1
SYN_100820,urban,41+,14,169.67,11,4,0.398,1
SYN_113357,urban,26-40,14,429.92,41,1,0.202,2
SYN_118563,urban,26-40,15,1630.46,1,35,0.895,3
SYN_124393,rural,18-25,14,711.66,22,27,0.307,1
SYN_129537,urban,26-40,14,4040.42,3,33,0.418,0
SYN_104774,urban,41+,14,628.88,2,2,0.644,0
SYN_116547,urban,26-40,13,115.77,14,12,0.303,2
SYN_106205,rural,18-25,9,79.03,8,12,0.519,1
SYN_119240,rural,18-25,7,255.57,50,3,0.909,3
SYN_108992,urban,26-40,10,244.12,47,30,0.425,0
SYN_121124,rural,26-40,15,112.99,1,7,0.684,1
SYN_123704,urban,41+,14,138.3,3,45,0.445,1
SYN_101594,rural,18-25,9,65.64,25,29,0.452,2
SYN_114544,urban,26-40,14,366.48,12,15,0.043,1
SYN_125392,urban,26-40,22,2009.54,33,38,0.711,0
SYN_125173,rural,18-25,10,559.71,28,9,1.0,2
SYN_104954,urban,18-25,17,368.52,17,43,0.738,1
SYN_123916,urban,26-40,15,344.33,19,17,0.658,0
SYN_107307,rural,41+,10,101.96,6,23,0.59,1
SYN_107815,urban,26-40,22,985.42,20,17,0.141,3
SYN_113612,rural,26-40,12,487.62,17,46,1.0,2
SYN_124876,urban,26-40,6,429.32,6,18,0.267,0
SYN_124422,urban,41+,19,211.49,45,9,0.434,2
SYN_114982,rural,26-40,7,567.46,60,14,0.461,1
SYN_104974,urban,26-40,8,243.47,29,1,0.191,1
SYN_100743,urban,18-25,14,506.32,6,18,0.393,2
SYN_110827,urban,41+,15,391.87,2,1,0.213,1
SYN_115732,urban,41+,21,380.53,6,11,0.301,3
SYN_126539,urban,18-25,21,561.79,26,7,0.695,2
SYN_120846,rural,18-25,19,641.07,18,34,0.628,2
SYN_106320,urban,26-40,11,301.89,27,27,0.119,2
SYN_105065,urban,26-40,14,406.23,30,44,0.301,1
SYN_115147,rural,41+,6,472.76,6,23,0.804,1
SYN_120914,urban,41+,13,239.22,7,30,0.302,1
SYN_106316,urban,41+,18,199.74,9,27,0.34,1
SYN_112432,urban,41+,16,289.95,18,32,0.472,3
SYN_110343,rural,26-40,11,359.32,21,8,0.54,0
SYN_103974,urban,41+,23,1027.84,53,4,0.362,2
SYN_128325,urban,26-40,15,165.09,32,4,0.731,1
SYN_111934,rural,18-25,6,95.42,1,8,0.23,2
SYN_105539,urban,26-40,14,68.58,60,40,0.198,0
SYN_104405,urban,26-40,18,734.42,55,33,0.294,2
SYN_120335,rural,41+,10,886.03,6,44,0.584,3
SYN_114345,urban,18-25,13,79.54,38,17,0.189,2
SYN_122387,rural,41+,13,180.4,60,39,0.805,0
SYN_126499,urban,18-25,13,116.29,3,12,0.688,1
SYN_101667,urban,41+,13,148.74,2,24,0.149,1
SYN_120911,rural,41+,11,166.45,4,19,0.422,0
SYN_126889,rural,18-25,5,287.64,18,11,0.566,3
SYN_108551,rural,26-40,7,133.82,24,47,0.469,1
SYN_116435,rural,26-40,6,144.11,45,15,0.25,3
SYN_101974,urban,18-25,13,109.37,12,1,0.394,2
SYN_120473,rural,41+,8,1115.33,13,3,0.782,1
SYN_112909,urban,26-40,19,161.42,7,16,0.173,2
SYN_129393,rural,41+,7,1106.87,7,46,1.0,2
SYN_101040,urban,26-40,16,58.06,18,26,0.412,2
SYN_104093,urban,26-40,9,386.76,60,25,0.255,1
SYN_106463,urban,26-40,16,630.63,6,3,0.622,1
SYN_125475,urban,18-25,13,1118.43,48,33,0.472,1
SYN_109379,urban,18-25,15,902.7,49,16,0.602,1
SYN_116096,urban,41+,14,148.88,4,32,0.493,0
SYN_122199,rural,18-25,7,170.33,20,6,0.18,1
SYN_122986,urban,26-40,8,383.88,22,44,0.367,3
SYN_124127,urban,18-25,14,96.39,1,32,0.593,0
SYN_117392,urban,18-25,14,180.06,20,46,0.258,2
SYN_123054,urban,41+,15,799.0,28,29,0.086,0
SYN_102842,urban,26-40,12,409.41,5,36,0.277,2
SYN_122545,rural,41+,8,566.63,48,35,0.616,2
SYN_105937,urban,26-40,12,486.31,37,13,0.828,2
SYN_121089,urban,26-40,15,279.7,6,18,0.501,0
SYN_121910,rural,41+,8,276.05,7,11,0.304,2
SYN_119426,rural,18-25,19,479.16,18,36,0.464,5
SYN_106520,rural,41+,13,719.56,60,33,0.544,0
SYN_101822,urban,26-40,12,911.59,2,22,0.068,2
SYN_101475,urban,18-25,19,630.56,8,2,0.182,2
SYN_121669,urban,41+,12,1239.05,1,9,0.434,4
SYN_115476,urban,41+,9,91.66,1,4,0.408,1
SYN_102237,urban,41+,18,502.23,23,26,0.6,0
SYN_128902,urban,18-25,19,1319.93,26,4,0.501,4
SYN_107756,urban,18-25,16,2020.41,1,24,0.377,0
SYN_115451,rural,18-25,6,161.18,23,36,0.644,1
SYN_110730,urban,26-40,14,843.75,21,13,0.256,0
SYN_103808,rural,18-25,10,653.26,20,29,0.737,1
SYN_126583,urban,18-25,15,119.27,16,13,0.369,2
SYN_127368,urban,18-25,20,329.33,7,20,0.187,1
SYN_126126,urban,41+,13,501.35,6,47,0.347,1
SYN_116283,urban,26-40,14,363.4,10,29,0.305,1
SYN_127002,urban,18-25,13,980.52,31,35,0.397,5
SYN_126617,rural,41+,10,247.7,8,6,0.441,2
SYN_127634,urban,18-25,14,266.2,2,37,0.24,1
SYN_128413,urban,18-25,13,63.52,7,30,0.325,1
SYN_113632,rural,41+,11,473.59,8,31,0.61,4
SYN_121595,urban,26-40,17,273.36,5,38,0.281,0
SYN_118267,urban,18-25,14,365.36,7,11,0.548,1
SYN_103783,urban,41+,10,409.08,15,37,0.823,1
SYN_101818,urban,41+,17,94.48,9,20,0.481,2
SYN_123610,rural,41+,9,474.46,48,20,0.407,1
SYN_111696,rural,41+,8,231.96,20,35,0.515,1
SYN_118390,urban,26-40,21,151.05,10,44,0.475,0
SYN_100426,urban,41+,12,857.13,12,31,0.509,3
SYN_125335,rural,26-40,12,165.7,39,34,0.755,0
SYN_122806,rural,26-40,7,939.76,1,39,0.937,1
SYN_120466,rural,41+,8,405.61,21,32,0.34,1
SYN_100492,rural,41+,13,155.97,8,37,0.316,2
SYN_121984,urban,26-40,15,582.73,60,30,0.403,2
SYN_122156,urban,41+,17,732.49,44,13,0.449,3
SYN_127863,urban,41+,11,140.87,13,18,0.389,2
SYN_117550,urban,26-40,8,1816.11,4,46,0.223,0
SYN_116979,rural,26-40,11,665.04,40,8,0.521,1
SYN_101148,urban,26-40,8,644.52,2,16,0.901,4
SYN_117626,urban,18-25,16,219.48,17,18,0.084,1
SYN_115748,urban,41+,12,113.31,2,19,0.712,2
SYN_106461,rural,18-25,9,70.82,12,16,0.975,1
SYN_108012,rural,26-40,6,282.25,13,28,0.778,0
SYN_100080,rural,18-25,3,431.3,6,9,0.72,0
SYN_128607,rural,26-40,10,192.61,13,40,0.702,3
SYN_128728,rural,18-25,10,447.37,11,17,0.337,1
SYN_126237,urban,41+,12,72.29,15,41,0.548,0
SYN_112566,urban,41+,8,743.65,17,10,0.353,2
SYN_108652,rural,18-25,9,54.08,9,21,0.202,0
SYN_128981,rural,41+,12,521.02,47,31,0.382,1
SYN_116206,rural,26-40,6,165.17,4,31,0.352,1
SYN_108592,rural,18-25,9,2078.05,38,46,0.43,1
SYN_109550,rural,41+,11,175.37,11,37,0.817,0
SYN_108612,rural,41+,5,240.26,23,41,0.377,2
SYN_111766,urban,26-40,17,77.71,12,21,0.32,2
SYN_124173,urban,18-25,13,302.08,4,6,0.375,0
SYN_113281,urban,41+,20,411.86,10,17,0.042,0
SYN_120908,urban,26-40,18,529.78,1,33,0.334,2
SYN_128256,rural,26-40,9,515.07,14,32,0.433,1
SYN_120614,urban,18-25,20,598.13,14,3,0.164,4
SYN_124294,urban,26-40,14,674.68,1,5,0.509,1
SYN_122898,urban,41+,21,335.43,12,23,0.177,1
SYN_106654,urban,41+,11,591.57,43,28,0.598,0
SYN_119363,urban,26-40,18,819.63,49,5,0.691,0
SYN_128425,urban,41+,17,503.91,42,1,0.61,1
SYN_120656,rural,26-40,13,220.99,21,38,0.29,0
SYN_116784,urban,26-40,15,832.7,14,17,0.097,2
SYN_109043,rural,18-25,13,2147.94,14,19,0.782,2
SYN_102238,urban,18-25,8,261.42,47,27,0.634,3
SYN_111698,rural,41+,12,791.04,6,27,0.243,3
SYN_108262,rural,26-40,5,166.63,6,11,0.782,1
SYN_107175,urban,26-40,14,187.21,15,26,0.515,2
SYN_119469,urban,41+,17,307.21,60,28,0.262,1
SYN_110615,urban,41+,18,218.69,12,3,0.767,1
SYN_115729,rural,26-40,6,212.23,17,32,0.522,0
SYN_127242,urban,26-40,19,189.44,15,11,0.273,0
SYN_127992,urban,18-25,13,423.18,27,13,0.61,0
SYN_122037,rural,18-25,4,64.39,3,42,0.207,4
SYN_124449,rural,18-25,9,194.41,3,17,0.553,4
SYN_113318,rural,18-25,6,481.11,2,29,0.525,1
SYN_117177,rural,26-40,8,356.31,9,43,0.286,2
SYN_111031,urban,41+,18,340.85,26,27,0.61,2
SYN_112789,urban,26-40,20,456.92,59,5,0.653,0
SYN_124001,urban,26-40,19,1666.26,30,18,0.56,0
SYN_108154,rural,41+,12,861.09,3,9,0.779,1
SYN_101302,rural,18-25,7,114.54,53,7,0.242,1
SYN_114568,urban,26-40,23,968.42,1,6,0.349,0
SYN_105466,rural,26-40,6,762.2,60,24,0.444,1
SYN_104448,urban,26-40,17,1272.25,26,44,0.156,0
SYN_129921,rural,26-40,12,247.6,15,46,0.705,1
SYN_107893,urban,26-40,16,240.4,7,37,0.487,1
SYN_116466,rural,41+,8,327.67,14,11,0.612,1
SYN_111844,urban,18-25,12,598.34,16,31,0.423,0
SYN_105456,urban,26-40,14,279.6,16,16,0.513,1
SYN_120867,urban,18-25,22,88.15,20,41,0.71,1
SYN_106467,rural,26-40,6,964.84,8,20,0.558,2
SYN_102176,urban,41+,18,92.26,2,29,0.613,1
SYN_114477,rural,26-40,7,249.92,2,22,0.765,0
SYN_122668,urban,26-40,17,196.61,7,7,0.395,1
SYN_115353,rural,26-40,9,691.86,14,36,0.511,0
SYN_118974,rural,41+,5,170.18,1,9,0.494,2
SYN_122839,urban,41+,13,354.05,21,25,0.122,2
SYN_101166,rural,18-25,4,596.39,11,41,0.843,1
SYN_126603,urban,41+,19,1055.22,16,10,0.549,2
SYN_115651,rural,18-25,14,293.68,9,26,0.93,1
SYN_129866,urban,41+,14,73.74,9,37,0.096,2
SYN_107994,urban,26-40,13,1434.75,7,19,0.223,2
SYN_126211,urban,18-25,11,230.41,27,12,0.273,2
SYN_122094,rural,41+,8,403.07,58,38,0.801,1
SYN_101402,rural,26-40,10,1539.12,7,38,0.394,4
SYN_115006,urban,26-40,16,537.63,14,43,0.664,1
SYN_112558,rural,26-40,9,158.34,25,45,0.555,1
SYN_106608,urban,41+,17,352.43,41,7,0.634,0
SYN_120330,urban,18-25,13,1426.71,3,17,0.625,3
SYN_117113,rural,26-40,13,117.08,18,27,0.861,2
SYN_122404,urban,41+,10,217.95,4,47,0.723,2
SYN_102325,rural,41+,10,460.06,10,47,0.376,3
SYN_106512,urban,26-40,13,594.82,37,41,0.47,1
SYN_120308,rural,26-40,15,189.94,13,41,0.329,1
SYN_128175,urban,18-25,10,130.71,22,21,0.19,0
SYN_124697,rural,18-25,9,442.79,23,29,0.313,1
SYN_118541,rural,26-40,8,426.7,31,11,0.356,0
SYN_104155,urban,41+,10,1143.93,30,32,0.81,3
SYN_105592,urban,26-40,16,187.78,2,27,0.487,2
SYN_126627,urban,18-25,7,465.1,4,8,0.226,2
SYN_123371,urban,26-40,9,66.09,41,23,0.14,0
SYN_124118,urban,26-40,19,423.47,35,24,0.333,2
SYN_123771,urban,26-40,14,1102.7,36,28,0.576,0
SYN_118592,urban,26-40,12,176.52,23,14,0.409,1
SYN_103818,rural,26-40,13,84.88,7,45,0.665,0
SYN_124676,urban,26-40,16,391.23,13,23,0.642,0
SYN_115324,rural,41+,13,518.11,25,34,0.635,0
SYN_100759,urban,41+,14,628.27,16,41,0.5,0
SYN_100799,rural,41+,8,191.49,11,22,0.953,2
SYN_100936,rural,26-40,7,90.46,4,45,0.376,2
SYN_119174,rural,26-40,8,355.46,27,40,0.866,2
SYN_104850,urban,18-25,12,320.25,7,40,0.134,4
SYN_106986,urban,26-40,14,75.33,23,36,0.541,0
SYN_106391,rural,26-40,12,110.88,20,24,0.563,1
SYN_124612,urban,26-40,15,264.41,17,21,0.478,7
SYN_116460,urban,18-25,11,860.09,27,44,0.463,2
SYN_114694,rural,26-40,6,70.94,16,35,0.447,0
SYN_129179,urban,26-40,13,131.69,14,7,0.361,3
SYN_115500,urban,26-40,12,722.94,20,23,0.043,0
SYN_108217,urban,18-25,11,152.58,37,30,0.12,1
SYN_110875,urban,26-40,16,378.55,10,6,0.309,0
SYN_117137,urban,18-25,8,425.79,60,17,0.55,1
SYN_110413,urban,41+,9,948.97,17,31,0.222,1
SYN_111590,urban,41+,8,1504.26,32,15,0.542,1
SYN_104897,urban,26-40,13,203.23,8,47,0.255,0
SYN_113175,urban,18-25,7,53.88,5,3,0.611,1
SYN_120626,urban,18-25,15,327.1,2,43,0.527,0
SYN_116883,urban,26-40,18,158.1,20,40,0.215,4
SYN_102708,urban,41+,9,97.13,14,41,0.756,1
SYN_118110,rural,26-40,12,427.07,42,40,0.424,2
SYN_112504,urban,26-40,21,108.54,7,23,0.391,1
SYN_109248,rural,41+,8,524.69,5,15,0.363,0
SYN_111539,rural,41+,14,553.35,28,42,0.518,0
SYN_112910,urban,41+,18,278.16,2,13,0.053,2
SYN_109743,rural,26-40,13,266.67,18,42,0.316,4
SYN_129394,rural,26-40,5,523.6,2,26,0.38,2
SYN_126653,urban,18-25,19,429.7,43,36,0.8,1
SYN_122038,urban,18-25,12,1039.95,1,13,0.532,1
SYN_124764,urban,18-25,9,135.41,16,29,0.119,0
SYN_128726,urban,26-40,11,1218.3,26,24,0.059,2
SYN_123061,urban,41+,16,287.22,44,31,0.762,3
SYN_113721,urban,26-40,18,524.25,3,12,0.777,1
SYN_110467,urban,26-40,14,82.5,55,2,0.14,1
SYN_114399,rural,18-25,14,431.28,15,6,0.826,1
SYN_110693,urban,41+,11,904.45,14,36,0.392,1
SYN_128014,rural,26-40,6,278.1,7,44,0.555,0
SYN_128574,urban,41+,18,143.67,17,25,0.342,0
SYN_104066,urban,26-40,15,491.1,18,15,0.256,2
SYN_106551,urban,41+,14,81.48,1,8,0.252,1
SYN_126489,urban,26-40,15,60.73,25,5,0.577,0
SYN_107261,rural,26-40,7,251.77,1,24,0.753,2
SYN_119810,urban,41+,17,63.3,37,15,0.598,2
SYN_103664,urban,18-25,15,947.42,4,16,0.376,1
SYN_121535,urban,41+,10,1325.62,13,3,0.5,1
SYN_120329,rural,18-25,5,302.13,2,41,0.416,0
SYN_118903,rural,18-25,11,475.01,29,20,0.483,1
SYN_107780,rural,18-25,12,862.75,18,37,0.845,2
SYN_105832,urban,41+,17,155.74,37,41,0.411,1
SYN_117383,rural,26-40,6,510.54,23,25,0.396,1
SYN_113833,rural,18-25,5,876.36,4,12,0.65,2
SYN_108257,urban,26-40,16,1054.25,5,45,0.475,1
SYN_102319,rural,26-40,5,265.42,2,23,1.0,0
SYN_121962,urban,18-25,12,268.36,18,4,0.632,2
SYN_107964,urban,26-40,15,219.18,7,12,0.44,1
SYN_124236,urban,26-40,27,510.09,6,24,0.538,1
SYN_111825,urban,18-25,16,334.75,4,22,0.174,0
SYN_123724,rural,26-40,7,260.75,46,43,0.493,2
SYN_115586,urban,18-25,12,64.8,3,2,0.552,2
SYN_109505,rural,26-40,10,199.95,16,24,0.379,2
SYN_128081,rural,26-40,11,234.86,12,9,0.663,1
SYN_129269,rural,18-25,12,829.77,5,16,0.964,2
SYN_104613,urban,18-25,9,321.55,19,6,0.786,0
SYN_121723,rural,18-25,13,206.89,3,37,0.68,1
SYN_125682,urban,26-40,12,82.59,43,9,0.525,1
SYN_116368,urban,18-25,15,685.64,6,28,0.525,1
SYN_123722,urban,18-25,10,1185.9,2,10,0.438,0
SYN_125570,rural,26-40,12,614.52,57,42,0.488,2
SYN_109325,urban,18-25,12,1346.63,4,22,0.344,1
SYN_109965,urban,18-25,10,276.97,3,30,0.131,2
SYN_122546,urban,18-25,15,94.13,18,24,0.735,0
SYN_128436,rural,18-25,9,361.52,14,20,0.326,0
SYN_124874,rural,18-25,9,549.96,10,35,0.408,2
SYN_114999,rural,18-25,10,469.11,18,29,0.772,1
SYN_111837,rural,41+,12,945.94,11,23,0.527,1
SYN_121990,urban,26-40,17,202.67,55,9,0.931,2
SYN_128001,rural,41+,4,1173.91,4,19,0.286,1
SYN_128961,urban,41+,14,426.45,5,11,0.151,0
SYN_107922,rural,26-40,5,889.86,11,42,0.81,2
SYN_109386,rural,18-25,5,1219.11,9,29,0.509,1
SYN_107849,rural,26-40,3,397.43,2,47,0.291,2
SYN_128499,rural,26-40,7,101.25,18,12,0.425,2
SYN_117375,rural,18-25,10,396.43,8,14,0.719,1
SYN_119377,rural,41+,6,1024.98,25,8,0.347,1
SYN_110836,urban,18-25,14,658.96,30,24,0.058,2
SYN_116553,rural,26-40,4,53.8,3,42,0.235,3
SYN_126975,rural,26-40,14,108.96,56,44,0.363,0
SYN_126672,rural,18-25,6,528.88,11,31,0.68,0
SYN_120147,urban,41+,14,265.52,24,20,0.374,1
SYN_117050,urban,18-25,14,61.61,45,27,0.401,4
SYN_117853,urban,26-40,11,274.47,24,18,0.354,1
SYN_103798,urban,18-25,12,2092.5,17,19,0.254,2
SYN_126966,urban,41+,11,323.11,10,26,0.356,2
SYN_119688,urban,18-25,12,700.66,17,40,0.078,2
SYN_120130,urban,18-25,8,449.55,58,11,0.189,0
SYN_121821,urban,18-25,15,634.48,1,43,0.358,0
SYN_112559,urban,41+,12,78.0,53,31,0.199,2
SYN_125950,urban,26-40,11,543.0,6,14,0.122,4
SYN_104087,rural,41+,8,237.37,2,11,0.524,2
SYN_100228,rural,26-40,10,1350.08,19,47,0.646,1
SYN_108781,urban,26-40,17,82.01,25,39,0.589,1
SYN_102205,urban,18-25,12,413.71,19,22,0.625,0
SYN_110320,rural,18-25,7,1065.43,13,21,0.292,1
SYN_123826,rural,41+,12,348.82,47,42,0.439,1
SYN_109191,urban,41+,15,641.87,60,1,0.446,2
SYN_125600,rural,18-25,8,537.41,14,33,0.333,0
SYN_113974,urban,26-40,11,433.95,10,8,0.734,3
SYN_112425,urban,18-25,9,304.53,3,36,0.617,3
SYN_112000,urban,18-25,16,713.5,27,27,0.059,1
SYN_108613,urban,26-40,22,51.6,14,34,0.657,1
SYN_119125,rural,18-25,5,83.15,60,1,0.646,1
SYN_105564,rural,18-25,10,1127.61,44,13,0.905,0
SYN_103661,rural,18-25,14,643.61,6,44,0.347,1
SYN_104488,urban,26-40,10,1507.59,5,12,0.614,2
SYN_123025,urban,26-40,11,1285.54,20,18,0.135,0
SYN_103829,rural,18-25,10,192.55,17,10,0.46,1
SYN_129255,rural,18-25,8,426.21,8,15,0.643,1
SYN_118637,rural,26-40,6,352.44,33,8,0.738,2
SYN_105490,urban,26-40,12,178.12,2,12,0.278,3
SYN_125717,urban,26-40,13,53.29,13,7,0.269,1
SYN_125239,rural,26-40,8,659.65,12,23,0.709,3
SYN_108104,rural,41+,9,213.09,41,42,0.316,2
SYN_102227,urban,26-40,18,186.06,3,41,0.202,0
SYN_106905,rural,26-40,8,137.89,42,34,0.675,1
SYN_121728,rural,26-40,9,86.89,1,6,0.465,0
SYN_101074,rural,26-40,5,915.29,3,44,0.902,1
SYN_120090,rural,26-40,10,78.6,2,28,0.682,1
SYN_121697,urban,18-25,14,287.16,4,12,0.067,4
SYN_102397,urban,18-25,12,243.04,18,18,0.721,1
SYN_115754,urban,26-40,21,246.0,2,42,0.351,1
SYN_116093,urban,26-40,12,851.73,22,27,0.384,1
SYN_124314,rural,18-25,10,1168.59,26,45,0.523,1
SYN_125678,urban,41+,14,305.27,35,20,0.54,1
SYN_112439,urban,41+,15,135.4,2,37,0.447,4
SYN_124782,urban,41+,17,67.31,19,17,0.112,0
SYN_101570,urban,26-40,20,177.61,58,33,0.162,1
SYN_100735,rural,26-40,11,313.91,5,4,0.579,2
SYN_127827,urban,41+,13,174.3,5,2,0.201,0
SYN_126412,rural,26-40,3,357.13,5,20,0.561,1
SYN_107724,rural,26-40,15,177.52,21,45,0.541,2
SYN_104220,urban,41+,17,471.23,15,13,0.704,1
SYN_116868,urban,26-40,13,153.26,4,38,0.406,0
SYN_105250,urban,18-25,18,258.89,15,42,0.492,1
SYN_119774,urban,26-40,17,233.48,15,13,0.124,0
SYN_110535,urban,26-40,20,447.37,8,31,0.332,0
SYN_121974,rural,41+,10,328.78,14,33,0.462,0
SYN_113262,urban,26-40,15,238.65,25,35,0.733,0
SYN_124059,rural,18-25,2,351.33,16,19,0.49,3
SYN_120659,rural,18-25,7,75.89,2,38,0.923,1
SYN_123712,rural,18-25,12,974.68,34,33,0.411,2
SYN_100883,urban,18-25,11,308.44,9,32,0.2,0
SYN_107857,urban,18-25,13,748.51,8,32,0.363,1
SYN_116882,rural,41+,5,92.28,12,29,0.658,2
SYN_113602,urban,18-25,17,640.7,4,26,0.611,0
SYN_128306,rural,26-40,6,75.81,34,37,0.467,4
SYN_129963,urban,41+,15,235.41,18,13,0.134,1
SYN_104791,urban,26-40,16,1590.44,1,3,0.298,1
SYN_109439,urban,18-25,15,896.91,3,7,0.15,3
SYN_111084,urban,41+,14,130.47,4,42,0.348,0
SYN_100459,rural,18-25,6,634.99,1,23,0.613,3
SYN_116709,urban,18-25,19,119.56,11,39,0.481,2
SYN_121002,rural,41+,14,889.54,22,18,0.644,1
SYN_124255,urban,26-40,14,333.13,4,19,0.568,1
SYN_112321,urban,18-25,11,107.65,16,19,0.366,2
SYN_103967,urban,26-40,13,87.55,41,20,0.098,0
SYN_123117,urban,18-25,13,375.26,12,40,0.297,0
SYN_119961,urban,26-40,21,113.45,26,5,0.174,0
SYN_109145,rural,26-40,6,145.73,24,9,0.602,4
SYN_111043,urban,26-40,14,397.0,60,38,0.661,2
SYN_103906,rural,26-40,10,124.38,46,42,0.446,0
SYN_104564,urban,18-25,17,90.22,1,4,0.532,1
SYN_114960,urban,18-25,20,262.33,20,32,0.069,1
SYN_115241,rural,18-25,13,83.58,2,4,0.683,2
SYN_113442,urban,18-25,13,90.04,14,1,0.65,0
SYN_129299,rural,26-40,12,283.74,10,28,0.517,1
SYN_116762,urban,18-25,16,1462.11,6,6,0.539,1
SYN_108721,urban,18-25,11,760.35,32,7,0.234,0
SYN_118859,rural,18-25,9,154.07,4,12,0.433,2
SYN_108558,urban,18-25,16,352.23,47,21,0.551,2
SYN_112119,urban,41+,20,270.77,5,10,0.122,3
SYN_125912,rural,26-40,9,245.16,23,31,0.948,2
SYN_100969,urban,26-40,12,260.11,18,31,0.419,1
SYN_125656,urban,41+,9,97.96,26,41,0.602,2
SYN_125414,rural,41+,12,334.52,9,25,0.608,1
SYN_106453,urban,26-40,18,281.9,13,37,0.649,0
SYN_102029,urban,26-40,15,248.06,5,16,0.056,2
SYN_123350,rural,18-25,8,371.42,4,45,0.517,1
SYN_117701,rural,18-25,10,306.68,15,9,0.394,2
SYN_121364,rural,18-25,8,487.53,27,31,0.549,0
SYN_125418,urban,26-40,17,143.48,47,5,0.617,2
SYN_126707,urban,26-40,11,759.77,36,34,0.048,2
SYN_101627,urban,26-40,16,223.21,5,34,0.35,3
SYN_114318,rural,26-40,5,182.19,53,18,0.43,1
SYN_108607,rural,18-25,8,550.61,56,47,0.237,2
SYN_128582,urban,18-25,16,534.05,2,32,0.676,3
SYN_111447,urban,26-40,10,431.76,3,19,0.485,0
SYN_119545,rural,41+,14,534.22,33,38,0.608,0
SYN_127003,urban,26-40,15,69.4,2,20,0.705,1
SYN_108428,rural,41+,5,349.85,13,22,0.739,2
SYN_128773,urban,26-40,12,75.03,12,6,0.778,1
SYN_118629,rural,26-40,12,2836.42,30,40,0.787,1
SYN_128847,rural,18-25,7,1132.37,11,16,0.542,1
SYN_120657,urban,18-25,10,685.7,12,46,0.396,3
SYN_110608,rural,41+,10,474.26,15,38,0.265,0
SYN_100525,urban,26-40,28,335.59,3,28,0.651,0
SYN_113469,urban,26-40,7,62.37,14,12,0.277,0
SYN_109314,urban,26-40,18,187.3,4,20,0.398,2
SYN_126529,urban,18-25,15,962.55,18,42,0.645,2
SYN_126843,rural,26-40,8,744.12,12,2,0.636,4
SYN_103846,rural,26-40,11,320.1,13,26,0.576,1
SYN_107455,urban,26-40,14,205.76,24,42,0.403,1
SYN_101112,rural,41+,10,225.35,33,19,0.19,1
SYN_115443,urban,26-40,19,74.56,2,33,0.477,2
SYN_109639,urban,26-40,12,275.44,28,14,0.519,3
SYN_116473,rural,41+,7,612.64,12,34,0.944,1
SYN_123394,urban,18-25,13,805.77,16,40,0.185,0
SYN_113617,rural,26-40,7,332.63,9,47,0.813,0
SYN_103564,rural,41+,9,857.82,13,29,0.21,0
SYN_128659,rural,41+,10,202.39,6,46,0.786,1
SYN_111287,rural,18-25,9,84.43,7,1,0.559,1
SYN_120805,rural,18-25,15,88.52,14,44,0.795,1
SYN_125363,urban,18-25,10,1809.21,16,7,0.611,1
SYN_109648,urban,26-40,18,137.58,3,42,0.446,4
SYN_111673,rural,41+,5,570.21,1,25,0.562,1
SYN_127382,rural,26-40,13,399.11,11,43,0.502,1
SYN_122275,rural,26-40,9,72.4,24,43,0.861,1
SYN_105204,urban,18-25,9,174.14,33,10,0.246,1
SYN_119836,rural,26-40,8,114.09,20,24,0.619,5
SYN_127776,rural,26-40,7,102.43,26,41,0.372,1
SYN_119019,urban,26-40,15,172.75,4,34,0.403,2
SYN_122741,urban,41+,14,167.17,12,16,0.63,1
SYN_125409,rural,18-25,19,747.74,24,19,0.573,2
SYN_107122,rural,18-25,9,621.02,32,13,0.834,0
SYN_107571,rural,26-40,11,616.88,30,40,0.453,0
SYN_128516,rural,18-25,5,1571.72,2,3,0.374,1
SYN_125606,rural,26-40,4,1359.19,14,46,0.516,2
SYN_129874,rural,41+,9,227.75,4,20,0.508,1
SYN_128363,urban,18-25,22,137.1,1,22,0.746,3
SYN_109486,rural,26-40,10,106.86,14,38,0.309,1
SYN_114954,rural,26-40,6,650.69,7,19,0.525,4
SYN_119675,urban,18-25,13,264.31,6,33,0.23,0
SYN_112779,rural,18-25,9,220.85,32,44,0.444,2
SYN_100191,urban,18-25,15,373.92,5,33,0.13,2
SYN_105749,rural,26-40,6,701.48,3,2,0.684,3
SYN_111805,rural,26-40,9,2302.27,6,31,0.295,1
SYN_120716,urban,26-40,9,167.95,19,37,0.384,2
SYN_109601,urban,26-40,21,568.43,26,41,0.479,2
SYN_100985,rural,18-25,12,101.19,11,18,0.534,1
SYN_115904,rural,26-40,9,731.37,40,5,0.202,0
SYN_109277,urban,26-40,15,51.09,5,3,0.488,0
SYN_108934,rural,18-25,7,207.46,27,30,0.364,2
SYN_120141,urban,26-40,14,615.23,23,29,0.239,3
SYN_129075,urban,41+,19,1431.89,2,40,0.114,0
SYN_125688,urban,26-40,10,595.3,12,23,0.621,0
SYN_126036,urban,18-25,14,577.44,57,13,0.228,3
SYN_122392,urban,41+,16,71.88,4,2,0.605,1
SYN_126991,urban,26-40,14,70.31,11,30,0.497,2
SYN_107830,rural,26-40,7,214.78,22,16,0.401,1
SYN_100291,urban,26-40,10,437.61,9,25,0.382,0
SYN_125032,rural,26-40,6,851.05,40,24,0.407,1
SYN_108219,rural,26-40,10,154.87,7,36,0.645,1
SYN_113928,rural,41+,10,652.25,10,24,0.401,2
SYN_129029,urban,26-40,3,468.85,5,7,0.346,2
SYN_116942,urban,26-40,19,664.42,2,22,0.143,1
SYN_129686,urban,18-25,13,342.96,12,4,0.367,1
SYN_124434,urban,18-25,17,1236.57,60,13,0.478,1
SYN_123238,rural,26-40,12,508.31,13,36,0.27,1
SYN_100553,rural,26-40,4,605.86,4,36,0.172,1
SYN_124058,urban,26-40,19,254.33,32,23,0.848,0
SYN_126304,urban,26-40,14,87.04,12,16,0.412,2
SYN_102360,rural,41+,10,620.85,7,30,0.654,2
SYN_114211,urban,26-40,10,139.12,27,35,0.604,0
SYN_106058,rural,26-40,5,321.78,60,22,0.174,2
SYN_107150,urban,41+,16,356.31,31,27,0.359,0
SYN_119685,urban,26-40,9,583.35,3,24,0.293,2
SYN_106995,rural,18-25,7,206.54,14,39,0.665,1
SYN_124544,urban,41+,11,101.03,7,38,0.368,3
SYN_116865,urban,41+,12,313.48,16,38,0.324,1
SYN_103071,rural,18-25,10,579.26,60,11,0.557,1
SYN_106879,urban,18-25,11,143.95,28,46,0.249,2
SYN_109586,urban,26-40,6,272.57,18,43,0.743,0
SYN_111863,rural,26-40,5,342.91,13,4,0.439,0
SYN_117027,urban,26-40,12,103.89,16,31,0.498,1
SYN_102095,urban,18-25,7,89.88,1,10,0.367,0
SYN_122562,urban,26-40,15,349.45,28,39,0.732,1
SYN_107306,urban,26-40,14,314.42,11,16,0.128,4
SYN_107459,rural,18-25,7,406.95,7,19,0.879,1
SYN_105775,urban,26-40,15,890.78,26,17,0.187,1
SYN_107609,rural,26-40,10,533.15,1,14,0.427,0
SYN_118448,urban,18-25,10,213.04,17,17,0.318,1
SYN_120160,urban,18-25,12,139.68,8,37,0.438,2
SYN_127114,rural,18-25,9,274.01,2,40,0.261,1
SYN_111028,urban,26-40,16,223.77,11,14,0.314,0
SYN_129724,urban,41+,9,1275.76,4,42,0.585,2
SYN_122311,rural,26-40,12,258.59,4,38,0.303,6
SYN_109737,urban,26-40,18,992.02,2,18,0.645,0
SYN_106544,urban,26-40,17,232.07,9,26,0.848,4
SYN_123095,rural,26-40,9,599.58,1,44,0.558,2
SYN_106753,rural,26-40,8,214.35,17,17,0.57,2
SYN_123449,rural,18-25,9,64.98,14,22,0.662,1
SYN_106869,urban,41+,11,833.17,11,27,0.542,0
SYN_111482,urban,26-40,17,80.17,7,32,0.157,0
SYN_119514,urban,26-40,13,855.46,49,9,0.662,4
SYN_123561,rural,18-25,10,628.33,14,37,0.713,1
SYN_116508,urban,26-40,12,154.59,33,38,0.6,1
SYN_125878,rural,26-40,9,168.09,6,31,0.752,1
SYN_124395,urban,41+,7,425.76,23,9,0.533,0
SYN_122522,rural,26-40,6,682.73,30,29,0.439,1
SYN_120411,urban,18-25,11,219.03,5,18,0.783,0
SYN_106091,urban,18-25,12,280.04,60,15,0.109,3
SYN_112241,urban,41+,10,692.35,7,20,0.119,0
SYN_108460,rural,26-40,9,407.05,14,43,0.568,0
SYN_108914,urban,26-40,20,377.15,1,27,0.528,1
SYN_107773,rural,18-25,14,626.83,2,16,0.307,0
SYN_114673,urban,18-25,8,618.41,9,36,0.3,0
SYN_111052,rural,41+,10,113.45,1,4,0.324,2
SYN_122045,urban,18-25,17,575.57,25,24,0.726,1
SYN_112576,urban,26-40,20,835.98,3,4,0.652,1
SYN_112046,rural,18-25,9,1087.44,6,10,0.547,2
SYN_113529,urban,26-40,15,72.58,12,42,0.338,2
SYN_117245,urban,26-40,12,692.92,10,16,0.945,1
SYN_107758,urban,26-40,8,757.43,16,11,0.354,0
SYN_104904,rural,18-25,13,73.88,9,43,0.254,0
SYN_107705,urban,18-25,7,499.59,60,42,0.69,1
SYN_125864,urban,18-25,13,134.1,4,31,0.234,1
SYN_120221,rural,26-40,9,597.49,7,42,0.581,3
SYN_102515,rural,26-40,10,677.11,2,17,0.87,2
SYN_106469,rural,41+,5,847.04,9,34,0.517,2
SYN_113009,urban,26-40,7,1042.69,18,17,0.361,1
SYN_109197,urban,26-40,9,124.86,10,17,0.264,2
SYN_111004,rural,18-25,8,1103.48,2,44,0.325,1
SYN_129870,rural,41+,14,200.71,6,5,0.879,0
SYN_106083,urban,26-40,12,92.31,1,46,0.305,4
SYN_101121,urban,41+,15,1891.17,30,30,0.08,0
SYN_117731,urban,26-40,5,676.89,36,46,0.167,1
SYN_126081,rural,41+,10,1157.83,32,21,0.414,1
SYN_129583,rural,26-40,8,808.21,9,11,0.374,3
SYN_105280,rural,26-40,12,417.25,28,27,0.447,1
SYN_127721,rural,41+,8,370.42,4,32,0.344,2
SYN_111847,urban,41+,12,4757.91,30,18,0.545,1
SYN_112615,rural,41+,5,589.6,18,11,0.398,5
SYN_105237,urban,41+,8,312.33,41,14,0.583,2
SYN_102044,rural,41+,13,631.46,10,21,0.524,1
SYN_100427,rural,26-40,11,151.11,40,33,0.804,2
SYN_129372,urban,26-40,9,1404.7,7,4,0.482,1
SYN_110908,rural,26-40,14,292.27,13,36,0.603,0
SYN_113375,rural,41+,15,96.02,13,21,1.0,1
SYN_123504,rural,18-25,7,1494.77,9,6,0.662,0
SYN_122060,urban,41+,9,1691.72,25,5,0.221,1
SYN_114955,urban,18-25,13,695.11,5,17,0.182,2
SYN_115037,urban,41+,14,354.87,33,32,0.463,2
SYN_118280,urban,26-40,15,123.31,9,39,0.319,2
SYN_110986,urban,41+,7,157.22,9,1,0.313,2
SYN_121727,rural,18-25,11,462.88,46,46,0.419,1
SYN_120865,urban,26-40,16,401.88,19,40,0.527,0
SYN_108092,urban,26-40,13,1126.32,39,41,0.419,2
SYN_104283,urban,26-40,13,129.74,22,33,0.361,0
SYN_109411,urban,18-25,14,777.06,54,31,0.715,0
SYN_122432,rural,26-40,11,317.77,11,27,0.433,0
SYN_110064,urban,41+,13,636.28,48,10,0.297,3
SYN_119354,rural,26-40,8,656.0,49,12,0.489,1
SYN_104035,urban,41+,17,322.48,5,1,0.542,3
SYN_112356,rural,26-40,8,692.98,12,26,0.356,1
SYN_128698,urban,26-40,10,124.85,9,25,0.291,1
SYN_100163,urban,26-40,19,448.48,44,30,0.29,1
SYN_104407,urban,26-40,17,1074.68,60,3,0.578,1
SYN_103032,urban,41+,12,1593.2,6,22,0.431,2
SYN_125501,rural,26-40,3,54.4,16,32,0.382,1
SYN_112031,rural,26-40,10,849.17,8,37,0.536,1
SYN_122159,rural,26-40,8,105.61,9,47,0.503,0
SYN_129997,rural,18-25,7,255.42,9,5,0.664,2
SYN_107433,urban,18-25,11,198.7,55,40,0.191,1
SYN_100642,urban,41+,16,158.19,9,47,0.201,3
SYN_126363,urban,18-25,18,513.13,6,30,0.21,0
SYN_119300,rural,18-25,12,73.66,37,35,0.22,0
SYN_102967,urban,26-40,9,229.4,15,28,0.238,4
SYN_114054,urban,18-25,10,74.22,15,38,0.304,1
SYN_115907,urban,26-40,19,128.7,17,36,0.381,0
SYN_124664,rural,18-25,14,257.66,15,6,0.583,1
SYN_104558,urban,26-40,17,97.47,58,35,0.725,3
SYN_114045,urban,26-40,21,1108.49,23,37,0.752,0
SYN_109528,rural,26-40,14,174.88,16,47,0.45,1
SYN_113459,urban,18-25,10,159.55,15,12,0.357,2
SYN_124804,urban,26-40,17,1064.55,7,44,0.472,3
SYN_108137,urban,41+,16,197.57,27,4,0.355,1
SYN_121020,rural,26-40,7,55.96,6,5,0.324,0
SYN_111729,urban,26-40,14,56.96,9,10,0.45,1
SYN_103897,urban,41+,21,387.11,14,2,0.474,1
SYN_106087,urban,26-40,14,72.6,9,43,0.232,3
SYN_104397,rural,18-25,5,86.8,6,1,0.229,1
SYN_126455,urban,41+,16,528.87,17,1,0.541,1
SYN_114877,urban,18-25,16,152.97,13,9,0.486,1
SYN_116078,urban,18-25,11,474.84,38,12,0.098,1
SYN_112175,urban,26-40,22,1079.31,8,13,0.367,1
SYN_127886,urban,41+,14,699.67,24,43,0.441,2
SYN_122190,rural,41+,6,376.29,9,29,0.541,0
SYN_112049,rural,26-40,9,657.82,60,27,0.887,1
SYN_115559,rural,26-40,8,811.8,13,37,0.592,2
SYN_105309,urban,41+,10,1832.32,9,38,0.479,0
SYN_117677,urban,18-25,19,198.64,36,37,0.178,1
SYN_100886,urban,41+,11,114.71,2,46,0.492,2
SYN_116282,urban,41+,17,485.07,15,26,0.489,2
SYN_111916,rural,18-25,16,595.77,23,5,0.369,1
SYN_113012,rural,41+,8,534.09,21,42,0.43,1
SYN_100711,rural,26-40,8,926.32,5,46,0.278,2
SYN_114510,rural,18-25,9,90.57,2,41,0.532,3
SYN_121312,rural,18-25,11,650.94,13,45,0.638,2
SYN_113296,urban,18-25,12,168.82,14,18,0.543,1
SYN_114605,rural,26-40,3,101.45,14,17,0.593,0
SYN_118772,urban,41+,21,880.74,12,44,0.272,1
SYN_102872,urban,41+,15,706.82,18,25,0.86,0
SYN_108053,rural,41+,10,60.67,11,7,0.798,2
SYN_102739,urban,41+,14,259.36,13,2,0.54,1
SYN_123750,rural,41+,9,317.56,32,47,0.487,1
SYN_104905,urban,41+,6,200.44,3,11,0.777,2
SYN_109267,rural,26-40,5,57.04,2,16,0.817,3
SYN_100645,rural,41+,5,157.59,15,7,0.732,2
SYN_100693,urban,18-25,13,371.6,1,32,0.862,0
SYN_113710,urban,26-40,11,196.49,9,25,0.275,1
SYN_115856,rural,26-40,10,130.32,2,30,0.885,0
SYN_107294,rural,41+,7,503.7,7,36,0.901,0
SYN_129211,rural,18-25,7,166.81,60,2,0.76,2
SYN_120634,urban,18-25,15,131.05,18,7,0.512,2
SYN_109497,urban,18-25,17,1583.1,17,9,0.588,0
SYN_117277,urban,41+,22,502.55,22,26,0.061,1
SYN_102671,urban,26-40,15,196.67,7,8,0.475,1
SYN_129957,rural,18-25,3,570.05,27,31,0.631,2
SYN_105410,urban,26-40,19,132.7,37,28,0.207,2
SYN_101245,urban,41+,15,86.96,42,20,0.434,1
SYN_101999,urban,26-40,15,626.12,7,7,0.199,0
SYN_104715,urban,26-40,17,712.12,16,47,0.42,1
SYN_106155,urban,18-25,12,171.78,13,41,0.544,3
SYN_110424,rural,26-40,9,590.66,22,24,0.472,0
SYN_103383,urban,18-25,13,98.05,6,34,0.619,3
SYN_127594,rural,26-40,4,1470.11,21,19,0.53,1
SYN_114191,rural,18-25,9,131.04,2,37,0.744,1
SYN_105150,rural,26-40,10,153.13,58,32,0.356,1
SYN_116467,rural,41+,9,537.76,12,20,0.474,0
SYN_124844,rural,26-40,11,885.35,5,41,0.551,4
SYN_126108,rural,18-25,9,396.05,8,26,0.64,0
SYN_102625,urban,18-25,18,573.26,18,18,0.117,1
SYN_128403,urban,26-40,11,93.41,60,21,0.251,2
SYN_111018,urban,26-40,14,1070.1,1,12,0.627,0
SYN_112650,urban,18-25,14,111.41,8,39,0.366,5
SYN_101619,urban,26-40,12,148.07,9,30,0.501,1
SYN_104382,urban,18-25,17,310.24,15,3,0.65,0
SYN_102608,rural,26-40,11,659.07,25,14,0.676,0
SYN_113145,urban,41+,19,98.87,30,45,0.346,2
SYN_129369,urban,18-25,16,503.31,11,44,0.233,0
SYN_102206,rural,18-25,13,274.82,23,10,0.737,1
SYN_107437,urban,18-25,12,58.51,3,32,0.253,0
SYN_119668,rural,41+,11,748.61,39,36,0.423,3
SYN_117509,urban,18-25,22,96.76,12,5,0.297,2
SYN_119781,rural,26-40,4,73.83,3,46,0.323,3
SYN_121856,rural,41+,11,261.76,13,23,0.411,0
SYN_112850,rural,26-40,8,1378.54,31,23,0.441,1
SYN_104734,rural,41+,8,110.89,28,45,0.455,1
SYN_113788,urban,18-25,14,89.6,1,9,0.704,2
SYN_123202,urban,18-25,17,1839.59,21,7,0.262,2
SYN_106031,urban,26-40,14,495.62,14,30,0.235,1
SYN_107708,urban,41+,11,119.25,7,17,0.863,4
SYN_102389,urban,18-25,13,61.05,24,46,0.557,0
SYN_104360,urban,41+,17,879.51,3,1,0.133,2
SYN_113750,rural,26-40,5,269.54,3,39,0.373,2
SYN_111206,urban,26-40,5,434.71,14,22,0.249,0
SYN_124288,rural,41+,11,527.71,2,41,0.677,2
SYN_102876,urban,41+,10,232.75,6,36,0.415,0
SYN_125050,urban,41+,16,933.87,28,10,0.048,3
SYN_108139,urban,18-25,15,361.64,33,13,0.242,2
SYN_117327,urban,26-40,12,2559.19,3,9,0.425,1
SYN_122458,urban,26-40,14,172.83,6,38,0.373,1
SYN_104456,urban,26-40,13,945.52,1,42,0.66,2
SYN_100965,urban,26-40,12,287.41,5,3,0.309,0
SYN_103807,rural,26-40,11,1079.6,1,23,0.621,1
SYN_115435,urban,18-25,13,1014.38,25,12,0.183,1
SYN_107320,urban,41+,13,702.8,4,37,0.299,2
SYN_117525,urban,41+,11,97.45,3,14,0.556,0
SYN_113829,urban,18-25,20,117.69,55,5,0.728,1
SYN_102460,rural,41+,8,140.46,9,33,0.411,2
SYN_104932,rural,18-25,10,681.43,8,1,0.899,1
SYN_102074,urban,26-40,9,451.12,12,39,0.382,1
SYN_118782,urban,18-25,10,968.63,3,16,0.136,3
SYN_121095,urban,26-40,16,443.76,29,45,0.246,2
SYN_103852,urban,18-25,18,1532.9,31,42,0.203,1
SYN_113764,rural,41+,8,1173.56,10,5,0.354,1
SYN_126447,rural,41+,10,204.85,5,37,0.413,2
SYN_115670,rural,41+,6,918.4,6,34,0.438,1
SYN_106501,urban,26-40,11,193.22,19,26,0.536,2
SYN_107391,urban,26-40,21,511.16,6,1,0.64,0
SYN_116214,rural,26-40,21,1330.07,5,27,0.709,1
SYN_102153,rural,18-25,11,337.12,24,7,0.415,1
SYN_116856,urban,18-25,10,304.34,18,4,0.216,0
SYN_121147,urban,41+,12,291.0,6,35,0.168,3
SYN_105735,rural,26-40,9,165.11,20,34,0.718,0
SYN_113600,rural,26-40,5,768.47,13,16,0.327,0
SYN_123081,urban,26-40,15,255.9,17,17,0.562,2
SYN_103529,urban,41+,14,164.91,5,4,0.182,1
SYN_102239,urban,18-25,9,149.73,9,11,0.222,0
SYN_115897,urban,26-40,10,279.4,12,30,0.558,2
SYN_101825,urban,26-40,10,434.61,2,42,0.263,2
SYN_112599,urban,26-40,13,130.08,38,33,0.449,1
SYN_129059,urban,26-40,20,98.87,4,29,0.337,1
SYN_111779,rural,26-40,7,1383.24,2,40,0.438,1
SYN_126149,rural,26-40,8,1215.84,1,28,0.354,2
SYN_123537,urban,41+,14,252.68,46,18,0.461,0
SYN_124306,urban,26-40,10,159.37,6,47,0.433,1
SYN_117122,urban,41+,15,2046.15,2,45,0.461,3
SYN_102899,urban,18-25,10,244.87,5,32,0.409,3
SYN_103953,rural,41+,5,76.57,1,17,1.0,0
SYN_126347,urban,18-25,13,2231.7,8,8,0.582,1
SYN_117214,urban,41+,17,497.55,2,11,0.305,2
SYN_122274,urban,41+,18,470.03,10,3,0.399,0
SYN_112842,rural,26-40,4,671.84,5,5,0.346,2
SYN_121465,urban,26-40,12,203.71,35,46,0.359,2
SYN_122565,urban,26-40,10,172.32,15,45,0.204,3
SYN_110362,urban,26-40,18,369.08,46,25,0.882,3
SYN_113683,rural,41+,2,64.86,5,25,0.676,2
SYN_109949,urban,26-40,19,916.4,11,34,0.52,2
SYN_109671,rural,41+,14,588.26,37,27,0.436,0
SYN_121309,urban,18-25,17,412.6,11,45,0.29,1
SYN_107884,urban,26-40,15,145.62,9,7,0.219,1
SYN_127073,rural,26-40,9,218.97,27,10,0.728,2
SYN_119706,rural,26-40,11,89.48,7,28,0.606,1
SYN_104926,urban,41+,11,975.64,3,22,0.419,1
SYN_123960,urban,18-25,13,89.48,14,45,0.437,2
SYN_107291,urban,41+,18,157.28,19,19,0.239,0
SYN_101524,rural,41+,7,63.35,4,3,0.65,3
SYN_113002,rural,41+,10,260.87,8,38,0.779,1
SYN_124643,rural,18-25,9,567.57,7,6,0.433,0
SYN_107940,urban,26-40,23,608.55,2,2,0.167,1
SYN_117169,urban,18-25,19,2234.06,31,17,0.558,2
SYN_112148,urban,41+,17,456.38,20,34,0.188,4
SYN_114380,urban,26-40,15,534.38,4,23,0.496,1
SYN_112448,rural,18-25,10,73.08,7,6,0.223,1
SYN_112192,urban,41+,14,893.55,6,6,0.226,0
SYN_112136,urban,18-25,13,415.83,6,24,0.349,3
SYN_113805,urban,41+,13,1803.39,2,32,0.283,2
SYN_128745,urban,41+,15,1329.36,4,25,0.176,3
SYN_120967,urban,18-25,15,179.86,11,7,0.364,0
SYN_118169,rural,26-40,6,256.53,49,21,0.927,0
SYN_128018,urban,26-40,9,713.5,9,27,0.621,1
SYN_119367,rural,26-40,11,1031.75,1,34,0.283,1
SYN_100349,urban,26-40,10,218.02,10,40,0.123,1
SYN_118227,urban,26-40,9,313.81,33,19,0.785,2
SYN_113384,rural,18-25,7,400.38,1,19,0.726,1
SYN_124909,urban,26-40,12,84.1,30,37,0.238,4
SYN_110233,urban,26-40,11,176.86,21,36,0.437,0
SYN_110048,rural,26-40,5,4535.59,60,45,0.516,0
SYN_112230,urban,18-25,16,152.48,27,2,0.385,1
SYN_117345,urban,26-40,18,1476.41,7,7,0.219,0
SYN_101573,rural,26-40,11,746.7,1,3,0.294,0
SYN_102639,urban,41+,10,173.87,4,33,0.108,1
SYN_104211,urban,18-25,10,1238.74,19,14,0.386,2
SYN_109210,rural,18-25,6,754.87,1,16,0.56,4
SYN_119690,rural,41+,6,409.51,17,12,0.35,0
SYN_121556,urban,18-25,22,152.21,4,21,0.765,3
SYN_128592,rural,26-40,6,294.5,60,5,0.558,0
SYN_107502,urban,26-40,15,265.5,44,44,0.846,1
SYN_107444,urban,26-40,14,354.42,3,9,0.621,1
SYN_122542,rural,18-25,11,236.44,28,32,0.468,3
SYN_105213,rural,18-25,6,785.74,2,17,0.408,1
SYN_129142,rural,26-40,10,684.22,36,32,0.542,0
SYN_103777,urban,26-40,16,298.04,15,8,0.415,0
SYN_109217,rural,26-40,8,1101.9,16,40,0.588,1
SYN_129023,urban,26-40,26,370.56,25,6,0.362,1
SYN_110580,rural,41+,14,815.97,40,35,0.461,1
SYN_105898,urban,41+,12,183.0,4,11,0.656,2
SYN_100843,urban,18-25,17,1049.26,41,15,0.264,0
SYN_122257,urban,41+,11,167.22,13,35,0.288,1
SYN_118411,rural,26-40,4,134.72,36,33,0.401,1
SYN_100818,rural,26-40,12,342.41,4,31,0.271,1
SYN_109472,urban,41+,10,537.45,8,37,0.184,2
SYN_127317,rural,18-25,7,1266.29,2,39,0.393,3
SYN_114366,rural,26-40,12,176.84,16,41,0.369,2
SYN_112663,rural,41+,9,275.79,1,14,0.646,3
SYN_120390,urban,18-25,9,323.49,60,16,0.824,1
SYN_119287,urban,26-40,14,108.75,17,26,0.494,0
SYN_110188,urban,26-40,14,663.35,32,12,0.667,2
SYN_128297,urban,26-40,13,1234.48,4,6,0.349,3
SYN_112551,urban,26-40,22,281.13,1,13,0.487,1
SYN_126938,urban,41+,19,747.76,9,21,0.701,2
SYN_105995,urban,26-40,21,499.58,3,43,0.235,2
SYN_103701,urban,41+,12,837.67,23,33,0.535,1
SYN_106204,urban,41+,18,108.3,16,30,0.424,1
SYN_106923,urban,41+,16,50.15,34,38,0.441,0
SYN_125635,rural,41+,10,517.37,20,25,0.548,0
SYN_114089,urban,18-25,16,527.03,7,19,0.238,2
SYN_111333,urban,26-40,9,1179.96,30,42,0.304,3
SYN_128314,rural,26-40,8,209.09,1,32,0.534,2
SYN_111657,rural,18-25,10,469.77,5,22,0.51,3
SYN_118791,rural,26-40,8,223.24,7,12,0.976,1
SYN_117683,rural,26-40,6,248.01,23,2,0.415,3
SYN_111957,urban,18-25,14,326.63,12,26,0.237,1
SYN_101892,urban,26-40,14,182.31,24,43,0.204,0
SYN_118630,urban,26-40,16,75.48,10,45,0.161,3
SYN_117981,urban,41+,13,1043.75,18,4,0.231,2
SYN_116364,urban,18-25,11,126.83,24,47,0.467,2
SYN_104550,urban,41+,19,263.12,10,41,0.063,0
SYN_106387,urban,26-40,11,83.88,60,21,0.277,0
SYN_123727,urban,18-25,9,367.44,4,5,0.685,0
SYN_129307,urban,26-40,13,205.19,13,8,0.469,1
SYN_119596,urban,18-25,14,1033.55,37,23,0.388,0
SYN_129877,rural,26-40,11,641.08,8,30,0.426,0
SYN_128528,urban,26-40,10,599.98,11,28,0.324,1
SYN_114340,rural,26-40,5,168.05,1,7,0.417,0
SYN_115238,rural,26-40,7,1273.64,36,8,0.485,2
SYN_115013,rural,41+,15,179.68,9,36,0.213,2
SYN_102195,rural,18-25,16,1228.86,27,30,0.799,1
SYN_104934,rural,26-40,8,382.74,44,37,0.294,2
SYN_107110,rural,41+,8,130.34,1,41,0.578,2
SYN_111559,urban,41+,15,183.53,14,28,0.364,3
SYN_125260,urban,41+,10,218.91,18,23,0.321,2
SYN_116980,rural,41+,11,588.48,16,14,0.707,2
SYN_111312,urban,26-40,13,894.97,3,43,0.362,3
SYN_128169,urban,18-25,14,1024.76,3,35,0.38,1
SYN_125922,rural,26-40,9,534.13,21,16,0.434,0
SYN_104018,urban,26-40,10,642.27,12,46,0.312,2
SYN_100644,rural,18-25,11,76.02,3,20,0.441,2
SYN_118234,rural,26-40,9,357.48,16,12,0.587,1
SYN_114716,urban,26-40,18,706.44,5,36,0.613,3
SYN_121532,rural,18-25,5,234.87,16,12,0.201,1
SYN_118708,rural,18-25,8,586.82,7,32,0.431,1
SYN_125829,rural,41+,9,1377.79,1,44,0.419,2
SYN_104370,urban,26-40,13,765.3,3,21,0.049,2
SYN_113730,rural,18-25,10,819.45,27,5,0.612,2
SYN_113810,urban,18-25,13,205.56,12,39,0.086,1
SYN_121895,rural,18-25,9,443.91,8,41,0.499,1
SYN_129778,urban,26-40,12,272.98,3,43,0.6,0
SYN_117937,rural,41+,9,241.65,8,44,0.481,0
SYN_106388,rural,41+,7,365.25,45,2,0.608,2
SYN_122128,rural,18-25,8,312.93,6,38,0.323,1
SYN_108327,urban,18-25,13,428.53,4,27,0.582,1
SYN_112052,urban,41+,16,108.03,49,47,0.765,3
SYN_113131,rural,18-25,4,234.71,30,43,0.548,0
SYN_127358,urban,18-25,9,183.43,15,9,0.216,0
SYN_109372,rural,18-25,7,162.93,3,18,0.782,1
SYN_111604,urban,41+,16,472.32,20,46,0.624,1
SYN_125072,urban,26-40,12,133.11,13,15,0.345,1
SYN_101894,urban,18-25,10,842.93,60,16,0.209,0
SYN_114974,urban,26-40,15,373.01,21,34,0.582,1
SYN_117982,rural,26-40,12,254.31,9,40,0.428,2
SYN_115814,urban,18-25,10,415.61,26,17,0.721,0
SYN_127198,rural,26-40,11,295.83,3,14,0.869,1
SYN_103012,rural,18-25,12,855.94,23,3,0.229,1
SYN_109836,urban,18-25,17,721.0,1,39,0.404,1
SYN_113259,rural,18-25,6,309.65,12,28,0.483,1
SYN_102982,urban,26-40,13,526.27,1,19,0.124,2
SYN_125243,urban,18-25,18,258.41,1,2,0.228,1
SYN_122513,rural,41+,3,666.23,3,26,0.318,1
SYN_125232,urban,18-25,15,575.26,18,2,0.229,1
SYN_103894,rural,26-40,10,68.63,22,46,0.486,2
SYN_126017,urban,18-25,21,117.92,19,16,0.199,3
SYN_112330,urban,26-40,11,201.58,11,29,0.191,2
SYN_104186,urban,26-40,15,221.03,35,46,0.492,1
SYN_108676,rural,18-25,10,892.56,11,27,0.383,2
SYN_126924,urban,41+,17,963.93,1,10,0.48,0
SYN_104557,rural,18-25,9,1419.74,18,31,0.359,1
SYN_115573,rural,18-25,11,551.31,37,35,0.313,2
SYN_115561,rural,26-40,13,1235.19,50,39,0.638,2
SYN_120362,rural,18-25,9,920.09,39,19,0.363,1
SYN_124745,rural,18-25,14,2290.39,6,40,0.853,0
SYN_118275,urban,41+,10,401.15,8,31,0.224,2
SYN_104313,rural,18-25,15,457.47,11,1,0.51,2
SYN_114298,urban,26-40,14,396.56,3,17,0.618,1
SYN_123935,urban,18-25,14,696.18,25,35,0.135,1
SYN_114181,rural,18-25,9,132.62,56,45,0.65,2
SYN_111563,urban,26-40,11,464.73,4,8,0.12,3
SYN_116842,urban,18-25,15,184.53,32,16,0.293,1
SYN_123198,rural,26-40,10,657.93,30,12,0.349,0
SYN_100091,rural,26-40,12,754.98,7,3,0.656,1
SYN_106717,rural,41+,14,861.09,14,21,0.828,4
SYN_122293,urban,26-40,15,445.12,19,35,0.475,2
SYN_109228,rural,26-40,8,123.17,4,29,0.893,2
SYN_116506,urban,26-40,13,246.03,60,25,0.611,0
SYN_112725,urban,26-40,20,339.86,24,14,0.174,2
SYN_116239,rural,41+,7,231.48,2,24,0.757,1
SYN_108284,urban,41+,16,289.54,46,35,0.079,0
SYN_103693,urban,26-40,19,386.47,26,29,0.056,1
SYN_126509,rural,18-25,6,232.24,9,47,0.542,1
SYN_111096,urban,26-40,7,395.13,19,38,0.227,0
SYN_111105,urban,18-25,12,429.67,15,2,0.836,3
SYN_109672,rural,18-25,15,636.75,5,39,0.631,3
SYN_121707,rural,41+,10,51.27,33,24,0.454,2
SYN_118445,urban,18-25,16,2002.52,1,16,0.244,1
SYN_108525,rural,41+,10,282.99,14,24,0.314,2
SYN_124052,urban,41+,13,255.68,24,39,0.287,1
SYN_111599,urban,18-25,10,133.98,4,3,0.229,2
SYN_119644,urban,18-25,20,295.12,6,29,0.205,1
SYN_118909,urban,18-25,13,1367.46,8,9,0.269,2
SYN_126156,urban,26-40,13,132.3,31,6,0.697,1
SYN_118905,rural,26-40,8,338.84,9,5,0.332,3
SYN_113210,rural,26-40,13,356.36,10,36,0.818,1
SYN_101424,urban,41+,9,276.16,60,46,0.694,3
SYN_116225,urban,26-40,12,188.7,7,31,0.219,0
SYN_129064,urban,26-40,15,70.44,23,16,0.168,0
SYN_101250,urban,18-25,16,113.63,18,3,0.443,2
SYN_105648,urban,41+,12,182.61,33,12,0.439,1
SYN_113817,rural,18-25,5,355.42,5,11,0.564,0
SYN_115440,urban,26-40,13,315.16,60,23,0.319,1
SYN_109144,urban,26-40,18,1153.46,3,19,0.572,0
SYN_114727,urban,41+,16,148.59,31,29,0.678,1
SYN_107435,urban,26-40,19,185.12,1,13,0.538,0
SYN_128500,urban,41+,12,138.6,60,17,0.233,2
SYN_100415,urban,26-40,12,424.64,32,40,0.37,3
SYN_125431,urban,26-40,13,524.64,37,44,0.446,1
SYN_101770,urban,18-25,12,907.78,9,19,0.268,1
SYN_127175,urban,26-40,15,1896.84,2,4,0.254,2
SYN_108247,urban,41+,17,127.75,6,10,0.434,2
SYN_126842,rural,41+,9,1459.43,6,14,0.818,1
SYN_102340,urban,26-40,15,354.67,4,6,0.403,3
SYN_127888,urban,26-40,18,533.88,25,21,0.527,0
SYN_113273,urban,41+,12,522.05,11,27,0.536,1
SYN_123087,rural,41+,7,210.03,23,9,0.82,2
SYN_108129,urban,41+,8,489.08,7,6,0.216,1
SYN_111963,urban,18-25,17,62.41,12,29,0.469,0
SYN_118867,rural,18-25,7,557.19,26,47,0.218,0
SYN_114213,urban,26-40,9,875.19,9,5,0.253,1
SYN_120501,urban,26-40,10,162.74,2,33,0.226,0
SYN_127755,urban,26-40,18,577.06,28,46,0.832,2
SYN_126619,rural,18-25,7,486.86,38,22,0.481,0
SYN_121881,urban,26-40,13,410.53,3,26,0.619,1
SYN_114738,urban,41+,11,194.33,5,5,0.773,0
SYN_102222,urban,26-40,13,56.36,32,24,0.169,0
SYN_118185,urban,18-25,11,2318.65,6,14,0.151,2
SYN_106385,rural,26-40,11,496.77,5,39,0.739,2
SYN_119418,urban,26-40,15,245.65,30,13,0.447,2
SYN_107714,urban,18-25,12,111.87,38,6,0.286,0
SYN_114402,rural,26-40,6,813.66,43,27,0.54,0
SYN_120959,rural,26-40,11,939.62,44,25,0.479,2
SYN_109610,rural,41+,5,1543.93,36,34,0.357,1
SYN_120872,urban,41+,17,555.61,17,33,0.504,2
SYN_109587,urban,26-40,21,60.43,11,13,0.178,0
SYN_107811,urban,26-40,20,330.95,7,26,0.506,1
SYN_113336,urban,26-40,19,309.83,12,31,0.333,0
SYN_115377,urban,18-25,13,208.09,3,25,0.092,0
SYN_112731,urban,18-25,13,690.06,12,19,0.076,1
SYN_118086,urban,26-40,15,786.2,2,40,0.377,2
SYN_104996,urban,41+,11,2242.8,14,31,0.121,2
SYN_106190,rural,18-25,8,696.08,8,44,0.586,1
SYN_129650,urban,18-25,21,131.21,19,13,0.364,2
SYN_103291,rural,26-40,14,1546.2,15,34,0.363,0
SYN_125557,rural,26-40,7,490.03,31,8,0.664,1
SYN_102647,rural,41+,12,301.94,13,33,0.44,0
SYN_111356,urban,41+,21,188.14,16,2,0.333,0
SYN_106603,urban,18-25,14,381.71,59,5,0.369,1
SYN_124353,urban,18-25,17,295.82,8,22,0.393,0
SYN_127965,urban,18-25,12,1100.33,45,1,0.631,2
SYN_105818,urban,41+,20,1011.64,1,37,0.185,3
SYN_113301,rural,41+,9,477.08,10,26,0.578,3
SYN_102077,urban,18-25,8,66.02,52,25,0.287,3
SYN_125003,urban,26-40,18,804.01,31,26,0.105,1
SYN_124192,urban,26-40,15,543.75,56,27,0.383,2
SYN_125412,rural,18-25,9,650.75,28,20,0.532,1
SYN_110737,urban,41+,9,1038.61,7,3,0.492,1
SYN_100971,urban,26-40,13,743.18,1,41,0.255,0
SYN_113079,rural,26-40,11,421.33,4,44,0.692,2
SYN_117727,rural,41+,5,124.47,35,36,0.441,0
SYN_122162,urban,41+,14,179.07,29,43,0.173,1
SYN_103539,urban,18-25,17,456.42,12,43,0.348,1
SYN_129793,rural,41+,13,330.1,4,32,0.303,1
SYN_127416,urban,26-40,22,475.36,20,15,0.306,3
SYN_105789,urban,18-25,16,420.31,14,10,0.554,1
SYN_122878,rural,18-25,9,1421.1,12,29,0.672,1
SYN_106401,urban,41+,15,284.43,19,7,0.179,1
SYN_123141,urban,41+,9,434.88,3,25,0.472,1
SYN_104297,urban,41+,13,79.98,9,45,0.152,0
SYN_117235,urban,18-25,13,694.5,6,37,0.168,0
SYN_127011,urban,26-40,13,186.68,6,15,0.293,2
SYN_106712,urban,18-25,14,105.21,38,23,0.156,0
SYN_114926,urban,26-40,13,341.77,36,41,0.479,3
SYN_126195,urban,18-25,14,293.9,37,2,0.497,1
SYN_127319,urban,26-40,13,422.95,30,43,0.574,0
SYN_102961,rural,18-25,8,77.54,36,25,0.776,1
SYN_118374,urban,41+,17,311.12,38,26,0.497,2
SYN_112496,urban,18-25,17,1192.12,32,40,0.502,0
SYN_123231,rural,26-40,10,827.0,15,24,0.569,2
SYN_114039,urban,26-40,12,61.02,6,4,0.591,3
SYN_127977,rural,26-40,11,237.76,3,17,0.777,1
SYN_112578,urban,26-40,16,530.89,9,6,0.439,0
SYN_110266,urban,41+,15,916.82,2,6,0.052,0
SYN_103469,rural,41+,9,894.68,3,46,0.282,3
SYN_106027,urban,26-40,14,98.02,18,47,0.485,0
SYN_112267,urban,41+,20,61.11,9,18,0.485,1
SYN_115950,urban,18-25,16,303.7,23,37,0.793,3
SYN_121053,rural,18-25,12,941.63,39,18,0.576,1
SYN_105220,urban,26-40,11,147.5,35,33,0.36,0
SYN_120243,rural,18-25,12,763.97,15,12,0.445,1
SYN_108441,urban,26-40,13,593.44,26,33,0.073,1
SYN_105210,urban,26-40,8,529.84,2,24,0.205,1
SYN_102137,rural,26-40,9,616.19,5,4,0.469,1
SYN_108858,urban,41+,16,562.29,4,1,0.241,1
SYN_102241,urban,26-40,15,390.82,12,29,0.451,0
SYN_113781,rural,18-25,7,249.69,6,40,0.653,2
SYN_116408,rural,26-40,12,208.0,4,6,0.175,2
SYN_123954,urban,18-25,17,907.36,11,32,0.334,1
SYN_121218,rural,41+,12,522.07,17,16,0.436,3
SYN_108223,rural,26-40,9,227.72,5,15,0.46,2
SYN_129811,urban,26-40,19,171.24,60,38,0.515,1
SYN_114202,rural,26-40,9,151.7,16,35,0.366,3
SYN_111919,urban,41+,9,456.67,15,25,0.367,0
SYN_111941,urban,41+,13,404.53,41,34,0.35,2
SYN_100408,urban,26-40,14,740.02,8,12,0.715,0
SYN_109370,rural,26-40,11,780.86,38,41,0.531,0
SYN_128851,rural,26-40,14,153.92,60,1,0.635,2
SYN_106731,urban,41+,18,345.73,6,29,0.625,4
SYN_122640,rural,18-25,10,346.58,29,4,0.274,2
SYN_103427,rural,41+,14,125.84,11,6,0.86,2
SYN_114527,rural,41+,9,696.76,9,35,0.562,1
SYN_119869,urban,41+,8,318.18,9,25,0.656,2
SYN_104762,rural,18-25,13,972.57,8,29,0.254,2
SYN_116197,urban,26-40,16,70.48,1,31,0.483,2
SYN_125713,rural,26-40,11,94.51,1,15,0.296,0
SYN_122636,urban,26-40,16,342.61,24,16,0.155,1
SYN_124491,urban,41+,22,560.82,22,44,0.424,2
SYN_110546,urban,26-40,11,202.02,4,23,0.274,2
SYN_111555,urban,41+,13,877.97,2,31,0.076,2
SYN_127817,urban,18-25,14,503.53,60,3,0.477,1
SYN_109650,rural,26-40,11,267.56,42,3,0.342,0
SYN_119829,rural,26-40,6,1124.5,14,9,0.358,0
SYN_121405,urban,26-40,7,154.99,51,39,0.615,1
SYN_101124,urban,26-40,14,622.55,26,9,0.457,2
SYN_117443,rural,18-25,10,957.38,27,30,0.518,2
SYN_103570,rural,41+,8,106.87,4,46,0.454,2
SYN_100477,rural,18-25,10,313.42,46,46,0.209,1
SYN_105601,urban,18-25,14,1449.85,4,11,0.369,0
SYN_127290,urban,18-25,13,63.91,4,43,0.155,2
SYN_124468,urban,26-40,17,121.84,23,2,0.196,0
SYN_107729,urban,26-40,13,660.57,13,40,0.559,1
SYN_123372,urban,18-25,17,300.34,17,6,0.44,2
SYN_104619,urban,18-25,13,545.5,2,8,0.343,1
SYN_127072,rural,18-25,6,338.54,26,43,0.587,0
SYN_114953,urban,26-40,14,95.21,8,34,0.266,0
SYN_117415,urban,26-40,13,84.65,6,46,0.459,0
SYN_108124,rural,26-40,12,408.18,5,27,0.323,1
SYN_124068,urban,18-25,16,434.62,1,7,0.827,1
SYN_114046,rural,18-25,11,921.12,26,30,0.63,2
SYN_118915,urban,41+,14,523.26,6,6,0.753,1
SYN_128655,urban,26-40,20,109.99,11,19,0.457,2
SYN_122755,urban,41+,12,215.91,28,37,0.378,3
SYN_128758,rural,26-40,6,118.94,26,30,0.469,0
SYN_110397,urban,26-40,20,293.04,8,7,0.361,1
SYN_103350,urban,18-25,19,185.82,3,24,0.553,2
SYN_120017,urban,26-40,14,992.04,13,34,0.647,1
SYN_129001,rural,41+,8,83.23,9,37,0.374,3
SYN_115306,urban,41+,13,3367.23,9,40,0.145,1
SYN_119091,urban,26-40,14,92.18,60,36,0.596,1
SYN_118443,urban,26-40,15,948.18,30,20,0.557,2
SYN_101527,urban,26-40,8,69.23,59,29,0.411,0
SYN_124039,urban,41+,12,566.9,25,12,0.42,2
SYN_110127,rural,41+,13,573.7,26,39,0.739,1
SYN_100023,rural,41+,7,93.45,1,20,0.502,0
SYN_109331,urban,18-25,9,433.55,17,23,0.2,3
SYN_113998,urban,41+,16,757.02,54,43,0.718,0
SYN_122915,urban,18-25,16,367.07,10,17,0.712,2
SYN_109825,urban,26-40,14,1581.65,4,1,0.568,2
SYN_111256,urban,26-40,17,519.02,17,34,0.614,3
SYN_100192,urban,41+,17,310.17,10,24,0.729,4
SYN_108027,rural,41+,13,123.78,9,30,0.605,2
SYN_113415,urban,26-40,13,261.53,47,39,0.555,2
SYN_107831,rural,41+,7,887.95,23,30,0.498,1
SYN_129819,rural,26-40,11,2332.53,21,25,0.344,0
SYN_106363,urban,41+,16,424.03,54,41,0.66,1
SYN_104721,urban,26-40,11,97.07,25,16,0.388,2
SYN_119114,urban,26-40,16,128.11,32,11,0.39,0
SYN_111879,rural,41+,12,331.4,19,36,0.551,2
SYN_106502,urban,18-25,14,787.41,3,15,0.343,1
SYN_110919,urban,26-40,25,389.86,19,9,0.723,0
SYN_122276,urban,18-25,13,88.84,7,31,0.241,0
SYN_123197,urban,18-25,18,631.58,14,8,0.031,1
SYN_127502,urban,18-25,16,243.83,4,34,0.259,2
SYN_112156,rural,18-25,4,838.73,3,3,0.787,0
SYN_109916,urban,41+,15,1497.76,10,37,0.184,0
SYN_101042,rural,18-25,7,379.62,5,16,0.614,0
SYN_107633,urban,41+,19,92.48,27,11,0.556,0
SYN_111755,rural,41+,11,172.27,15,42,0.545,1
SYN_128901,urban,18-25,8,724.72,28,13,0.664,1
SYN_108168,urban,18-25,17,1842.12,44,24,0.229,0
SYN_113303,rural,26-40,12,65.03,3,19,0.446,0
SYN_123578,urban,41+,4,752.23,6,14,0.156,1
SYN_103904,urban,18-25,15,90.52,8,40,0.239,1
SYN_127942,urban,41+,12,106.82,27,21,0.766,1
SYN_117953,urban,26-40,11,419.76,3,23,0.544,1
SYN_103421,urban,26-40,10,571.44,60,41,0.217,0
SYN_105680,rural,18-25,11,1243.87,16,34,0.464,1
SYN_104340,urban,18-25,17,1527.05,7,19,0.687,0
SYN_108925,urban,26-40,10,650.27,16,45,0.501,0
SYN_101877,urban,41+,13,92.96,18,21,0.476,1
SYN_105966,rural,26-40,18,896.66,14,22,0.968,2
SYN_120795,urban,41+,13,533.58,10,46,0.565,1
SYN_111875,urban,18-25,16,92.43,7,21,0.345,1
SYN_107599,urban,18-25,19,102.18,48,25,0.733,5
SYN_116475,rural,26-40,9,556.7,36,44,0.557,3
SYN_105882,rural,26-40,9,370.62,23,28,0.717,1
SYN_123251,rural,26-40,12,534.43,2,11,0.851,3
SYN_128310,urban,26-40,13,338.33,19,9,0.583,2
SYN_118749,urban,26-40,12,60.66,6,10,0.082,2
SYN_100394,urban,18-25,17,200.4,18,33,0.339,2
SYN_111408,urban,26-40,11,92.12,23,46,0.253,2
SYN_122761,rural,18-25,13,777.4,58,46,0.919,2
SYN_109813,urban,18-25,9,405.36,23,1,0.541,1
SYN_103710,rural,18-25,4,612.16,9,46,0.51,1
SYN_121306,rural,18-25,9,389.12,3,9,0.349,2
SYN_116831,rural,41+,9,263.01,32,26,0.412,0
SYN_118512,rural,41+,10,345.8,9,20,0.215,1
SYN_123710,rural,26-40,3,560.49,36,24,0.314,0
SYN_114444,rural,18-25,13,480.39,26,32,0.299,1
SYN_119126,urban,18-25,15,415.97,14,15,0.605,1
SYN_102916,urban,41+,15,1526.85,1,19,0.066,3
SYN_104119,urban,26-40,14,450.09,1,20,0.149,3
SYN_114723,rural,18-25,6,63.93,60,19,0.393,0
SYN_105002,rural,26-40,8,509.27,60,43,0.54,3
SYN_129169,rural,18-25,7,192.29,24,19,0.66,3
SYN_104061,rural,18-25,7,424.16,3,31,0.595,1
SYN_104744,urban,41+,15,233.84,11,14,0.218,0
SYN_122669,urban,18-25,15,435.38,28,42,0.254,1
SYN_104429,urban,18-25,13,713.04,13,36,0.861,2
SYN_103116,urban,18-25,9,768.28,29,41,0.7,2
SYN_110263,urban,41+,11,454.19,25,38,0.068,1
SYN_112242,urban,26-40,9,85.7,1,7,0.48,2
SYN_102252,urban,18-25,12,198.38,5,8,0.385,2
SYN_118891,rural,26-40,7,308.0,1,42,0.61,1
SYN_116902,urban,18-25,14,960.27,53,11,0.385,1
SYN_113622,rural,18-25,7,451.83,21,43,0.48,2
SYN_129674,rural,18-25,7,600.26,15,41,0.726,0
SYN_109527,urban,41+,18,335.16,17,4,0.052,0
SYN_117367,urban,41+,16,2172.3,28,4,0.121,1
SYN_101626,urban,41+,15,110.47,8,27,0.105,1
SYN_105255,rural,26-40,11,73.92,17,12,0.509,1
SYN_110863,urban,26-40,9,403.88,1,45,0.66,0
SYN_107366,urban,26-40,10,386.71,11,9,0.583,0
SYN_128241,urban,26-40,14,437.33,4,41,0.378,1
SYN_123658,urban,26-40,9,69.54,60,11,0.641,0
SYN_117284,rural,26-40,12,1011.39,28,38,0.537,0
SYN_120210,rural,18-25,11,624.88,10,31,0.604,0
SYN_105120,rural,26-40,16,180.65,14,14,0.165,2
SYN_107061,urban,41+,17,93.06,4,9,0.193,2
SYN_122577,rural,26-40,5,206.01,4,2,0.279,0
SYN_102913,rural,41+,8,237.43,48,8,0.797,2
SYN_122092,rural,18-25,7,385.57,29,24,0.582,2
SYN_111361,urban,26-40,15,1470.34,17,15,0.311,2
SYN_122772,urban,26-40,14,497.47,3,9,0.174,0
SYN_113667,rural,26-40,9,1312.59,48,22,0.347,1
SYN_121523,rural,18-25,4,132.9,39,30,0.332,2
SYN_129918,urban,26-40,9,158.38,19,6,0.217,0
SYN_125279,rural,41+,7,1695.57,5,32,0.671,0
SYN_122880,urban,41+,20,282.28,9,26,0.255,2
SYN_120254,urban,26-40,14,55.67,11,27,0.422,2
SYN_101000,urban,41+,15,534.25,18,16,0.337,0
SYN_122752,urban,26-40,12,929.93,11,9,0.277,1
SYN_114357,rural,41+,16,171.62,1,43,0.392,0
SYN_125697,rural,26-40,13,201.96,4,30,0.318,1
SYN_109654,rural,26-40,11,63.72,4,31,0.517,2
SYN_106516,rural,26-40,12,405.13,4,10,0.488,1
SYN_126691,urban,41+,13,203.73,32,26,0.421,3
SYN_116468,urban,26-40,13,237.44,7,15,0.225,0
SYN_110084,rural,18-25,12,330.42,12,11,0.688,0
SYN_113416,rural,18-25,9,881.02,17,30,0.398,2
SYN_105385,rural,26-40,5,865.41,2,18,0.477,1
SYN_120298,rural,18-25,5,320.19,4,45,1.0,1
SYN_117829,urban,26-40,13,511.13,13,38,0.391,3
SYN_105837,urban,26-40,8,774.87,7,16,0.744,0
SYN_118578,rural,18-25,11,403.7,6,30,0.229,1
SYN_103792,urban,41+,19,231.88,11,2,0.432,2
SYN_100796,urban,41+,20,991.96,7,38,0.511,2
SYN_102817,urban,18-25,13,64.06,12,26,0.105,1
SYN_104661,rural,26-40,14,539.94,43,2,0.568,0
SYN_117697,rural,41+,5,491.14,10,21,0.447,2
SYN_119632,urban,26-40,11,250.5,2,26,0.02,1
SYN_119965,rural,26-40,8,325.52,1,4,0.562,0
SYN_106203,urban,18-25,13,64.75,41,45,0.677,2
SYN_109389,urban,26-40,15,1666.85,11,38,0.412,1
SYN_117934,urban,18-25,12,304.1,12,20,0.407,0
SYN_125733,urban,41+,16,1616.91,28,19,0.174,0
SYN_123212,urban,18-25,13,684.35,60,44,0.57,1
SYN_117302,urban,26-40,16,294.98,2,7,0.45,0
SYN_102508,urban,18-25,21,442.88,59,8,0.479,0
SYN_122052,urban,18-25,12,250.97,3,35,0.34,3
SYN_116717,urban,26-40,15,165.88,38,10,0.533,1
SYN_118068,rural,18-25,13,494.34,2,18,0.832,0
SYN_100539,rural,41+,10,251.52,14,47,0.865,0
SYN_105344,urban,26-40,10,55.09,44,15,0.032,1
SYN_113088,rural,26-40,6,743.02,19,33,0.639,1
SYN_121276,urban,41+,6,249.25,14,28,0.165,1
SYN_111984,urban,18-25,14,295.15,12,8,0.804,0
SYN_129541,urban,26-40,12,101.5,1,4,0.283,1
SYN_120125,rural,26-40,7,280.98,9,6,0.806,2
SYN_109525,urban,26-40,18,347.06,11,29,0.1,0
SYN_123213,urban,26-40,13,246.95,11,13,0.344,5
SYN_114792,rural,41+,8,305.68,4,26,0.783,0
SYN_124392,urban,18-25,15,1494.76,38,17,0.332,2
SYN_129411,rural,41+,9,326.59,36,43,0.472,1
SYN_100087,urban,26-40,13,604.2,39,19,0.842,0
SYN_129535,urban,26-40,16,76.27,3,23,0.537,1
SYN_101150,urban,18-25,8,85.98,23,39,0.709,1
SYN_112004,urban,26-40,9,1232.71,2,46,0.136,1
SYN_114138,urban,41+,15,233.46,13,7,0.561,2
SYN_107310,urban,26-40,17,71.0,32,13,0.714,2
SYN_101109,urban,18-25,13,167.19,9,28,0.189,0
SYN_105343,urban,41+,15,332.46,2,6,0.271,1
SYN_108699,urban,26-40,13,808.52,6,12,0.463,3
SYN_110976,urban,18-25,9,567.01,14,18,0.43,1
SYN_126178,rural,26-40,8,338.79,4,4,0.408,0
SYN_123515,urban,18-25,7,182.78,17,28,0.457,0
SYN_108345,urban,26-40,17,215.9,27,19,0.818,1
SYN_116871,rural,41+,10,1124.57,32,45,0.547,1
SYN_104523,rural,41+,7,293.25,23,14,0.439,2
SYN_117983,rural,18-25,6,108.32,38,46,0.751,4
SYN_115014,urban,26-40,9,257.62,11,10,0.114,0
SYN_119625,urban,26-40,16,806.76,60,17,0.422,0
SYN_118624,urban,26-40,13,440.74,2,30,0.154,2
SYN_123798,urban,41+,14,376.61,30,41,0.525,1
SYN_119915,rural,26-40,9,362.4,29,2,0.306,4
SYN_108601,urban,18-25,12,368.88,1,34,0.463,3
SYN_103866,urban,18-25,14,99.57,6,47,0.544,1
SYN_109151,urban,26-40,22,232.31,9,19,0.072,2
SYN_105933,urban,18-25,8,392.51,17,41,0.31,2
SYN_129262,rural,26-40,6,1533.24,3,37,0.58,0
SYN_128968,rural,26-40,12,167.19,2,15,0.578,1
SYN_104316,rural,41+,15,347.86,3,20,0.364,0
SYN_125622,urban,26-40,13,95.31,42,8,0.323,1
SYN_115228,urban,18-25,12,101.88,7,31,0.136,2
SYN_120454,urban,26-40,18,1099.13,9,39,0.057,2
SYN_124239,urban,18-25,10,722.46,9,28,0.45,2
SYN_123150,urban,26-40,11,473.94,11,11,0.505,1
SYN_100025,urban,41+,15,587.33,22,23,0.832,4
SYN_107723,urban,26-40,12,1158.41,21,26,0.288,3
SYN_126371,urban,26-40,13,503.0,2,34,0.726,3
SYN_109800,urban,26-40,17,331.64,17,22,0.271,2
SYN_128510,urban,26-40,7,545.35,1,36,0.245,1
SYN_111299,rural,41+,4,381.46,4,28,0.728,0
SYN_103911,urban,26-40,15,102.34,2,21,0.623,0
SYN_110724,rural,26-40,10,260.03,19,12,0.306,0
SYN_103019,urban,26-40,11,1556.08,1,41,0.458,1
SYN_121019,urban,18-25,14,127.29,19,20,0.384,2
SYN_114311,urban,41+,11,326.79,11,10,0.217,1
SYN_117529,urban,26-40,17,213.93,2,40,0.38,1
SYN_126998,urban,41+,18,63.96,6,47,0.544,2
SYN_128397,rural,41+,12,804.62,12,22,0.334,2
SYN_121609,urban,26-40,16,904.74,7,38,0.696,2
SYN_117241,rural,26-40,5,200.58,27,1,0.266,0
SYN_113406,urban,41+,16,470.24,60,35,0.306,1
SYN_124055,urban,26-40,18,318.15,8,8,0.515,1
SYN_101340,urban,26-40,19,258.94,22,15,0.815,1
SYN_109262,rural,41+,9,668.37,24,46,0.848,2
SYN_107493,urban,26-40,17,56.17,5,34,0.443,4
SYN_119720,urban,18-25,19,617.68,35,16,0.099,0
SYN_108342,rural,26-40,3,642.66,35,31,0.403,3
SYN_100903,urban,41+,12,343.16,7,21,0.215,0
SYN_113321,urban,26-40,8,285.77,20,36,0.189,0
SYN_111800,rural,18-25,7,236.73,29,43,0.78,3
SYN_121435,rural,41+,9,66.6,8,3,0.988,1
SYN_127147,urban,26-40,24,361.48,2,40,0.291,1
SYN_122386,urban,26-40,15,95.14,1,14,0.145,1
SYN_108411,urban,26-40,19,276.77,27,5,0.297,0
SYN_121459,urban,26-40,15,1335.66,10,33,0.361,1
SYN_122922,rural,26-40,7,152.96,10,14,0.539,1
SYN_128266,urban,26-40,10,377.79,29,40,0.33,2
SYN_112987,urban,41+,7,1159.71,47,32,0.571,4
SYN_118442,urban,26-40,14,108.7,12,17,0.622,0
SYN_111648,urban,18-25,17,1013.88,25,27,0.468,2
SYN_128374,urban,41+,13,645.69,4,37,0.546,3
SYN_102688,urban,26-40,16,204.97,8,8,0.245,0
SYN_105890,rural,41+,8,109.95,2,39,0.386,2
SYN_120187,urban,26-40,9,674.36,11,9,0.475,0
SYN_127441,urban,18-25,11,398.53,26,8,0.229,0
SYN_112310,rural,18-25,8,348.82,8,19,0.25,2
SYN_125578,rural,41+,12,262.63,1,11,0.913,2
SYN_103119,urban,26-40,10,705.83,6,12,0.217,2
SYN_119086,urban,41+,10,387.98,30,30,0.932,0
SYN_127885,urban,26-40,17,163.42,6,27,0.284,1
SYN_128756,rural,26-40,6,274.96,4,8,0.364,1
SYN_125362,urban,41+,11,63.94,29,32,0.472,2
SYN_121957,urban,26-40,14,336.78,14,8,0.049,1
SYN_110484,urban,26-40,10,345.23,24,10,0.232,3
SYN_106691,urban,41+,13,272.84,60,8,0.081,0
SYN_112665,urban,26-40,18,1035.27,60,40,0.046,0
SYN_127085,rural,26-40,14,498.1,7,31,0.664,1
SYN_119846,rural,26-40,8,95.5,3,9,0.924,2
SYN_119794,rural,41+,4,658.28,32,14,0.317,1
SYN_126472,urban,18-25,12,80.44,37,38,0.637,2
SYN_110168,rural,41+,6,61.76,60,2,0.509,3
SYN_119676,rural,18-25,10,439.01,60,38,0.382,1
SYN_102507,rural,26-40,8,190.01,1,19,0.666,1
SYN_121635,urban,18-25,15,304.62,32,34,0.435,2
SYN_125704,urban,18-25,12,680.5,7,8,0.172,2
SYN_103937,rural,26-40,8,113.41,3,45,0.591,0
SYN_112001,urban,26-40,14,236.81,4,30,0.235,1
SYN_101536,rural,41+,8,420.94,8,12,0.784,2
SYN_109469,urban,18-25,17,1908.0,1,47,0.321,0
SYN_124119,rural,26-40,5,66.6,41,13,0.31,3
SYN_116555,urban,26-40,10,2643.62,6,15,0.65,1
SYN_128649,urban,18-25,11,153.42,30,7,0.365,2
SYN_129054,rural,41+,12,480.07,26,38,0.518,1
SYN_110567,rural,41+,7,383.16,39,36,0.462,4
SYN_108360,urban,26-40,16,443.12,13,27,0.726,1
SYN_105074,rural,26-40,4,567.82,60,23,0.358,0
SYN_106235,urban,18-25,14,598.45,18,21,0.483,1
SYN_112482,urban,26-40,11,81.7,3,45,0.061,3
SYN_119274,urban,18-25,15,620.89,5,34,0.529,0
SYN_117563,rural,41+,9,420.63,22,8,0.629,0
SYN_128427,rural,26-40,6,172.77,2,25,1.0,1
SYN_101498,urban,18-25,18,400.81,8,24,0.435,0
SYN_115542,urban,18-25,11,846.81,2,40,0.358,3
SYN_108842,urban,26-40,15,707.12,1,27,0.456,0
SYN_124898,urban,41+,16,1075.23,12,28,0.569,1
SYN_128050,urban,18-25,21,503.69,4,2,0.271,0
SYN_111646,urban,26-40,14,186.95,1,41,0.56,0
SYN_106350,rural,26-40,4,140.13,5,43,0.329,1
SYN_114320,urban,41+,16,774.35,26,38,0.219,2
SYN_127717,rural,18-25,12,117.31,60,44,0.811,0
SYN_126920,urban,18-25,18,1541.04,20,23,0.195,0
SYN_120969,urban,18-25,7,209.24,13,12,0.843,0
SYN_102139,rural,26-40,11,1507.27,5,21,0.327,1
SYN_113676,urban,41+,15,750.7,28,32,0.453,2
SYN_129214,urban,26-40,17,733.12,5,11,0.152,2
SYN_124884,rural,18-25,7,384.33,6,19,0.415,1
SYN_108147,urban,41+,20,718.69,8,32,0.569,1
SYN_114062,rural,26-40,11,1150.35,13,16,0.314,2
SYN_112523,urban,41+,13,853.84,60,25,0.278,1
SYN_106741,urban,18-25,16,827.03,3,29,0.74,0
SYN_118002,rural,26-40,6,577.19,10,29,0.651,1
SYN_105126,urban,26-40,16,99.73,3,19,0.783,1
SYN_124813,urban,41+,17,510.0,5,30,0.335,0
SYN_127512,rural,41+,8,2102.46,12,23,0.647,2
SYN_127307,urban,26-40,13,435.44,22,11,0.063,1
SYN_106941,urban,18-25,13,482.44,11,26,0.232,3
SYN_110160,urban,41+,21,1404.21,14,41,0.3,2
SYN_108864,urban,26-40,11,234.07,8,40,0.337,2
SYN_116608,urban,26-40,18,152.12,55,34,0.32,1
SYN_100588,urban,18-25,6,563.89,38,21,0.623,0
SYN_106181,urban,41+,18,538.94,1,29,0.327,1
SYN_119090,rural,26-40,9,804.23,30,12,0.517,1
SYN_104922,urban,26-40,12,357.04,14,4,0.324,1
SYN_107745,urban,26-40,13,277.05,38,8,0.201,1
SYN_124838,urban,41+,10,253.01,12,47,0.367,1
SYN_109644,rural,18-25,10,438.22,21,28,0.274,3
SYN_113344,urban,41+,13,294.08,2,9,0.323,3
SYN_124160,urban,18-25,13,449.73,24,5,0.252,0
SYN_129008,urban,26-40,10,262.92,5,23,0.614,1
SYN_106576,urban,26-40,12,217.29,26,38,0.432,0
SYN_121822,urban,18-25,14,502.9,18,33,0.278,1
SYN_108119,rural,41+,10,68.76,1,14,0.505,0
SYN_108666,urban,41+,15,177.06,12,10,0.179,3
SYN_116271,rural,18-25,4,61.91,55,19,0.709,1
SYN_118044,rural,26-40,7,468.75,22,46,0.22,3
SYN_107385,rural,26-40,10,226.82,8,37,0.485,0
SYN_114197,urban,26-40,13,117.81,15,44,0.46,2
SYN_109211,urban,26-40,10,224.28,3,34,0.329,0
SYN_102534,rural,18-25,6,68.91,5,24,0.451,3
SYN_110824,urban,26-40,14,277.36,44,39,0.51,0
SYN_123148,rural,41+,10,120.1,3,44,0.784,4
SYN_121257,rural,41+,13,69.69,2,26,0.687,0
SYN_108599,urban,26-40,23,203.63,27,7,0.64,0
SYN_127448,urban,18-25,13,519.85,13,42,0.283,3
SYN_108728,urban,18-25,22,171.94,14,17,0.411,4
SYN_126506,rural,18-25,10,1113.46,32,39,0.469,1
SYN_107090,urban,18-25,8,1002.08,60,18,0.78,0
SYN_121471,rural,26-40,12,202.34,11,38,0.337,1
SYN_110890,urban,26-40,11,919.43,23,1,0.408,3
SYN_123136,rural,26-40,9,746.11,9,25,0.418,1
SYN_103117,rural,26-40,6,190.82,44,44,0.689,1
SYN_117234,urban,18-25,12,575.27,7,37,0.61,0
SYN_121981,urban,41+,12,277.17,11,34,0.64,4
SYN_113159,urban,18-25,11,1602.9,18,1,0.303,1
SYN_101414,urban,26-40,15,1191.21,8,23,0.135,1
SYN_102569,rural,26-40,4,67.66,26,1,0.469,0
SYN_108567,urban,26-40,21,372.24,39,37,0.665,2
SYN_109193,urban,18-25,13,1202.63,26,28,0.386,2
SYN_123027,rural,18-25,4,92.9,10,24,0.799,3
SYN_112796,rural,18-25,9,164.21,18,18,0.784,0
SYN_127335,urban,18-25,8,193.04,57,27,0.773,1
SYN_121092,urban,41+,16,325.71,13,2,0.814,1
SYN_101666,rural,18-25,12,5567.53,19,46,0.407,0
SYN_102405,urban,41+,16,236.3,4,9,0.538,0
SYN_113368,rural,18-25,17,254.18,4,19,0.481,2
SYN_108435,rural,26-40,10,719.03,3,10,0.65,3
SYN_118347,rural,41+,12,186.05,1,21,0.635,2
SYN_113065,urban,26-40,13,1304.97,25,44,0.778,0
SYN_113650,rural,41+,11,63.54,26,11,0.304,0
SYN_119278,urban,26-40,13,366.25,9,16,0.353,1
SYN_114347,rural,41+,3,184.85,30,6,0.323,0
SYN_110252,rural,41+,14,1550.92,3,20,0.644,0
SYN_124798,urban,18-25,21,678.02,3,14,0.493,1
SYN_114930,urban,18-25,12,220.05,8,47,0.728,1
SYN_118063,urban,18-25,12,351.59,23,11,0.767,1
SYN_102522,urban,41+,14,1912.47,16,43,0.5,1
SYN_100608,rural,18-25,10,432.91,4,34,0.486,1
SYN_123514,urban,18-25,13,318.94,42,30,0.27,3
SYN_126437,rural,18-25,7,229.82,10,40,0.449,1
SYN_115020,rural,41+,10,150.53,7,42,0.745,1
SYN_112208,urban,41+,18,385.13,13,14,0.345,0
SYN_126097,urban,26-40,17,259.0,2,34,0.358,1
SYN_106273,urban,18-25,16,355.57,44,28,0.19,1
SYN_117081,urban,18-25,21,73.99,14,17,0.409,1
SYN_123633,urban,26-40,15,498.56,13,44,0.777,0
SYN_117286,urban,18-25,17,1295.8,40,45,0.309,0
SYN_115598,rural,41+,3,93.47,5,5,0.77,2
SYN_106659,urban,26-40,13,391.36,27,27,0.27,1
SYN_123547,rural,18-25,10,301.46,10,18,0.77,2
SYN_102115,rural,41+,6,740.47,60,45,0.294,2
SYN_123524,rural,26-40,10,100.36,12,17,0.827,4
SYN_114350,urban,18-25,13,94.22,6,7,0.278,1
SYN_122152,urban,41+,13,52.35,60,14,0.283,1
SYN_121045,rural,26-40,10,126.32,2,31,0.517,1
SYN_104041,rural,41+,5,267.86,14,18,0.655,0
SYN_115714,rural,41+,4,54.27,19,20,0.732,2
SYN_106878,rural,26-40,7,354.29,4,28,0.466,3
SYN_103152,urban,18-25,13,270.54,9,44,0.679,2
SYN_103763,urban,26-40,15,667.62,60,43,0.637,1
SYN_110301,urban,41+,9,178.1,4,29,0.345,2
SYN_129816,rural,18-25,7,254.68,20,19,0.734,2
SYN_100506,urban,18-25,18,55.34,13,43,0.136,0
SYN_117784,urban,18-25,10,122.28,32,21,0.792,2
SYN_120377,rural,26-40,7,490.53,15,15,0.437,1
SYN_116018,rural,41+,10,212.61,18,7,0.508,0
SYN_108063,rural,26-40,8,492.37,40,47,0.269,1
SYN_118373,urban,18-25,9,724.71,5,10,0.339,0
SYN_102755,rural,41+,13,203.19,19,31,0.601,3
SYN_121285,urban,41+,9,101.65,5,35,0.185,2
SYN_109204,urban,26-40,15,494.97,20,3,0.204,3
SYN_122724,rural,18-25,4,301.46,7,28,0.415,1
SYN_103277,urban,41+,16,577.44,50,40,0.557,2
SYN_124809,urban,18-25,12,122.17,6,26,0.675,0
SYN_116166,rural,41+,11,1507.33,14,28,0.927,2
SYN_112524,rural,26-40,5,188.84,16,10,0.331,0
SYN_102447,urban,18-25,16,825.08,5,20,0.231,1
SYN_129286,rural,41+,12,991.99,6,18,0.764,2
SYN_123063,rural,41+,13,345.56,1,34,0.529,2
SYN_108702,urban,41+,14,453.48,34,30,0.721,3
SYN_105399,urban,26-40,10,195.69,10,6,0.775,0
SYN_101399,urban,26-40,21,1025.65,31,8,0.256,1
SYN_110218,urban,41+,15,145.21,4,47,0.237,0
SYN_115535,urban,26-40,16,467.27,6,46,0.325,1
SYN_124512,rural,41+,9,376.18,8,27,0.615,2
SYN_121899,rural,26-40,6,2097.1,18,38,0.312,2
SYN_114109,rural,26-40,12,73.16,14,45,0.36,2
SYN_112030,urban,18-25,9,131.22,4,7,0.4,2
SYN_103216,urban,18-25,16,204.04,41,14,0.28,3
SYN_105342,rural,26-40,11,713.09,9,45,0.496,1
SYN_122587,urban,41+,14,242.17,3,2,0.134,1
SYN_119101,urban,18-25,12,72.39,9,2,0.14,0
SYN_106642,urban,26-40,10,913.42,25,9,0.247,0
SYN_111892,urban,26-40,16,135.47,11,22,0.078,2
SYN_112318,urban,41+,8,127.66,2,8,0.313,3
SYN_112185,urban,26-40,14,124.04,1,4,0.559,1
SYN_115248,urban,18-25,8,674.33,8,36,0.721,1
SYN_104747,rural,26-40,11,421.58,5,45,0.639,1
SYN_109981,urban,26-40,11,309.04,6,4,0.256,2
SYN_103945,rural,41+,9,213.99,60,36,0.456,2
SYN_116744,urban,26-40,12,1352.15,43,22,0.712,1
SYN_129428,rural,26-40,11,718.44,25,27,0.699,1
SYN_116250,urban,26-40,11,190.37,49,2,0.205,3
SYN_127525,rural,18-25,7,1292.57,1,39,0.827,1
SYN_114823,rural,18-25,9,124.36,13,36,0.583,1
SYN_103100,rural,18-25,10,1038.46,5,24,0.538,1
SYN_124667,urban,41+,15,84.09,60,39,0.29,1
SYN_105718,urban,26-40,10,1011.32,19,7,0.403,1
SYN_100493,urban,41+,11,99.3,15,26,0.792,0
SYN_121752,rural,26-40,7,152.77,30,29,0.606,1
SYN_129206,rural,18-25,10,79.49,14,41,0.399,1
SYN_127862,rural,26-40,7,306.17,3,17,0.304,1
SYN_106041,urban,26-40,15,226.53,13,1,0.405,0
SYN_105186,urban,26-40,17,1701.65,17,7,0.085,0
SYN_116995,urban,26-40,19,137.86,12,7,0.388,5
SYN_109083,urban,26-40,25,336.63,6,45,0.082,2
SYN_111257,urban,41+,28,757.24,11,34,0.448,1
SYN_114387,urban,41+,8,265.82,60,12,0.374,4
SYN_123333,urban,26-40,18,689.37,4,7,0.269,0
SYN_120538,urban,41+,10,538.17,26,43,0.255,1
SYN_115605,urban,18-25,13,629.59,1,32,0.68,1
SYN_115637,urban,26-40,8,1448.18,22,33,0.353,2
SYN_117012,rural,26-40,8,164.18,42,31,0.232,1
SYN_111819,urban,41+,14,318.37,32,28,0.24,0
SYN_110872,rural,26-40,9,1226.54,4,42,0.326,2
SYN_116119,rural,41+,7,384.38,50,33,0.738,0
SYN_120180,urban,18-25,15,212.08,6,33,0.579,1
SYN_114101,urban,41+,11,849.71,38,39,0.197,1
SYN_105847,urban,26-40,12,796.5,4,34,0.169,1
SYN_116407,urban,26-40,16,501.11,6,32,0.437,0
SYN_107517,rural,26-40,9,352.08,16,7,0.931,4
SYN_124621,urban,41+,9,156.34,8,20,0.487,1
SYN_116335,urban,26-40,17,271.89,3,41,0.356,0
SYN_121591,urban,26-40,24,222.69,9,30,0.528,1
SYN_113239,urban,26-40,12,782.84,16,4,0.469,1
SYN_111366,urban,26-40,13,106.81,6,27,0.419,1
SYN_111271,urban,26-40,9,330.8,33,40,0.378,3
SYN_123878,rural,26-40,5,382.76,5,12,0.528,0
SYN_107846,urban,41+,14,297.72,2,28,0.234,2
SYN_106137,urban,18-25,12,882.91,12,41,0.648,1
SYN_102487,rural,41+,15,334.37,3,39,0.243,1
SYN_128316,urban,26-40,16,185.17,11,27,0.148,0
SYN_105903,rural,26-40,11,1197.97,3,24,0.477,1
SYN_120098,urban,18-25,17,527.8,29,47,0.363,1
SYN_120895,rural,41+,9,684.32,15,2,0.55,3
SYN_105645,urban,26-40,12,545.44,15,23,0.454,1
SYN_102177,rural,18-25,7,1372.94,11,9,0.715,0
SYN_125970,urban,41+,13,414.48,8,34,0.527,1
SYN_114218,rural,41+,13,90.13,9,39,0.483,2
SYN_114937,urban,26-40,10,336.78,9,45,0.533,3
SYN_109027,rural,18-25,8,1558.69,1,43,0.938,0
SYN_127829,rural,26-40,9,1703.7,2,7,0.287,3
SYN_119867,urban,41+,15,317.56,10,22,0.432,0
SYN_115982,rural,26-40,12,212.28,60,18,0.351,0
SYN_126200,rural,18-25,12,660.74,1,5,0.854,1
SYN_117995,urban,18-25,13,411.54,28,46,0.161,1
SYN_128473,urban,18-25,13,202.05,1,13,0.299,1
SYN_108289,urban,41+,17,322.96,17,17,0.084,1
SYN_124083,urban,26-40,13,648.48,9,14,0.475,1
SYN_114026,urban,18-25,13,755.73,18,14,0.467,1
SYN_103417,rural,26-40,11,414.83,42,32,0.392,1
SYN_120193,urban,41+,10,233.05,25,26,0.376,2
SYN_111582,urban,18-25,8,264.86,9,40,0.535,1
SYN_112893,urban,41+,10,431.18,50,27,0.586,1
SYN_119129,rural,41+,12,723.34,25,27,0.393,1
SYN_106326,rural,26-40,7,212.26,1,30,0.594,0
SYN_124091,rural,26-40,6,293.1,5,15,0.428,0
SYN_100076,urban,18-25,15,623.32,18,34,0.332,2
SYN_106607,urban,18-25,15,371.99,36,3,0.35,1
SYN_112664,urban,41+,13,341.54,6,24,0.619,0
SYN_111440,urban,18-25,7,111.69,1,38,0.719,2
SYN_108630,urban,18-25,14,296.58,5,47,0.442,0
SYN_120943,rural,26-40,5,386.21,3,9,0.424,0
SYN_110748,urban,26-40,13,989.59,20,43,0.567,2
SYN_100781,rural,26-40,11,310.91,18,16,0.686,2
SYN_111153,rural,26-40,15,295.58,10,2,0.221,0
SYN_120964,rural,18-25,7,357.76,40,28,0.332,1
SYN_108528,rural,26-40,6,612.07,20,47,0.684,1
SYN_101871,urban,26-40,18,237.73,6,11,0.581,1
SYN_127894,rural,26-40,12,344.5,4,42,0.365,4
SYN_117263,urban,26-40,10,1465.6,36,32,0.097,1
SYN_120178,urban,41+,24,1210.13,15,7,0.736,4
SYN_129926,urban,18-25,16,62.44,3,31,0.152,0
SYN_118094,urban,41+,14,485.61,19,39,0.765,1
SYN_124198,urban,26-40,15,956.02,27,7,0.216,2
SYN_123782,urban,41+,6,197.82,20,3,0.306,2
SYN_100786,rural,18-25,12,1530.37,7,29,0.314,0
SYN_107097,urban,26-40,18,606.11,9,37,0.789,2
SYN_103968,urban,26-40,19,136.56,14,18,0.649,0
SYN_116299,urban,18-25,18,211.45,14,6,0.696,2
SYN_100835,urban,26-40,10,899.07,10,10,0.036,1
SYN_108635,urban,18-25,15,201.85,15,40,0.111,0
SYN_101806,urban,41+,16,257.79,29,18,0.199,3
SYN_122450,urban,26-40,12,628.09,36,2,0.265,1
SYN_103727,urban,26-40,16,689.02,26,27,0.55,1
SYN_104281,urban,26-40,16,1473.86,49,27,0.281,1
SYN_116539,urban,26-40,16,88.02,1,19,0.168,0
SYN_111650,urban,26-40,20,374.41,13,47,0.068,0
SYN_125278,rural,18-25,16,176.55,27,14,0.279,1
SYN_117813,urban,26-40,12,283.55,7,20,0.321,0
SYN_119842,rural,26-40,9,533.19,4,19,0.344,0
SYN_105105,urban,18-25,25,63.34,45,11,0.345,1
SYN_117623,rural,41+,10,813.74,9,10,0.345,3
SYN_105282,rural,26-40,9,223.44,22,39,0.777,1
SYN_117034,urban,18-25,15,1566.05,17,43,0.339,2
SYN_105536,urban,41+,19,114.25,37,44,0.265,0
SYN_120601,rural,18-25,6,96.11,16,25,0.438,0
SYN_102197,urban,26-40,18,227.12,18,6,0.432,0
SYN_108841,urban,26-40,15,115.36,8,35,0.256,1
SYN_116011,urban,41+,12,183.05,3,3,0.476,2
SYN_126013,rural,26-40,9,207.96,2,36,0.35,1
SYN_105449,urban,26-40,14,341.38,2,29,0.367,0
SYN_104163,urban,26-40,16,337.29,19,6,0.482,4
SYN_111680,urban,26-40,21,631.05,25,47,0.106,1
SYN_122805,urban,41+,13,499.99,45,37,0.255,1
SYN_109236,urban,26-40,18,1439.67,20,41,0.37,1
SYN_128514,urban,41+,13,306.43,14,38,0.442,3
SYN_111502,urban,26-40,12,211.05,16,1,0.266,0
SYN_112862,urban,26-40,15,140.76,34,42,0.367,1
SYN_106383,rural,26-40,8,193.03,36,3,0.339,2
SYN_112073,urban,18-25,15,456.16,12,46,0.369,0
SYN_104546,rural,41+,7,362.8,60,6,0.383,2
SYN_114223,rural,26-40,8,576.46,23,16,0.827,0
SYN_115003,rural,18-25,7,211.4,32,16,0.408,1
SYN_113372,urban,18-25,12,338.67,47,21,0.255,1
SYN_113397,urban,26-40,18,754.39,36,43,0.486,1
SYN_110468,urban,18-25,11,162.22,23,13,0.438,1
SYN_117360,rural,18-25,13,192.71,42,7,0.47,1
SYN_126164,rural,26-40,10,567.43,11,12,0.407,1
SYN_122172,rural,18-25,12,692.54,51,12,0.406,2
SYN_103579,urban,18-25,11,352.7,13,10,0.516,1
SYN_122339,urban,26-40,10,222.2,14,21,0.609,1
SYN_125384,rural,26-40,6,439.78,47,35,0.365,1
SYN_108513,rural,18-25,9,152.82,7,8,0.302,2
SYN_111954,rural,41+,7,72.35,60,27,0.524,2
SYN_120610,rural,26-40,6,220.2,1,11,0.483,2
SYN_126194,rural,18-25,12,1060.81,8,42,0.544,0
SYN_102940,rural,41+,12,1668.62,13,6,0.522,1
SYN_123745,rural,26-40,7,816.94,3,2,0.74,4
SYN_127668,rural,26-40,9,532.97,41,12,0.351,0
SYN_103399,rural,18-25,4,283.07,26,39,0.818,0
SYN_111249,urban,26-40,12,62.41,9,24,0.366,1
SYN_116664,rural,26-40,6,107.93,21,30,0.408,0
SYN_102286,rural,18-25,10,875.43,14,38,0.721,3
SYN_109816,urban,18-25,18,73.24,16,11,0.337,1
SYN_118586,urban,18-25,21,739.74,4,7,0.421,0
SYN_107278,rural,26-40,21,85.64,21,7,0.726,2
SYN_113064,urban,18-25,9,260.95,41,41,0.172,0
SYN_111038,urban,18-25,12,386.6,15,9,0.583,0
SYN_116180,rural,26-40,6,405.61,21,21,0.451,0
SYN_121501,urban,26-40,8,469.26,50,47,0.073,0
SYN_126497,rural,18-25,8,1068.79,57,31,0.93,2
SYN_105852,urban,41+,16,502.55,19,15,0.471,0
SYN_109566,urban,41+,7,222.39,17,10,0.493,1
SYN_111010,urban,41+,16,439.04,8,6,0.752,0
SYN_123092,urban,41+,15,510.58,9,34,0.287,0
SYN_129258,rural,26-40,11,832.55,5,32,0.535,3
SYN_111157,rural,18-25,7,281.03,10,13,0.33,2
SYN_112090,urban,18-25,20,474.78,4,39,0.533,1
SYN_101448,rural,26-40,16,492.7,22,10,0.469,1
SYN_120385,rural,41+,12,178.91,4,15,0.308,5
SYN_112282,rural,26-40,12,627.02,3,10,0.515,1
SYN_100840,urban,41+,17,735.02,19,11,0.601,2
SYN_117840,urban,18-25,10,1897.91,6,28,0.684,1
SYN_116081,rural,26-40,9,813.45,2,44,0.3,1
SYN_113598,urban,18-25,15,1028.86,9,5,0.384,0
SYN_109919,rural,26-40,10,490.38,23,25,0.691,2
SYN_129107,urban,18-25,17,433.65,15,2,0.522,3
SYN_115920,urban,18-25,14,132.98,10,1,0.46,2
SYN_102840,rural,26-40,8,90.14,15,9,0.479,2
SYN_113536,rural,41+,7,615.51,20,6,0.572,0
SYN_101633,rural,26-40,14,1004.73,9,11,0.5,4
SYN_106734,urban,26-40,23,77.88,3,11,0.153,3
SYN_102290,rural,18-25,9,852.75,5,34,0.97,2
SYN_123989,rural,26-40,10,1672.46,14,2,0.575,2
SYN_100320,rural,26-40,6,533.15,2,45,0.746,0
SYN_123094,urban,18-25,11,419.9,4,31,0.211,0
SYN_105776,rural,41+,9,333.8,1,1,0.664,1
SYN_113216,rural,26-40,5,2666.95,2,31,0.536,1
SYN_127939,urban,26-40,20,714.59,60,2,0.584,0
SYN_107143,urban,26-40,8,588.37,38,40,0.715,1
SYN_116074,rural,41+,17,167.46,1,26,0.219,0
SYN_109969,urban,26-40,13,674.02,5,41,0.68,1
SYN_122919,urban,18-25,13,1710.16,15,41,0.275,1
SYN_123943,urban,41+,13,103.36,7,12,0.383,2
SYN_120069,urban,18-25,15,56.57,22,38,0.587,2
SYN_119968,rural,18-25,11,1447.88,7,28,0.651,0
SYN_106309,rural,26-40,4,107.53,9,9,0.316,2
SYN_120249,urban,26-40,16,251.35,60,16,0.355,0
SYN_104258,rural,41+,8,63.71,60,31,0.44,0
SYN_106559,urban,41+,18,99.5,14,18,0.573,3
SYN_127294,urban,26-40,16,425.44,6,7,0.717,2
SYN_108179,urban,18-25,25,113.51,7,42,0.477,0
SYN_127799,rural,26-40,7,200.62,18,39,0.721,3
SYN_126540,rural,26-40,9,1188.47,7,45,0.764,1
SYN_110157,rural,18-25,9,595.39,1,34,0.557,1
SYN_102066,urban,41+,15,238.83,15,33,0.208,0
SYN_118978,urban,26-40,10,388.87,20,34,0.32,2
SYN_102480,urban,18-25,11,296.37,7,42,0.1,0
SYN_120695,urban,41+,19,203.92,14,14,0.172,1
SYN_121105,urban,26-40,14,717.55,21,37,0.772,0
SYN_103626,rural,26-40,10,50.72,32,13,0.524,2
SYN_128343,rural,18-25,16,239.3,15,32,0.348,1
SYN_114876,rural,18-25,8,89.89,7,10,0.742,2
SYN_103948,rural,18-25,8,244.52,1,28,0.967,4
SYN_121441,rural,41+,3,683.58,25,47,0.573,0
SYN_127808,rural,18-25,11,306.64,12,20,0.175,3
SYN_126596,rural,41+,8,59.17,28,43,0.643,0
SYN_124689,rural,18-25,12,263.8,3,46,0.864,0
SYN_106128,urban,41+,17,363.11,3,23,0.168,1
SYN_120649,urban,41+,13,215.93,2,7,0.275,2
SYN_109110,rural,26-40,5,785.4,16,1,0.383,1
SYN_119951,urban,18-25,15,1059.35,7,7,0.366,1
SYN_126056,rural,26-40,8,81.96,6,19,0.804,4
SYN_110364,urban,18-25,18,924.12,60,46,0.366,0
SYN_110978,urban,41+,20,1179.89,13,30,0.258,0
SYN_128428,rural,18-25,5,289.68,5,24,0.847,1
SYN_117961,rural,26-40,7,110.98,31,40,0.493,0
SYN_118397,urban,26-40,8,564.44,9,39,0.213,2
SYN_115833,rural,26-40,9,402.61,6,21,0.565,1
SYN_109065,rural,18-25,11,181.14,40,45,0.562,1
SYN_102619,rural,26-40,11,80.05,19,15,0.797,2
SYN_122768,urban,41+,15,816.03,8,4,0.561,0
SYN_116047,urban,26-40,16,315.83,20,22,0.23,2
SYN_105178,urban,18-25,11,75.36,3,30,0.045,1
SYN_126202,rural,41+,7,377.87,31,39,0.656,3
SYN_125161,rural,26-40,6,352.01,2,10,0.595,1
SYN_107779,rural,26-40,4,88.82,1,14,1.0,0
SYN_127440,urban,26-40,17,766.47,54,20,0.242,0
SYN_124747,urban,26-40,14,809.26,6,22,0.173,1
SYN_100062,urban,41+,13,581.25,60,15,0.293,0
SYN_103015,rural,41+,3,65.9,3,12,0.604,5
SYN_111324,urban,26-40,17,260.14,8,3,0.166,0
SYN_126452,urban,18-25,13,617.09,23,16,0.573,0
SYN_110308,rural,26-40,3,406.04,52,7,0.688,2
SYN_106875,urban,26-40,19,92.94,26,36,0.328,3
SYN_114012,rural,18-25,13,88.21,36,43,0.874,1
SYN_124369,rural,41+,10,371.52,26,8,0.362,1
SYN_128120,rural,26-40,11,1115.06,9,40,0.383,2
SYN_105219,urban,18-25,12,241.06,9,16,0.293,0
SYN_124953,rural,41+,9,205.42,3,13,0.675,1
SYN_124541,urban,26-40,19,499.64,6,13,0.101,0
SYN_115314,urban,41+,13,99.85,13,1,0.331,2
SYN_113760,urban,18-25,15,402.2,17,28,0.181,1
SYN_101720,urban,18-25,16,572.74,60,36,0.552,0
SYN_116629,urban,41+,16,310.04,15,24,0.215,0
SYN_106747,urban,18-25,13,146.61,29,3,0.321,2
SYN_115291,urban,26-40,14,531.76,20,13,0.302,2
SYN_122548,rural,26-40,10,579.73,5,34,0.43,0
SYN_123344,urban,41+,10,372.09,13,6,0.298,1
SYN_107243,rural,26-40,3,333.54,40,16,0.375,1
SYN_105922,rural,26-40,10,230.26,8,41,0.613,0
SYN_113523,urban,41+,11,193.95,17,20,0.523,2
SYN_109940,rural,18-25,10,173.35,16,32,0.54,1
SYN_119153,rural,26-40,9,646.5,47,28,0.415,1
SYN_113738,rural,41+,7,247.85,59,12,0.21,1
SYN_108455,urban,18-25,12,459.16,19,45,0.182,1
SYN_110929,urban,41+,16,1165.92,20,4,0.666,0
SYN_123026,urban,41+,17,201.64,46,40,0.478,1
SYN_113450,urban,18-25,11,2073.53,9,34,0.657,3
SYN_107898,rural,18-25,8,128.81,12,27,0.627,2
SYN_113400,urban,18-25,10,189.32,5,28,0.037,2
SYN_112963,rural,41+,10,759.13,32,45,0.34,1
SYN_126650,urban,26-40,18,1133.06,30,25,0.545,0
SYN_108385,urban,18-25,15,347.3,2,9,0.384,0
SYN_125193,rural,18-25,13,498.46,60,9,0.274,0
SYN_120744,urban,26-40,16,116.35,10,37,0.394,3
SYN_116791,urban,26-40,4,765.2,13,3,0.14,1
SYN_115926,rural,18-25,9,191.81,1,41,0.727,2
SYN_114233,urban,41+,12,1811.88,60,15,0.679,3
SYN_102556,urban,26-40,14,81.12,60,7,0.447,0
SYN_127864,urban,26-40,10,54.29,11,42,0.453,5
SYN_122114,rural,18-25,7,132.62,12,12,0.237,0
SYN_108628,urban,18-25,9,79.01,5,25,0.392,1
SYN_101268,urban,18-25,11,368.57,8,16,0.511,0
SYN_121864,rural,18-25,14,98.06,2,34,0.524,2
SYN_120941,urban,18-25,16,156.95,5,5,0.325,3
SYN_103499,rural,26-40,11,490.3,16,33,0.877,1
SYN_110067,rural,18-25,3,1594.05,60,41,0.472,0
SYN_127016,rural,18-25,10,232.66,3,31,0.99,1
SYN_113040,rural,26-40,10,480.57,6,11,0.748,1
SYN_103542,rural,18-25,16,213.72,4,1,0.871,2
SYN_109747,rural,41+,10,333.42,8,2,0.42,3
SYN_121660,urban,26-40,21,449.69,4,39,0.334,2
SYN_118401,urban,41+,14,243.48,6,28,0.566,0
SYN_116600,urban,41+,11,74.41,22,6,0.261,1
SYN_105027,urban,41+,17,95.7,19,16,0.514,1
SYN_104157,urban,26-40,16,645.62,56,38,0.454,1
SYN_123626,urban,26-40,16,508.15,4,34,0.374,1
SYN_105254,rural,18-25,8,1878.02,8,21,0.412,2
SYN_127209,urban,26-40,13,51.75,42,3,0.138,2
SYN_108432,rural,26-40,10,341.24,16,12,0.46,0
SYN_112822,urban,18-25,4,110.0,29,15,0.542,2
SYN_106215,urban,18-25,13,231.85,11,20,0.602,1
SYN_107321,urban,18-25,20,250.03,5,15,0.419,1
SYN_110757,urban,26-40,13,283.63,37,3,0.593,1
SYN_123162,urban,41+,12,151.05,15,12,0.567,3
SYN_115354,urban,41+,14,52.9,3,17,0.512,2
SYN_126715,urban,26-40,12,99.81,7,37,0.212,0
SYN_117945,rural,18-25,8,604.08,2,40,0.627,0
SYN_107883,rural,18-25,10,1016.76,4,37,0.473,1
SYN_116749,urban,18-25,15,557.68,2,13,0.6,1
SYN_107096,urban,18-25,15,483.02,6,15,0.122,2
SYN_112411,rural,41+,7,2692.82,2,33,0.65,1
SYN_105477,urban,18-25,12,724.18,9,7,0.739,0
SYN_114681,rural,26-40,11,273.79,19,35,0.253,3
SYN_115680,rural,26-40,8,88.6,2,46,0.305,1
SYN_111131,urban,41+,19,437.49,23,32,0.163,0
SYN_126185,urban,26-40,11,79.52,13,20,0.484,4
SYN_123862,rural,41+,10,3435.35,3,17,0.788,2
SYN_106262,urban,26-40,16,828.86,18,11,0.446,1
SYN_119605,urban,26-40,20,915.12,17,41,0.391,3
SYN_128842,urban,41+,16,1302.52,6,16,0.086,0
SYN_105152,urban,41+,14,515.57,11,38,0.435,2
SYN_111770,urban,41+,12,255.59,18,33,0.425,1
SYN_125171,urban,26-40,12,216.79,49,16,0.371,3
SYN_127159,urban,26-40,17,755.42,3,4,0.169,1
SYN_122016,urban,26-40,15,77.62,13,24,0.232,1
SYN_119220,urban,41+,19,55.18,19,30,0.234,3
SYN_128786,urban,26-40,6,55.96,4,32,0.583,3
SYN_109040,urban,26-40,12,459.76,5,2,0.64,2
SYN_125684,urban,18-25,17,215.78,33,24,0.179,1
SYN_100168,urban,26-40,19,230.74,1,8,0.439,1
SYN_105895,rural,18-25,11,723.17,41,42,0.633,1
SYN_108103,rural,26-40,12,502.93,31,25,0.377,4
SYN_108141,urban,26-40,13,100.94,38,14,0.46,2
SYN_125445,rural,26-40,11,447.89,3,30,0.468,1
SYN_111403,urban,18-25,12,158.85,14,7,0.868,0
SYN_125228,rural,18-25,15,248.59,6,25,0.626,1
SYN_119830,rural,26-40,15,727.75,10,28,0.529,0
SYN_103263,urban,18-25,15,598.32,26,16,0.406,2
SYN_115360,rural,41+,10,234.82,4,10,0.29,1
SYN_117431,urban,18-25,15,402.7,3,22,0.39,2
SYN_126096,rural,41+,6,806.76,7,30,0.676,0
SYN_119991,urban,26-40,21,153.89,8,8,0.211,1
SYN_116765,rural,41+,5,145.25,33,3,0.437,2
SYN_128472,rural,26-40,13,1705.71,14,17,0.288,1
SYN_111664,rural,26-40,11,50.5,6,8,0.677,1
SYN_104527,rural,41+,6,664.92,37,12,0.292,0
SYN_108546,rural,26-40,5,112.94,37,5,0.309,1
SYN_111247,urban,26-40,14,121.68,24,15,0.29,1
SYN_110512,urban,18-25,12,200.13,2,24,0.34,0
SYN_120299,urban,18-25,10,707.61,60,36,0.439,1
SYN_123628,urban,26-40,10,364.32,2,34,0.464,1
SYN_114893,rural,26-40,9,1968.02,16,40,0.797,1
SYN_118282,rural,26-40,9,366.23,11,4,0.63,3
SYN_107856,urban,41+,13,647.74,13,30,0.446,0
SYN_129113,urban,26-40,19,55.57,6,28,0.494,1
SYN_124595,rural,41+,5,691.15,15,22,0.596,0
SYN_120415,rural,41+,6,331.35,60,40,0.341,0
SYN_126314,urban,26-40,19,329.15,17,44,0.346,3
SYN_123789,urban,18-25,11,278.3,2,45,0.213,1
SYN_117843,urban,18-25,15,773.18,29,4,0.633,1
SYN_110261,rural,26-40,10,913.93,49,35,0.722,1
SYN_103794,urban,18-25,12,225.49,15,9,0.677,3
SYN_110752,rural,26-40,12,676.51,42,26,0.418,0
SYN_117811,rural,26-40,5,81.09,45,29,0.498,0
SYN_128778,urban,18-25,16,346.21,2,33,0.333,1
SYN_108150,urban,26-40,18,62.84,1,3,0.177,0
SYN_124233,rural,41+,9,666.09,12,3,0.505,0
SYN_123285,urban,18-25,12,375.81,6,16,0.347,1
SYN_102396,urban,26-40,16,1476.2,31,22,0.738,0
SYN_108353,urban,41+,15,539.74,33,20,0.674,0
SYN_113276,urban,26-40,18,253.26,10,8,0.466,1
SYN_127685,rural,41+,8,918.47,1,37,0.684,3
SYN_121029,rural,18-25,9,1056.46,9,1,0.31,1
SYN_104390,urban,26-40,12,775.01,1,27,0.35,2
SYN_118789,rural,26-40,10,340.29,2,22,0.939,1
SYN_121888,urban,26-40,21,271.97,60,18,0.267,0
SYN_113671,rural,18-25,7,1299.68,13,6,0.343,1
SYN_110689,rural,26-40,7,108.57,6,28,0.358,1
SYN_127342,urban,41+,17,113.6,17,9,0.271,2
SYN_100596,rural,26-40,7,202.56,2,41,0.859,0
SYN_109431,urban,18-25,11,470.9,7,23,0.678,3
SYN_118105,rural,26-40,11,283.71,12,3,0.535,0
SYN_105769,rural,26-40,8,51.06,2,27,0.187,1
SYN_113625,rural,26-40,7,336.42,6,3,0.406,1
SYN_103918,rural,41+,8,449.1,11,44,0.637,2
SYN_106344,urban,26-40,15,828.24,26,10,0.551,1
SYN_115290,rural,26-40,3,325.6,7,28,0.345,2
SYN_116771,rural,26-40,12,148.66,1,18,0.298,0
SYN_114833,urban,26-40,10,258.74,1,14,0.495,0
SYN_125292,urban,26-40,19,136.71,60,22,0.621,3
SYN_111634,urban,18-25,15,778.89,9,47,0.068,3
SYN_119536,rural,26-40,8,740.6,43,30,0.488,2
SYN_114168,urban,26-40,8,377.07,28,18,0.646,0
SYN_106896,rural,26-40,6,101.35,13,8,0.488,2
SYN_124156,rural,26-40,8,949.49,35,39,0.358,0
SYN_127001,urban,41+,15,150.15,1,18,0.22,2
SYN_127807,urban,26-40,17,50.56,3,21,0.696,0
SYN_126834,urban,41+,19,282.59,26,16,0.509,1
SYN_111243,rural,41+,14,671.39,3,37,0.856,4
SYN_110086,rural,41+,12,130.3,34,17,0.888,0
SYN_123881,urban,18-25,14,379.01,9,12,0.263,1
SYN_129698,urban,26-40,13,763.23,1,3,0.717,3
SYN_123741,rural,41+,14,580.87,9,21,0.496,2
SYN_103708,urban,18-25,12,211.99,8,37,0.365,3
SYN_120403,urban,26-40,15,472.35,15,15,0.179,1
SYN_119812,rural,18-25,7,210.08,1,26,0.511,1
SYN_120239,urban,26-40,11,497.74,11,30,0.472,0
SYN_112391,urban,18-25,17,637.85,7,47,0.41,0
SYN_115431,rural,41+,8,519.18,30,25,0.572,0
SYN_123056,urban,18-25,20,123.84,60,8,0.524,2
SYN_129966,urban,41+,16,376.5,16,1,0.345,0
SYN_100495,urban,26-40,23,393.98,6,13,0.414,2
SYN_106926,urban,18-25,17,497.54,10,34,0.456,2
SYN_104719,urban,18-25,15,116.0,5,39,0.502,2
SYN_115908,urban,26-40,13,155.69,2,44,0.131,1
SYN_119862,rural,26-40,7,181.4,4,1,0.788,0
SYN_113976,urban,41+,19,527.02,36,31,0.708,1
SYN_101342,urban,26-40,9,84.3,22,44,0.643,1
SYN_126974,urban,41+,16,238.3,20,40,0.189,2
SYN_127498,rural,26-40,13,510.53,16,23,0.982,0
SYN_124351,urban,18-25,17,69.34,24,47,0.39,0
SYN_110250,rural,18-25,9,981.34,13,39,0.37,0
SYN_105952,urban,41+,17,160.09,1,39,0.501,3
SYN_113480,urban,41+,11,180.08,27,7,0.86,1
SYN_107160,urban,26-40,20,1148.71,3,3,0.17,1
SYN_118042,urban,26-40,17,854.86,2,5,0.077,1
SYN_114381,urban,41+,9,63.72,6,46,0.101,1
SYN_126281,urban,26-40,12,351.91,2,16,0.259,2
SYN_116946,rural,26-40,20,487.72,18,45,0.519,1
SYN_125438,urban,18-25,19,229.62,5,1,0.167,4
SYN_107573,urban,26-40,18,57.53,37,18,0.275,1
SYN_114124,rural,18-25,11,1210.36,7,19,0.511,1
SYN_127542,rural,18-25,16,1608.91,3,23,1.0,1
SYN_123635,rural,41+,11,725.83,16,5,0.37,1
SYN_107885,urban,26-40,14,472.18,60,30,0.375,1
SYN_101500,rural,26-40,8,527.67,9,26,0.996,2
SYN_116110,rural,26-40,11,597.9,12,6,0.44,2
SYN_128511,urban,26-40,19,197.29,48,33,0.58,1
SYN_125918,rural,26-40,7,282.38,18,29,0.725,1
SYN_117477,rural,18-25,9,269.14,8,12,0.832,1
SYN_101217,urban,26-40,16,555.46,2,35,0.25,2
SYN_128627,rural,18-25,6,104.43,47,39,0.333,1
SYN_128067,rural,41+,7,121.03,41,23,0.185,1
SYN_112061,rural,26-40,11,461.43,38,46,0.249,2
SYN_121197,rural,41+,8,1187.86,4,19,0.327,3
SYN_113478,rural,26-40,10,319.19,30,5,0.355,0
SYN_102362,urban,26-40,12,635.08,26,1,0.25,1
SYN_103260,urban,41+,15,921.27,31,13,0.399,0
SYN_128112,urban,18-25,8,539.88,49,23,0.187,1
SYN_118879,urban,26-40,21,450.37,8,22,0.375,0
SYN_114676,urban,26-40,11,122.57,4,25,0.248,2
SYN_121848,urban,26-40,18,884.28,5,21,0.476,1
SYN_117097,urban,26-40,15,72.52,4,35,0.348,1
SYN_114688,rural,18-25,3,50.63,18,30,0.298,3
SYN_102294,urban,18-25,19,109.24,10,33,0.597,2
SYN_122452,urban,41+,14,829.87,2,38,0.113,0
SYN_123351,urban,26-40,9,745.25,48,40,0.368,3
SYN_119183,urban,41+,11,1024.2,60,3,0.569,0
SYN_122204,urban,18-25,13,262.47,25,39,0.671,0
SYN_107419,urban,26-40,17,143.75,29,4,0.185,0
SYN_107362,rural,26-40,9,895.62,3,43,0.623,2
SYN_115068,urban,18-25,12,862.64,14,19,0.074,2
SYN_108072,urban,26-40,21,809.0,6,14,0.062,1
SYN_126259,urban,18-25,8,243.52,20,34,0.122,0
SYN_115715,urban,26-40,17,325.89,11,10,0.328,2
SYN_127020,urban,26-40,15,439.43,20,19,0.583,0
SYN_128601,rural,26-40,7,373.56,40,41,0.496,4
SYN_123883,urban,26-40,9,327.59,2,21,0.151,2
SYN_114153,urban,18-25,13,695.16,7,5,0.173,0
SYN_128893,urban,18-25,17,75.37,25,32,0.353,1
SYN_100765,urban,18-25,10,278.83,2,28,0.126,2
SYN_124000,rural,18-25,10,626.75,8,35,0.473,1
SYN_114879,rural,41+,10,78.76,24,16,0.702,2
SYN_108829,rural,41+,5,701.72,13,4,0.665,0
SYN_110306,urban,41+,13,261.94,15,14,0.143,1
SYN_129131,urban,18-25,18,222.92,17,44,0.545,3
SYN_107140,urban,18-25,19,344.95,4,12,0.153,2
SYN_110620,urban,26-40,17,112.29,8,47,0.419,1
SYN_109734,urban,18-25,13,99.32,19,44,0.191,0
SYN_116117,rural,41+,11,358.24,16,4,0.272,2
SYN_124469,rural,41+,11,785.16,8,9,0.909,1
SYN_108117,urban,41+,16,741.13,28,35,0.336,2
SYN_116083,rural,18-25,10,101.76,19,27,0.417,1
SYN_114800,urban,18-25,18,232.43,55,29,0.669,2
SYN_129642,urban,26-40,13,828.71,3,25,0.081,0
SYN_126090,urban,18-25,12,1203.81,43,33,0.34,0
SYN_116562,urban,18-25,15,749.54,12,31,0.272,1
SYN_129242,urban,41+,16,517.12,32,34,0.236,1
SYN_100893,urban,18-25,10,266.59,8,28,0.215,2
SYN_111546,urban,41+,14,902.26,49,40,0.437,0
SYN_104159,urban,26-40,16,163.27,7,3,0.371,0
SYN_114010,rural,26-40,14,440.62,17,10,0.657,0
SYN_129663,urban,41+,11,215.98,16,34,0.462,2
SYN_124385,urban,18-25,16,239.1,34,39,0.508,0
SYN_124435,rural,41+,14,716.4,27,4,0.674,1
SYN_109324,urban,26-40,13,590.7,7,20,0.23,1
SYN_119395,rural,26-40,6,641.64,32,46,0.759,0
SYN_129832,urban,41+,10,1350.49,24,1,0.244,0
SYN_113233,rural,26-40,8,1110.28,13,17,0.863,0
SYN_121754,rural,18-25,5,95.91,12,11,0.255,2
SYN_114386,urban,26-40,16,149.34,8,44,0.681,1
SYN_103134,rural,26-40,11,131.8,11,17,0.671,1
SYN_108309,rural,26-40,12,532.85,2,36,0.516,1
SYN_128167,urban,18-25,6,601.59,40,47,0.72,1
SYN_124839,urban,26-40,7,1353.22,30,26,0.314,4
SYN_123019,urban,41+,15,310.37,60,24,0.114,1
SYN_120972,urban,26-40,18,598.3,16,11,0.426,2
SYN_106643,urban,41+,19,153.26,40,17,0.05,1
SYN_120585,urban,18-25,16,212.3,5,45,0.13,0
SYN_129261,rural,18-25,10,177.45,9,28,0.552,0
SYN_106292,rural,41+,7,1718.74,7,44,0.362,3
SYN_113728,urban,26-40,13,204.25,6,27,0.353,4
SYN_102225,urban,18-25,20,2407.32,16,15,0.372,1
SYN_103938,urban,26-40,12,255.0,3,9,0.082,2
SYN_114391,urban,26-40,13,283.0,20,8,0.7,3
SYN_126155,urban,18-25,14,494.35,25,39,0.245,2
SYN_102408,urban,26-40,11,279.98,2,36,0.736,2
SYN_107275,rural,18-25,17,126.14,12,1,0.747,2
SYN_105717,rural,26-40,9,61.25,23,16,0.382,0
SYN_128247,urban,26-40,18,148.85,60,12,0.894,0
SYN_108921,rural,18-25,7,358.25,6,18,0.488,0
SYN_112029,urban,41+,17,732.2,3,38,0.528,0
SYN_113995,urban,41+,15,496.76,60,27,0.48,2
SYN_109285,urban,41+,16,222.71,19,3,0.701,1
SYN_110470,urban,26-40,18,380.49,9,47,0.615,2
SYN_123479,rural,18-25,2,576.04,2,22,0.205,2
SYN_119049,urban,18-25,14,1729.86,7,21,0.085,1
SYN_118918,urban,41+,19,477.6,14,8,0.274,3
SYN_103484,rural,18-25,12,84.55,37,42,0.764,3
SYN_104362,rural,41+,10,1130.46,20,2,0.732,1
SYN_116317,urban,26-40,16,922.67,2,27,0.136,0
SYN_124875,rural,26-40,4,282.28,60,11,0.51,0
SYN_113643,urban,41+,11,60.58,3,43,0.598,1
SYN_119569,rural,41+,10,215.51,60,44,0.84,1
SYN_105973,rural,18-25,12,803.78,18,31,0.307,3
SYN_108213,rural,26-40,6,1147.66,27,43,0.361,3
SYN_108170,rural,26-40,6,178.72,25,41,0.549,1
SYN_100757,rural,26-40,13,1946.54,20,41,0.385,0
SYN_112314,rural,41+,10,220.01,12,25,0.712,1
SYN_110655,urban,18-25,11,866.57,8,14,0.564,2
SYN_101222,rural,26-40,10,183.48,10,24,0.961,1
SYN_106752,rural,26-40,10,467.6,17,30,0.785,1
SYN_123187,rural,41+,5,230.02,6,46,0.505,0
SYN_119533,rural,18-25,11,280.54,16,14,0.933,1
SYN_113130,rural,41+,9,651.85,26,18,0.689,2
SYN_115547,urban,41+,15,439.84,60,16,0.732,3
SYN_107877,rural,26-40,12,148.57,18,45,0.631,1
SYN_104181,urban,18-25,14,590.65,34,19,0.419,0
SYN_120678,urban,18-25,16,148.29,9,19,0.4,1
SYN_116369,urban,18-25,10,177.73,36,2,0.022,1
SYN_129622,rural,18-25,7,419.74,2,43,0.755,0
SYN_104674,rural,18-25,8,291.19,11,36,0.697,3
SYN_106794,rural,41+,14,184.54,18,43,0.477,2
SYN_129089,rural,26-40,4,246.89,3,28,0.371,1
SYN_107887,urban,18-25,19,279.66,24,27,0.092,1
SYN_104531,urban,26-40,17,860.19,7,7,0.431,2
SYN_101479,urban,26-40,9,130.5,47,39,0.606,0
SYN_116161,urban,26-40,9,285.59,10,33,0.173,3
SYN_120598,rural,41+,14,523.71,2,25,0.535,2
SYN_128228,urban,18-25,16,623.4,26,38,0.688,1
SYN_112038,rural,18-25,6,466.56,3,30,0.454,0
SYN_104782,rural,41+,11,1075.84,22,40,0.75,1
SYN_120005,urban,26-40,20,793.02,22,14,0.176,1
SYN_121489,rural,18-25,6,353.86,35,7,0.532,1
SYN_124154,urban,41+,15,74.69,2,5,0.421,1
SYN_115049,rural,26-40,10,646.3,8,33,0.391,2
SYN_129773,rural,41+,10,711.64,22,3,0.572,1
SYN_117393,urban,41+,19,732.93,58,18,0.738,2
SYN_119508,urban,41+,9,96.35,4,46,0.164,1
SYN_116854,rural,26-40,7,561.51,2,21,0.801,2
SYN_118087,rural,41+,8,798.12,4,25,0.845,2
SYN_111671,rural,26-40,9,198.68,8,19,0.611,2
SYN_125388,rural,26-40,8,93.14,25,44,0.796,4
SYN_116264,rural,26-40,10,89.66,8,41,0.448,1
SYN_123966,urban,26-40,15,171.02,4,12,0.125,0
SYN_105404,urban,41+,9,206.97,54,19,0.677,3
SYN_126082,urban,26-40,11,519.36,20,28,0.227,1
SYN_114235,urban,26-40,15,2367.8,19,8,0.594,1
SYN_100073,urban,18-25,17,512.95,3,33,0.127,3
SYN_105896,urban,18-25,11,362.52,15,14,0.441,0
SYN_123830,urban,41+,15,465.76,9,21,0.062,2
SYN_109818,urban,26-40,7,368.35,6,35,0.354,2
SYN_124191,urban,26-40,9,127.61,8,40,0.304,2
SYN_114774,rural,41+,7,207.94,12,21,0.482,3
SYN_117036,rural,41+,10,288.12,15,28,0.507,0
SYN_109209,rural,41+,2,646.69,2,30,0.749,1
SYN_112266,urban,41+,22,896.4,6,17,0.206,4
SYN_128666,urban,26-40,12,667.03,30,24,0.145,2
SYN_114186,urban,26-40,9,154.03,12,40,0.515,3
SYN_118716,urban,41+,8,248.23,52,6,0.269,2
SYN_125543,urban,18-25,12,488.32,14,31,0.296,0
SYN_113350,rural,18-25,8,262.45,6,16,0.365,2
SYN_117049,urban,26-40,18,665.09,53,26,0.373,3
SYN_119687,urban,26-40,12,231.05,17,44,0.238,2
SYN_105334,urban,26-40,18,966.09,23,11,0.597,1
SYN_111293,urban,41+,12,54.92,6,16,0.454,1
SYN_127928,urban,26-40,17,74.47,16,7,0.525,2
SYN_105443,rural,26-40,3,894.78,6,3,0.367,0
SYN_103409,urban,41+,13,328.11,16,17,0.602,1
SYN_116104,rural,41+,11,478.61,20,13,0.796,2
SYN_104951,rural,41+,16,579.82,8,30,0.579,0
SYN_128506,urban,41+,10,390.84,21,35,0.324,1
SYN_122318,urban,26-40,10,1614.14,27,30,0.726,1
SYN_107133,urban,26-40,14,522.51,19,19,0.301,0
SYN_102707,urban,26-40,14,101.0,22,19,0.446,0
SYN_102804,urban,26-40,11,106.49,6,10,0.566,4
SYN_102329,urban,18-25,11,787.88,42,30,0.573,2
SYN_125467,rural,26-40,11,897.12,6,19,0.909,1
SYN_127798,urban,26-40,10,176.6,7,29,0.296,1
SYN_100937,urban,18-25,22,656.83,16,9,0.47,0
SYN_106065,rural,26-40,10,248.47,30,8,0.191,3
SYN_116815,rural,26-40,8,647.69,60,22,0.398,3
SYN_110060,rural,26-40,10,71.1,7,10,0.376,2
SYN_113277,rural,26-40,9,216.57,19,11,0.703,1
SYN_126369,urban,26-40,11,643.2,26,25,0.651,2
SYN_105722,urban,26-40,13,242.33,17,28,0.462,2
SYN_122646,rural,41+,5,835.51,16,39,0.72,0
SYN_105969,rural,41+,6,668.56,20,24,0.834,4
SYN_124742,rural,26-40,14,1030.07,13,39,0.812,2
SYN_120627,rural,18-25,10,304.4,9,8,0.302,0
SYN_129743,rural,18-25,10,314.0,28,26,0.294,1
SYN_117481,urban,41+,10,322.81,6,43,0.322,1
SYN_114841,urban,41+,9,413.79,3,1,0.658,2
SYN_120536,urban,18-25,14,538.93,27,12,0.507,0
SYN_104561,urban,41+,9,538.58,8,42,0.293,1
SYN_114341,urban,18-25,15,643.68,30,5,0.355,0
SYN_121320,rural,26-40,11,604.36,12,11,0.699,0
SYN_104067,rural,26-40,6,250.17,11,39,0.466,1
SYN_106828,rural,41+,10,791.22,16,47,0.205,1
SYN_109410,urban,18-25,15,76.49,26,20,0.693,3
SYN_105229,urban,26-40,11,730.32,5,13,0.797,1
SYN_115903,rural,41+,15,341.5,1,41,0.19,3
SYN_103951,rural,26-40,12,710.23,4,21,0.3,0
SYN_128837,urban,41+,11,110.5,18,28,0.917,2
SYN_105079,rural,26-40,5,213.77,25,42,0.19,2
SYN_109202,urban,26-40,12,482.58,37,20,0.409,3
SYN_103372,rural,41+,8,1943.35,13,6,0.588,1
SYN_102118,urban,41+,11,401.63,28,23,0.37,0
SYN_102775,urban,41+,16,679.63,16,4,0.154,0
SYN_104869,rural,18-25,19,372.63,3,38,0.409,3
SYN_112389,rural,41+,7,278.5,18,44,0.444,2
SYN_118166,rural,26-40,7,134.09,13,4,0.468,0
SYN_108822,rural,41+,13,389.24,1,46,0.312,1
SYN_109707,rural,18-25,7,488.72,2,15,0.606,2
SYN_119529,rural,26-40,6,260.28,11,38,0.375,2
SYN_101262,urban,26-40,21,1437.37,3,5,0.528,0
SYN_122502,urban,41+,6,793.09,27,10,0.143,3
SYN_118403,urban,26-40,10,110.45,1,28,0.385,1
SYN_125433,rural,41+,8,122.54,60,29,0.261,0
SYN_106757,rural,26-40,12,331.33,4,29,0.776,3
SYN_126566,urban,18-25,11,113.84,44,28,0.194,2
SYN_119387,urban,26-40,12,563.13,31,5,0.419,0
SYN_122343,rural,26-40,5,285.47,60,36,0.311,5
SYN_100366,rural,26-40,7,431.93,28,10,0.736,2
SYN_102546,rural,18-25,10,1227.31,5,11,0.429,1
SYN_128010,urban,41+,16,753.8,24,21,0.225,0
SYN_124103,urban,26-40,11,137.32,60,34,0.482,3
SYN_128631,rural,26-40,8,340.98,21,4,0.438,2
SYN_128025,rural,18-25,6,768.84,9,31,0.481,1
SYN_125841,rural,26-40,7,1464.4,39,23,0.316,1
SYN_110091,urban,18-25,16,58.18,35,22,0.342,0
SYN_122954,urban,26-40,12,1348.79,18,31,0.228,1
SYN_128339,urban,41+,22,811.04,2,20,0.311,0
SYN_124902,urban,41+,16,419.37,18,22,0.521,0
SYN_117382,rural,26-40,8,386.98,35,38,0.6,5
SYN_114896,urban,41+,18,593.92,19,45,0.173,1
SYN_128706,rural,26-40,8,345.71,31,18,0.793,0
SYN_129334,urban,18-25,15,392.96,30,31,0.267,5
SYN_126585,rural,26-40,7,64.78,2,21,0.473,3
SYN_125752,rural,26-40,10,55.22,8,7,0.551,1
SYN_121883,rural,26-40,10,389.71,22,14,0.184,2
SYN_122829,urban,18-25,13,258.72,5,30,0.217,0
SYN_122072,rural,26-40,7,137.75,15,44,0.578,1
SYN_111402,urban,41+,17,516.81,9,22,0.417,1
SYN_129469,urban,18-25,12,1074.83,27,25,0.367,1
SYN_123910,rural,41+,3,1032.15,44,18,0.744,2
SYN_125631,rural,18-25,14,587.78,42,37,0.675,2
SYN_106517,rural,26-40,7,373.0,35,30,0.58,1
SYN_106948,rural,18-25,7,329.93,6,33,0.652,1
SYN_120515,urban,18-25,10,251.88,44,26,0.409,1
SYN_115266,urban,26-40,13,285.37,21,10,0.601,2
SYN_125429,urban,26-40,14,641.69,2,41,0.25,1
SYN_121806,urban,26-40,16,299.66,6,24,0.373,4
SYN_113786,urban,18-25,16,234.85,28,7,0.804,0
SYN_126948,urban,26-40,16,443.17,60,18,0.517,1
SYN_124078,urban,18-25,10,289.29,26,29,0.436,2
SYN_112684,urban,18-25,11,309.61,5,46,0.699,1
SYN_102573,rural,41+,6,459.19,3,27,0.488,2
SYN_101080,urban,26-40,14,136.7,51,33,0.388,1
SYN_128037,urban,26-40,16,1153.35,54,24,0.645,2
SYN_109063,rural,18-25,9,51.92,59,47,0.82,2
SYN_121058,rural,26-40,10,369.32,9,19,0.541,3
SYN_122115,urban,18-25,13,380.6,36,32,0.737,0
SYN_122323,urban,26-40,16,1830.15,2,12,0.618,2
SYN_129985,urban,26-40,14,114.86,5,46,0.44,0
SYN_123824,rural,41+,10,371.26,24,15,0.954,0
SYN_121519,rural,26-40,7,72.06,10,19,0.176,2
SYN_116911,urban,26-40,13,91.6,60,24,0.69,2
SYN_102116,urban,26-40,23,199.26,30,7,0.468,0
SYN_106452,urban,26-40,17,78.95,4,13,0.23,0
SYN_108986,urban,41+,14,856.61,8,31,0.265,0
SYN_112261,urban,18-25,11,457.2,23,23,0.155,0
SYN_109856,rural,41+,9,179.49,13,24,0.297,1
SYN_122736,urban,18-25,18,141.91,29,15,0.16,1
SYN_123692,urban,41+,9,166.28,17,24,0.523,0
SYN_116789,urban,26-40,10,119.05,43,9,0.287,0
SYN_105360,rural,26-40,11,894.6,11,4,0.451,0
SYN_100269,urban,26-40,23,902.07,60,33,0.296,1
SYN_109130,urban,41+,14,1093.86,3,30,0.554,0
SYN_109585,rural,41+,13,154.02,2,24,0.795,2
SYN_103753,rural,41+,8,1349.39,12,31,0.34,3
SYN_128883,rural,26-40,9,281.68,42,33,0.567,1
SYN_108419,urban,18-25,15,1515.0,13,43,0.151,1
SYN_107145,rural,26-40,9,418.12,30,28,0.568,0
SYN_102105,rural,26-40,11,103.92,20,45,0.638,0
SYN_112371,urban,26-40,12,562.0,2,11,0.123,2
SYN_101587,urban,26-40,17,50.09,3,7,0.7,1
SYN_110083,rural,18-25,8,152.59,15,26,0.732,2
SYN_110457,urban,18-25,8,1705.35,13,3,0.42,1
SYN_111775,urban,41+,13,380.47,1,30,0.237,0
SYN_107536,urban,26-40,10,518.44,48,36,0.704,0
SYN_126789,urban,18-25,11,54.28,2,38,0.272,4
SYN_124511,rural,26-40,9,205.84,9,24,0.998,4
SYN_118779,urban,26-40,16,281.44,2,3,0.236,2
SYN_115861,rural,26-40,10,1161.61,13,19,0.43,3
SYN_115149,rural,18-25,6,425.38,9,39,0.552,1
SYN_121845,rural,41+,14,319.68,37,9,0.781,1
SYN_101082,rural,41+,7,1102.81,21,42,0.862,2
SYN_118064,rural,26-40,8,625.33,32,44,0.654,0
SYN_124496,urban,41+,12,366.37,11,5,0.381,1
SYN_116706,urban,41+,18,199.42,1,11,0.511,0
SYN_107442,rural,18-25,10,88.18,21,2,0.712,0
SYN_117470,rural,26-40,20,113.84,6,6,0.516,0
SYN_102698,urban,41+,17,550.87,23,7,0.572,1
SYN_110346,urban,26-40,14,347.46,2,11,0.457,1
SYN_123931,urban,26-40,14,935.33,42,19,0.67,1
SYN_128198,rural,26-40,9,296.64,13,9,0.421,1
SYN_128055,urban,41+,13,95.66,19,23,0.344,0
SYN_122077,rural,26-40,6,724.85,7,43,0.702,1
SYN_116226,rural,41+,16,91.32,9,1,0.499,2
SYN_113285,rural,26-40,4,1518.3,18,3,0.569,1
SYN_106342,rural,26-40,5,370.34,31,30,0.308,0
SYN_108951,urban,18-25,13,854.35,12,26,0.261,0
SYN_116221,urban,18-25,10,1368.7,22,4,0.222,1
SYN_120195,rural,18-25,13,1189.16,8,41,0.528,2
SYN_128674,urban,41+,17,110.27,8,38,0.781,3
SYN_106744,urban,26-40,13,112.48,14,26,0.239,1
SYN_129736,rural,26-40,7,349.73,33,15,0.858,2
SYN_117029,rural,26-40,8,891.91,17,44,0.964,2
SYN_105725,rural,26-40,12,308.35,3,32,0.847,2
SYN_124881,rural,26-40,9,58.32,3,39,0.225,1
SYN_102306,urban,41+,17,565.18,53,31,0.367,2
SYN_114322,rural,18-25,13,517.62,9,39,0.693,0
SYN_107813,urban,26-40,15,73.54,11,15,0.262,0
SYN_106657,rural,26-40,10,536.67,29,6,0.385,4
SYN_100299,rural,18-25,9,76.71,3,28,0.706,1
SYN_105452,rural,26-40,15,528.19,5,22,0.321,0
SYN_110421,urban,26-40,13,181.54,1,12,0.518,1
SYN_116879,rural,26-40,9,360.67,10,30,0.426,1
SYN_122022,rural,26-40,7,243.03,30,4,0.319,2
SYN_116990,urban,18-25,19,579.26,5,14,0.341,2
SYN_101671,rural,26-40,6,146.88,6,38,0.675,1
SYN_106507,urban,26-40,14,253.23,7,37,0.543,0
SYN_108873,rural,26-40,11,258.94,6,24,0.223,0
SYN_128999,rural,18-25,5,649.62,12,14,0.524,1
SYN_101996,urban,41+,10,620.92,14,33,0.584,3
SYN_109728,rural,41+,14,728.25,5,10,0.558,2
SYN_102415,urban,26-40,14,1004.04,15,6,0.517,0
SYN_107173,rural,41+,9,194.31,45,11,0.429,2
SYN_123523,urban,26-40,13,78.99,17,2,0.407,0
SYN_118332,urban,18-25,14,178.38,23,14,0.411,1
SYN_104331,rural,41+,9,994.2,37,6,0.839,0
SYN_126032,rural,26-40,7,762.26,58,24,0.481,1
SYN_114331,rural,26-40,12,1020.64,5,30,0.494,2
SYN_100663,urban,26-40,13,386.5,49,24,0.219,1
SYN_123460,urban,26-40,12,1025.55,3,6,0.195,1
SYN_117989,rural,18-25,13,166.4,5,16,0.744,1
SYN_102710,rural,18-25,11,755.54,42,34,0.522,2
SYN_127223,rural,26-40,13,160.08,4,33,0.649,1
SYN_116977,rural,26-40,8,1121.91,1,43,0.593,1
SYN_102358,rural,18-25,7,181.39,7,31,0.521,1
SYN_118179,rural,18-25,16,196.89,9,29,0.516,0
SYN_106115,rural,41+,8,81.65,32,18,0.345,0
SYN_100804,urban,26-40,14,1208.06,26,14,0.73,2
SYN_101263,rural,18-25,8,150.99,26,42,0.302,0
SYN_103126,urban,41+,15,70.01,36,22,0.304,2
SYN_107592,rural,26-40,9,82.09,14,41,1.0,0
SYN_129311,urban,26-40,20,452.2,8,26,0.505,0
SYN_121933,urban,18-25,15,214.75,30,46,0.708,2
SYN_110531,urban,18-25,11,87.62,36,31,0.385,1
SYN_128622,urban,41+,17,300.05,9,31,0.097,4
SYN_107854,urban,18-25,13,243.7,42,6,0.336,4
SYN_116767,rural,26-40,4,322.84,25,8,0.319,1
SYN_117131,urban,26-40,12,613.26,8,33,0.457,0
SYN_115205,rural,41+,11,70.78,12,14,0.688,1
SYN_115621,urban,26-40,12,140.91,2,40,0.517,1
SYN_102104,rural,41+,8,456.78,6,17,0.701,1
SYN_102461,rural,41+,9,140.22,12,30,0.329,0
SYN_111929,rural,18-25,12,852.71,29,7,0.664,3
SYN_107471,rural,18-25,12,822.84,16,32,0.552,3
SYN_103344,urban,41+,15,56.18,22,28,0.197,4
SYN_119117,urban,18-25,10,390.06,5,31,0.488,2
SYN_127018,rural,18-25,4,1417.1,22,41,0.514,1
SYN_111516,rural,26-40,10,1042.68,22,11,0.403,3
SYN_118368,urban,18-25,18,691.14,3,28,0.633,4
SYN_110853,rural,41+,9,271.61,1,7,0.34,2
SYN_112692,rural,26-40,11,1560.35,47,22,0.68,2
SYN_106616,urban,26-40,15,99.37,17,16,0.64,3
SYN_129430,urban,26-40,12,253.51,7,46,0.745,1
SYN_120526,rural,41+,7,899.79,15,6,0.892,1
SYN_110131,urban,41+,13,1383.61,1,36,0.693,1
SYN_126976,rural,26-40,13,243.08,9,12,0.522,2
SYN_100209,urban,26-40,12,271.12,55,11,0.496,0
SYN_103492,rural,18-25,11,284.96,5,2,0.467,2
SYN_126745,urban,18-25,14,192.86,21,4,0.06,0
SYN_113195,urban,26-40,11,138.9,4,12,0.422,1
SYN_105440,urban,41+,15,1077.04,5,17,0.362,2
SYN_115706,rural,26-40,7,151.63,24,9,0.549,1
SYN_108614,urban,41+,12,152.93,3,32,0.162,3
SYN_127575,rural,41+,7,701.37,20,23,0.638,0
SYN_111773,rural,41+,10,217.89,23,4,0.444,0
SYN_118462,urban,18-25,17,1976.89,19,41,0.361,0
SYN_129471,urban,18-25,15,491.9,33,16,0.173,1
SYN_100462,rural,18-25,2,204.54,2,14,0.413,8
SYN_105923,urban,41+,18,451.0,11,4,0.296,1
SYN_122048,rural,26-40,12,200.99,9,35,0.895,2
SYN_127111,rural,18-25,10,264.33,7,6,0.378,3
SYN_103440,urban,26-40,12,124.06,45,20,0.552,0
SYN_127470,urban,18-25,20,444.98,22,27,0.684,2
SYN_112667,rural,26-40,10,482.95,1,30,0.398,0
SYN_110749,urban,41+,16,247.42,2,38,0.672,1
SYN_116763,urban,41+,12,1333.44,2,13,0.11,2
SYN_125811,urban,26-40,14,834.57,3,30,0.182,2
SYN_114277,urban,18-25,13,271.05,1,11,0.634,3
SYN_124862,rural,26-40,5,609.66,1,32,0.584,1
SYN_123006,rural,26-40,5,1487.49,18,21,0.578,1
SYN_121096,rural,41+,5,1287.72,11,12,0.537,2
SYN_127289,urban,41+,16,1761.13,18,12,0.334,1
SYN_111450,rural,18-25,11,313.87,15,24,0.813,2
SYN_106125,urban,26-40,15,148.51,11,37,0.779,0
SYN_116891,urban,18-25,13,100.66,60,13,0.326,0
SYN_114554,rural,18-25,9,394.9,15,29,0.666,1
SYN_109553,urban,41+,17,1012.38,10,12,0.059,1
SYN_112968,urban,26-40,11,1054.19,7,47,0.485,2
SYN_117491,rural,41+,8,137.27,29,20,0.567,1
SYN_129738,urban,26-40,12,991.7,31,40,0.218,1
SYN_125092,urban,26-40,15,72.64,1,20,0.265,2
SYN_116582,urban,41+,7,117.63,4,13,0.402,2
SYN_100126,urban,18-25,13,225.01,40,9,0.773,2
SYN_100580,urban,26-40,14,158.93,1,18,0.34,2
SYN_100873,urban,26-40,13,1153.82,49,11,0.123,2
SYN_104689,rural,26-40,9,181.41,16,13,0.419,2
SYN_121761,rural,18-25,9,88.63,2,10,0.337,1
SYN_128174,urban,41+,8,80.75,1,3,0.331,0
SYN_125224,rural,26-40,15,586.94,7,22,0.372,1
SYN_118240,urban,26-40,16,64.9,53,13,0.139,1
SYN_121657,urban,26-40,13,113.11,6,4,0.347,1
SYN_117496,rural,26-40,10,216.86,4,5,0.654,1
SYN_105956,urban,41+,10,199.18,37,9,0.309,1
SYN_122215,rural,26-40,3,188.1,5,8,0.23,2
SYN_121606,urban,18-25,15,57.17,8,34,0.544,1
SYN_123263,urban,26-40,20,398.89,23,6,0.613,0
SYN_124716,rural,26-40,13,355.99,52,9,0.276,0
SYN_110293,urban,26-40,13,290.56,52,37,0.647,0
SYN_120644,rural,18-25,7,381.72,60,17,0.874,1
SYN_123521,urban,18-25,13,104.36,2,9,0.444,1
SYN_109827,urban,26-40,16,860.24,11,3,0.789,1
SYN_110944,rural,26-40,11,312.97,35,21,0.613,2
SYN_105696,urban,18-25,5,78.66,44,26,0.803,0
SYN_103236,rural,18-25,10,561.85,2,17,0.702,1
SYN_110498,rural,41+,8,137.52,60,28,0.7,0
SYN_126683,urban,26-40,17,250.63,2,7,0.611,2
SYN_101221,urban,41+,13,137.13,10,39,0.355,1
SYN_114797,urban,41+,14,310.5,37,6,0.413,0
SYN_119311,rural,26-40,2,170.73,4,30,0.619,1
SYN_112690,urban,26-40,15,376.04,11,6,0.938,4
SYN_126731,rural,26-40,16,729.87,19,6,0.301,3
SYN_116015,urban,41+,20,409.28,17,10,0.216,1
SYN_119530,urban,26-40,21,355.56,48,9,0.167,0
SYN_109977,rural,18-25,7,622.72,24,22,0.313,0
SYN_114256,urban,41+,11,139.24,10,9,0.358,2
SYN_112595,rural,18-25,8,99.9,2,6,0.333,0
SYN_106085,rural,18-25,9,256.63,5,17,0.91,0
SYN_122484,rural,18-25,8,782.24,21,40,0.353,0
SYN_121979,urban,41+,10,111.92,5,10,0.056,2
SYN_124790,rural,26-40,8,110.68,3,31,0.561,0
SYN_123387,urban,18-25,10,186.61,24,20,0.303,0
SYN_103029,urban,41+,17,380.77,21,13,0.311,4
SYN_104766,rural,26-40,6,208.4,15,13,0.221,1
SYN_103390,urban,26-40,12,410.49,2,27,0.104,2
SYN_125805,urban,18-25,17,601.01,3,18,0.357,5
SYN_116124,rural,18-25,6,2057.27,50,32,0.549,1
SYN_127559,urban,26-40,13,90.66,9,23,0.861,1
SYN_120485,rural,18-25,7,407.39,5,15,0.784,1
SYN_129744,urban,26-40,12,167.26,21,37,0.157,1
SYN_110220,rural,26-40,12,158.59,5,6,0.672,0
SYN_103448,urban,18-25,17,770.04,10,8,0.481,2
SYN_121303,rural,41+,11,69.2,23,30,0.986,1
SYN_118755,rural,41+,8,1920.93,20,29,0.645,0
SYN_103560,rural,26-40,4,651.39,12,32,0.589,2
SYN_110694,rural,18-25,14,82.04,31,10,0.353,1
SYN_118521,urban,41+,11,281.79,11,26,0.211,0
SYN_106069,urban,26-40,13,64.43,60,3,0.302,1
SYN_128007,urban,26-40,13,532.64,21,19,0.287,1
SYN_129768,urban,26-40,19,207.23,21,31,0.79,0
SYN_103864,rural,26-40,6,151.45,6,32,0.749,0
SYN_107367,rural,26-40,11,439.73,1,41,0.375,2
SYN_100940,urban,26-40,17,82.22,16,8,0.08,1
SYN_108778,rural,41+,6,258.42,27,5,0.66,2
SYN_123086,rural,41+,10,1622.55,30,35,0.697,1
SYN_111534,urban,41+,11,415.87,15,26,0.434,1
SYN_113204,urban,26-40,17,444.73,10,11,0.582,1
SYN_116276,urban,41+,10,334.86,16,34,0.803,4
SYN_101615,urban,26-40,13,77.79,22,42,0.455,2
SYN_119230,rural,26-40,7,252.29,26,13,0.313,0
SYN_126091,rural,18-25,5,675.13,3,34,0.437,0
SYN_120027,urban,41+,11,234.84,10,13,0.247,1
SYN_105042,urban,41+,12,1147.83,22,16,0.298,0
SYN_111270,urban,26-40,15,56.6,32,29,0.525,3
SYN_121610,urban,41+,9,354.42,16,12,0.238,1
SYN_108983,rural,41+,12,886.26,34,44,0.394,3
SYN_121084,rural,41+,9,265.33,30,35,0.416,1
SYN_111877,urban,26-40,9,220.84,5,42,0.798,0
SYN_102859,urban,41+,21,350.47,4,21,0.476,1
SYN_125268,rural,26-40,7,128.88,14,42,0.399,1
SYN_108240,urban,41+,10,2117.65,20,36,0.532,0
SYN_116380,rural,41+,11,401.44,7,10,0.755,2
SYN_102092,urban,41+,12,261.89,9,46,0.346,1
SYN_123522,urban,26-40,17,828.49,52,20,0.222,1
SYN_105301,rural,26-40,13,450.25,2,26,0.779,3
SYN_123777,rural,26-40,12,306.57,22,10,0.493,0
SYN_107211,rural,41+,18,80.1,3,21,0.393,1
SYN_115265,urban,41+,14,813.55,3,29,0.552,0
SYN_116825,urban,26-40,10,537.66,3,10,0.283,0
SYN_103385,rural,26-40,7,187.88,2,21,0.512,0
SYN_122501,urban,26-40,11,108.53,60,30,0.653,2
SYN_104769,rural,26-40,16,600.83,18,25,0.252,2
SYN_109046,urban,41+,16,183.02,54,21,0.249,1
SYN_114017,urban,18-25,9,84.64,8,39,0.602,3
SYN_105765,urban,18-25,25,409.93,7,10,0.349,0
SYN_119765,rural,26-40,14,670.51,36,36,0.293,2
SYN_128261,rural,41+,11,472.0,41,31,0.291,3
SYN_113858,urban,18-25,19,632.03,8,13,0.292,1
SYN_110175,rural,26-40,3,894.66,2,44,0.696,1
SYN_123082,urban,26-40,13,1451.18,22,16,0.481,3
SYN_111691,rural,26-40,9,89.78,9,40,0.333,2
SYN_120304,rural,26-40,6,462.71,1,14,0.538,1
SYN_114308,urban,26-40,12,56.19,35,42,0.549,1
SYN_100482,urban,18-25,13,213.58,18,19,0.895,1
SYN_113754,urban,26-40,12,412.03,42,22,0.707,2
SYN_107013,rural,26-40,9,245.72,45,46,0.531,1
SYN_126383,rural,26-40,10,1217.22,29,17,0.292,0
SYN_121747,rural,18-25,13,1632.14,19,25,0.349,0
SYN_111631,urban,26-40,10,452.78,8,15,0.387,3
SYN_108206,urban,18-25,14,484.19,17,44,0.674,0
SYN_101423,urban,26-40,13,124.09,2,22,0.362,0
SYN_103182,urban,18-25,12,980.86,52,29,0.201,1
SYN_126453,urban,18-25,12,106.02,35,47,0.247,3
SYN_102862,urban,26-40,9,99.24,22,21,0.274,1
SYN_125325,rural,41+,13,1027.17,1,14,0.318,0
SYN_114031,rural,41+,6,261.98,3,13,0.555,2
SYN_102264,urban,18-25,11,641.36,31,32,0.475,0
SYN_124414,rural,18-25,3,105.94,27,26,0.57,2
SYN_124112,rural,41+,7,89.09,43,25,0.634,1
SYN_129148,urban,26-40,14,1151.61,10,2,0.425,1
SYN_111266,urban,41+,17,932.17,34,26,0.449,1
SYN_117309,rural,41+,11,209.56,1,10,0.428,3
SYN_112360,urban,26-40,13,130.86,13,13,0.217,3
SYN_109057,rural,18-25,6,133.87,1,30,0.88,1
SYN_114238,rural,18-25,8,923.57,10,5,0.778,1
SYN_116259,rural,26-40,7,181.2,6,17,0.891,0
SYN_127987,rural,18-25,7,431.42,26,29,0.893,1
SYN_111110,urban,26-40,16,923.62,15,33,0.257,1
SYN_104984,urban,41+,9,772.26,27,31,0.59,1
SYN_103762,urban,26-40,13,939.29,21,41,0.28,1
SYN_124951,rural,26-40,2,494.47,3,24,0.76,2
SYN_105368,rural,26-40,12,195.41,15,25,0.895,4
SYN_119557,rural,18-25,8,78.75,51,35,0.628,2
SYN_100884,urban,26-40,11,335.75,1,17,0.353,1
SYN_110385,urban,18-25,15,311.92,4,26,0.581,4
SYN_129728,rural,18-25,13,109.65,19,7,0.794,3
SYN_113391,rural,18-25,8,716.16,8,2,0.632,0
SYN_108215,urban,18-25,10,555.49,16,22,0.271,3
SYN_108245,urban,18-25,14,333.03,24,11,0.307,2
SYN_129858,rural,41+,14,154.93,19,18,0.375,1
SYN_111219,rural,18-25,14,1056.33,35,6,0.627,1
SYN_101044,urban,41+,20,547.22,10,3,0.532,3
SYN_128919,urban,26-40,18,263.83,1,4,0.423,3
SYN_108082,urban,41+,20,248.99,3,1,0.634,1
SYN_123917,urban,18-25,10,141.46,21,16,0.407,2
SYN_118839,urban,18-25,21,702.32,21,37,0.782,2
SYN_104261,rural,41+,11,367.1,22,26,0.414,3
SYN_112998,rural,26-40,10,377.27,10,30,0.346,1
SYN_100577,urban,18-25,11,1014.7,11,31,0.568,0
SYN_116546,urban,18-25,16,1078.36,11,29,0.498,1
SYN_125549,rural,41+,6,490.91,16,3,0.687,0
SYN_124189,urban,18-25,20,653.84,14,2,0.733,2
SYN_122238,urban,41+,21,932.56,7,16,0.556,3
SYN_106324,urban,18-25,8,432.33,2,39,0.217,1
SYN_106122,rural,41+,9,483.31,16,12,0.611,0
SYN_129058,urban,26-40,14,68.17,2,1,0.174,1
SYN_112287,rural,41+,5,1204.76,1,34,0.431,1
SYN_108346,rural,26-40,6,629.86,25,46,0.685,0
SYN_101334,rural,26-40,6,1391.56,10,2,0.358,1
SYN_118005,rural,18-25,8,58.34,22,11,0.366,1
SYN_114983,rural,41+,12,155.62,20,38,0.267,3
SYN_114711,rural,41+,9,273.92,13,47,0.559,2
SYN_129275,urban,26-40,14,152.01,34,17,0.264,1
SYN_119434,rural,18-25,6,193.5,28,1,0.516,2
SYN_100636,rural,26-40,8,170.22,9,2,0.891,1
SYN_119814,rural,41+,8,412.29,10,3,0.441,1
SYN_113160,urban,41+,11,693.88,4,18,0.428,0
SYN_113292,rural,18-25,11,508.03,3,21,0.592,2
SYN_122584,urban,18-25,16,714.33,39,44,0.009,0
SYN_120677,rural,18-25,9,284.46,1,11,0.787,0
SYN_112704,urban,41+,17,522.39,19,17,0.328,1
SYN_100112,urban,18-25,15,750.6,14,29,0.264,2
SYN_121783,rural,41+,5,118.52,11,9,0.764,1
SYN_122538,rural,41+,8,293.31,13,7,1.0,0
SYN_101690,rural,18-25,11,194.76,20,7,0.357,0
SYN_102366,urban,41+,14,858.74,37,45,0.213,4
SYN_108671,urban,41+,18,333.79,2,20,0.136,0
SYN_100791,urban,26-40,17,546.09,3,34,0.552,1
SYN_127671,rural,18-25,11,725.75,18,20,0.431,2
SYN_113010,urban,26-40,13,2129.04,2,33,0.226,0
SYN_112917,rural,18-25,6,377.54,14,28,0.325,4
SYN_120426,rural,18-25,5,2161.86,11,38,0.393,0
SYN_105553,urban,18-25,19,622.58,22,4,0.658,1
SYN_103991,urban,26-40,10,777.55,19,29,0.107,0
SYN_117044,rural,41+,5,177.13,10,5,0.506,1
SYN_111311,urban,18-25,16,550.97,10,20,0.189,1
SYN_105942,urban,41+,10,1024.95,21,28,0.544,0
SYN_119113,urban,41+,16,58.54,11,16,0.143,1
SYN_122737,urban,18-25,12,108.17,45,5,0.428,1
SYN_103153,urban,26-40,15,125.77,10,10,0.21,4
SYN_112296,rural,18-25,8,502.28,1,38,0.185,1
SYN_102065,rural,18-25,5,130.94,7,7,0.81,1
SYN_104907,urban,41+,10,467.4,28,41,0.853,1
SYN_109975,urban,18-25,12,354.97,24,13,0.293,2
SYN_128764,urban,18-25,11,91.81,16,13,0.583,4
SYN_123548,rural,18-25,10,1597.94,21,30,0.28,2
SYN_100323,urban,18-25,18,247.79,2,18,0.073,1
SYN_102883,urban,26-40,14,398.73,16,44,0.164,2
SYN_109456,urban,26-40,13,165.95,16,31,0.51,2
SYN_102134,urban,26-40,16,313.29,31,47,0.445,1
SYN_109655,rural,26-40,12,645.71,1,26,0.509,1
SYN_125668,rural,18-25,13,1235.99,5,34,0.306,3
SYN_107787,rural,26-40,8,263.83,7,42,0.727,0
SYN_121363,rural,26-40,11,141.29,3,34,0.813,1
SYN_119243,rural,18-25,7,427.29,1,2,0.317,0
SYN_100339,rural,26-40,7,475.43,2,40,0.433,1
SYN_116770,rural,41+,8,60.65,25,26,0.806,3
SYN_101198,urban,26-40,16,212.21,12,22,0.05,1
SYN_115942,urban,41+,9,187.41,25,13,0.538,0
SYN_125593,urban,41+,11,228.4,5,46,0.184,2
SYN_112007,rural,41+,9,619.07,3,18,0.421,2
SYN_124333,urban,18-25,25,609.89,47,29,0.484,0
SYN_125976,rural,18-25,8,493.18,4,41,0.254,3
SYN_120790,rural,26-40,14,133.0,22,37,0.643,1
SYN_120464,urban,41+,10,213.84,19,23,0.909,0
SYN_127587,urban,41+,15,275.55,11,4,0.673,2
SYN_102179,rural,41+,16,316.85,24,40,0.231,0
SYN_116807,urban,26-40,11,644.63,5,19,0.287,1
SYN_113026,urban,26-40,15,513.01,17,5,0.248,1
SYN_126349,urban,26-40,15,344.82,5,14,0.13,3
SYN_129374,urban,18-25,8,529.22,1,7,0.247,1
SYN_126191,rural,18-25,13,641.49,3,12,0.35,2
SYN_114374,urban,26-40,15,440.89,3,31,0.391,4
SYN_129310,rural,41+,9,233.86,28,43,0.974,2
SYN_128147,urban,26-40,18,310.82,55,35,0.319,0
SYN_126762,rural,41+,13,1231.3,1,21,0.742,0
SYN_116966,urban,41+,15,756.42,35,36,0.574,3
SYN_113161,urban,18-25,17,297.63,2,29,0.356,1
SYN_124067,urban,18-25,17,388.62,44,13,0.488,0
SYN_117042,urban,26-40,17,369.46,8,5,0.271,1
SYN_126176,rural,26-40,7,439.0,11,38,0.601,2
SYN_104567,urban,26-40,13,1822.14,18,31,0.289,1
SYN_122206,urban,18-25,11,744.82,24,33,0.504,0
SYN_125736,urban,18-25,17,175.26,23,43,0.717,2
SYN_116484,rural,18-25,7,269.85,7,23,0.626,1
SYN_123569,urban,26-40,9,301.12,17,2,0.142,1
SYN_129013,rural,26-40,10,433.93,2,20,0.436,0
SYN_111865,urban,26-40,13,737.16,7,30,0.517,0
SYN_115742,rural,18-25,7,154.66,8,47,0.199,0
SYN_117399,urban,41+,12,359.88,31,45,0.746,1
SYN_125300,rural,18-25,10,131.8,20,2,0.516,0
SYN_102811,rural,26-40,4,306.49,13,32,0.707,3
SYN_116648,rural,18-25,13,351.78,2,39,0.276,1
SYN_114884,rural,26-40,9,770.14,19,31,0.323,2
SYN_105161,rural,41+,12,1221.1,11,44,0.689,1
SYN_103992,urban,26-40,7,456.19,16,8,0.101,1
SYN_107038,rural,41+,7,786.39,10,41,0.402,2
SYN_110825,rural,41+,7,281.7,20,20,0.382,3
SYN_117486,urban,26-40,12,503.07,40,24,0.656,1
SYN_110673,rural,18-25,9,239.63,7,45,0.488,1
SYN_104614,urban,26-40,9,460.3,10,37,0.457,2
SYN_101618,rural,18-25,6,639.22,16,15,0.43,0
SYN_118656,rural,41+,9,108.89,25,24,0.375,1
SYN_122994,rural,26-40,10,160.89,7,23,0.424,2
SYN_108452,urban,18-25,20,719.99,1,10,0.43,1
SYN_112283,urban,41+,15,502.44,5,28,0.555,1
SYN_112824,rural,18-25,5,86.13,33,43,0.341,0
SYN_117846,rural,41+,8,168.87,3,32,0.391,1
SYN_109169,urban,26-40,12,76.98,2,36,0.568,2
SYN_128051,urban,26-40,13,55.06,60,30,0.548,1
SYN_125266,rural,26-40,12,813.02,60,32,0.596,0
SYN_129949,rural,18-25,4,673.49,2,5,0.537,1
SYN_120810,rural,18-25,8,266.36,11,20,0.511,0
SYN_104784,rural,26-40,4,934.69,35,10,0.42,0
SYN_108253,rural,18-25,8,297.1,6,11,0.491,1
SYN_115937,urban,26-40,11,164.07,13,5,0.255,5
SYN_103306,urban,18-25,18,518.65,40,12,0.138,1
SYN_125799,urban,26-40,16,528.27,11,3,0.078,3
SYN_125047,urban,26-40,9,162.85,36,27,0.061,1
SYN_127509,urban,18-25,20,669.73,26,16,0.197,4
SYN_121838,urban,26-40,15,86.68,36,27,0.287,3
SYN_104108,rural,26-40,5,2202.24,56,11,0.673,1
SYN_110917,rural,41+,10,170.73,5,2,0.261,0
SYN_103667,urban,26-40,14,386.91,39,6,0.682,2
SYN_112792,urban,26-40,12,569.02,2,32,0.666,1
SYN_127366,rural,26-40,11,630.16,10,45,0.654,1
SYN_103198,urban,26-40,15,148.85,4,42,0.46,1
SYN_129161,rural,26-40,11,150.49,23,16,0.414,1
SYN_126019,urban,18-25,17,1801.45,21,6,0.115,0
SYN_105006,rural,41+,6,510.9,4,40,0.636,0
SYN_127461,urban,26-40,12,420.56,19,17,0.536,1
SYN_118007,urban,26-40,15,118.49,31,33,0.08,3
SYN_101416,urban,41+,12,782.45,24,42,0.066,1
SYN_121545,urban,18-25,13,674.72,16,26,0.192,0
SYN_101578,rural,41+,10,170.1,27,37,0.526,0
SYN_108947,rural,18-25,11,1246.53,5,45,0.384,2
SYN_128296,urban,18-25,21,790.7,8,37,0.282,2
SYN_114551,urban,26-40,14,133.01,6,24,0.171,2
SYN_115295,urban,26-40,12,111.01,8,23,0.62,0
SYN_109049,urban,26-40,12,696.69,16,1,0.429,0
SYN_121031,rural,41+,7,189.75,3,5,0.744,1
SYN_125749,urban,18-25,13,1553.38,7,3,0.175,1
SYN_123590,rural,41+,9,105.77,14,1,0.472,0
SYN_109070,urban,18-25,11,237.06,17,18,0.331,1
SYN_114494,urban,41+,17,81.4,60,33,0.327,2
SYN_101457,urban,41+,13,272.03,9,27,0.443,0
SYN_107314,urban,18-25,16,100.77,5,19,0.03,0
SYN_118953,urban,18-25,10,113.8,7,46,0.113,2
SYN_117900,urban,18-25,13,185.58,1,20,0.436,1
SYN_114446,rural,26-40,7,551.41,1,1,0.281,2
SYN_108695,urban,18-25,20,718.29,10,8,0.606,2
SYN_121308,rural,26-40,8,238.86,3,14,0.598,0
SYN_100855,urban,41+,12,1072.69,5,2,0.397,0
SYN_105527,urban,18-25,20,477.65,6,34,0.265,2
SYN_129898,rural,18-25,7,699.63,26,23,0.399,0
SYN_112598,rural,41+,13,168.25,1,45,0.392,1
SYN_104873,urban,26-40,11,374.73,15,16,0.122,3
SYN_122079,rural,26-40,13,364.01,10,10,0.308,1
SYN_108322,urban,18-25,13,80.79,46,43,0.251,0
SYN_124226,urban,18-25,14,148.32,1,1,0.295,1
SYN_104164,rural,41+,4,332.79,18,43,0.561,1
SYN_122671,urban,18-25,7,419.57,18,45,0.353,0
SYN_125779,rural,41+,7,64.42,13,22,0.387,1
SYN_107677,rural,26-40,8,72.76,6,17,0.189,1
SYN_104019,rural,26-40,12,102.33,60,24,1.0,2
SYN_114135,urban,26-40,19,279.26,9,10,0.105,1
SYN_125006,urban,26-40,16,183.92,44,19,0.527,3
SYN_100197,rural,41+,12,128.03,13,31,0.532,3
SYN_104451,rural,26-40,10,93.64,9,43,0.682,1
SYN_101483,urban,26-40,13,391.34,15,28,0.223,0
SYN_106996,rural,41+,8,82.67,45,11,0.535,1
SYN_124135,urban,26-40,10,329.72,2,40,0.437,5
SYN_129223,rural,18-25,7,233.21,3,18,0.683,0
SYN_100310,urban,26-40,14,112.94,59,2,0.045,0
SYN_117335,rural,41+,6,1669.76,60,23,0.297,1
SYN_120050,urban,26-40,15,809.19,21,15,0.563,1
SYN_112324,urban,26-40,11,1161.89,31,34,0.461,0
SYN_122221,rural,18-25,5,53.66,1,2,0.913,2
SYN_123800,rural,26-40,12,227.03,27,1,0.329,2
SYN_118137,rural,18-25,4,55.04,29,8,0.243,1
SYN_104962,urban,41+,11,341.76,2,6,0.414,3
SYN_112705,rural,26-40,10,142.17,12,41,0.836,0
SYN_128641,urban,41+,23,834.88,7,2,0.345,2
SYN_119294,urban,18-25,19,261.93,60,45,0.177,1
SYN_109897,rural,41+,5,669.77,60,8,0.359,0
SYN_116028,rural,41+,10,118.61,10,46,0.256,4
SYN_117091,rural,41+,14,1124.26,20,17,0.368,1
SYN_118806,rural,41+,4,177.38,4,3,0.723,2
SYN_129007,rural,18-25,11,653.24,8,9,0.645,0
SYN_117030,rural,18-25,13,341.64,15,30,0.708,0
SYN_124182,urban,18-25,10,592.46,16,16,0.205,1
SYN_126927,urban,26-40,13,237.3,2,28,0.318,1
SYN_127473,urban,18-25,11,434.58,12,2,0.359,1
SYN_119047,urban,41+,6,107.7,23,20,0.335,1
SYN_102146,urban,41+,11,524.87,28,17,0.336,2
SYN_120108,rural,41+,10,107.89,19,19,0.452,1
SYN_106071,urban,26-40,13,52.69,10,41,0.837,2
SYN_107919,urban,18-25,13,128.85,40,11,0.278,1
SYN_121061,urban,41+,12,531.31,60,44,0.071,1
SYN_107454,rural,26-40,11,309.03,2,1,0.746,0
SYN_118907,urban,26-40,15,560.34,8,36,0.339,3
SYN_101282,urban,26-40,20,957.88,51,21,0.416,2
SYN_119887,rural,26-40,8,437.96,36,24,0.39,2
SYN_114192,rural,18-25,9,486.97,3,47,0.839,4
SYN_126290,urban,18-25,11,167.47,20,2,0.143,0
SYN_100640,rural,41+,11,1185.9,23,2,0.683,0
SYN_127357,rural,18-25,12,211.49,17,31,0.179,0
SYN_112536,urban,41+,13,851.12,10,12,0.153,0
SYN_123647,rural,41+,9,219.46,20,44,0.961,1
SYN_110740,rural,18-25,8,87.38,28,11,0.667,0
SYN_101998,rural,18-25,9,835.3,31,41,0.305,1
SYN_124623,rural,26-40,8,869.84,1,2,0.791,0
SYN_116661,rural,41+,10,1531.25,5,40,0.623,1
SYN_100169,rural,26-40,6,109.63,7,35,0.549,0
SYN_100687,rural,41+,9,133.42,5,8,0.573,0
SYN_127821,rural,41+,9,406.05,23,11,0.634,0
SYN_104132,urban,26-40,16,319.93,3,33,0.599,4
SYN_106537,urban,18-25,16,73.03,60,41,0.238,0
SYN_104023,rural,26-40,11,62.16,9,35,0.532,0
SYN_105212,rural,26-40,15,924.26,14,43,0.436,0
SYN_113034,urban,41+,17,329.41,13,4,0.446,1
SYN_106664,urban,26-40,13,194.8,3,34,0.261,3
SYN_111427,urban,26-40,8,207.57,11,8,0.161,0
SYN_122349,rural,41+,7,463.55,12,14,0.746,0
SYN_100931,urban,26-40,13,605.02,12,15,0.687,1
SYN_100307,rural,41+,13,445.54,7,5,0.863,1
SYN_124443,urban,18-25,11,448.29,19,39,0.307,1
SYN_103498,urban,26-40,17,192.79,12,42,0.543,0
SYN_106723,urban,41+,22,104.03,1,5,0.346,0
SYN_110112,urban,26-40,16,2097.43,60,34,0.567,3
SYN_100232,rural,18-25,13,1881.67,9,36,0.885,1
SYN_126291,urban,26-40,10,134.89,5,4,0.726,0
SYN_121267,urban,41+,15,620.19,21,45,0.305,1
SYN_103475,urban,26-40,21,538.32,11,1,0.82,1
SYN_114731,urban,18-25,19,1113.36,49,28,0.475,1
SYN_106373,rural,18-25,4,977.0,5,38,0.663,0
SYN_128832,urban,18-25,14,57.62,8,26,0.515,3
SYN_115658,rural,18-25,8,1914.03,10,30,1.0,0
SYN_128243,rural,41+,10,447.37,14,35,0.281,1
SYN_108002,urban,18-25,13,440.28,36,30,0.299,1
SYN_115336,rural,18-25,8,870.52,29,27,0.614,2
SYN_111372,urban,26-40,19,984.29,10,25,0.277,2
SYN_127384,rural,41+,11,95.68,13,43,0.352,2
SYN_102062,urban,26-40,17,1316.7,3,16,0.57,1
SYN_107941,urban,26-40,7,1254.74,1,16,0.364,2
SYN_126326,urban,26-40,15,633.07,10,5,0.42,0
SYN_100470,urban,18-25,11,1145.54,4,34,0.512,1
SYN_107906,rural,26-40,10,197.31,20,40,0.347,1
SYN_109514,urban,18-25,14,95.82,12,19,0.461,2
SYN_118768,rural,41+,7,1028.97,19,4,0.632,2
SYN_109784,urban,41+,12,1347.34,42,18,0.334,1
SYN_117878,urban,41+,12,589.71,9,22,0.29,2
SYN_121260,urban,26-40,11,89.09,23,18,0.366,5
SYN_102542,urban,18-25,22,260.18,23,40,0.348,1
SYN_127392,urban,18-25,14,1256.38,7,27,0.727,2
SYN_112388,rural,26-40,6,145.56,35,30,0.413,1
SYN_107189,rural,26-40,7,658.98,3,36,0.482,0
SYN_119808,urban,26-40,15,358.93,19,22,0.577,0
SYN_111053,urban,26-40,18,898.85,11,46,0.1,2
SYN_116448,urban,26-40,10,431.43,7,8,0.591,3
SYN_119428,urban,26-40,11,189.32,12,9,0.571,1
SYN_120392,urban,41+,20,640.44,18,10,0.601,1
SYN_100227,urban,26-40,19,773.22,20,3,0.417,1
SYN_128094,urban,18-25,20,164.81,10,31,0.032,3
SYN_100255,rural,41+,10,180.01,6,28,0.285,1
SYN_122139,urban,18-25,13,886.52,1,25,0.921,1
SYN_125774,urban,26-40,15,137.07,44,10,0.263,1
SYN_124829,rural,18-25,11,83.95,5,32,0.759,1
SYN_111511,rural,26-40,8,64.03,42,12,0.931,0
SYN_124006,urban,18-25,8,2669.88,9,34,0.713,1
SYN_112093,urban,41+,15,213.68,13,10,0.748,3
SYN_108269,urban,26-40,9,67.06,17,24,0.505,2
SYN_109273,rural,18-25,5,258.56,50,28,0.622,2
SYN_117850,urban,26-40,16,337.7,8,22,0.338,2
SYN_110854,rural,41+,6,1088.87,54,23,0.275,2
SYN_117062,rural,26-40,12,503.57,15,25,0.476,2
SYN_103809,rural,18-25,8,243.03,15,20,0.783,1
SYN_123367,urban,26-40,18,578.52,13,39,0.383,2
SYN_120138,urban,26-40,20,426.33,26,37,0.688,1
SYN_109597,urban,41+,13,248.18,9,21,0.309,1
SYN_101532,urban,26-40,16,435.55,9,37,0.617,0
SYN_123825,urban,41+,24,1174.32,18,33,0.24,1
SYN_115237,rural,26-40,9,602.3,3,10,0.276,1
SYN_128801,urban,41+,11,417.12,42,38,0.262,1
SYN_102943,urban,26-40,21,583.8,28,28,0.236,2
SYN_124661,rural,26-40,8,150.83,60,1,0.686,1
SYN_107896,urban,41+,15,578.28,10,5,0.681,1
SYN_113702,urban,41+,14,702.8,4,37,0.331,1
SYN_118315,rural,41+,7,979.3,13,32,0.522,1
SYN_110862,urban,41+,12,327.77,17,22,0.441,1
SYN_122771,urban,18-25,12,309.86,11,19,0.494,2
SYN_114977,urban,26-40,11,266.77,8,22,0.307,1
SYN_118568,rural,26-40,6,664.79,8,31,0.247,1
SYN_106919,urban,41+,13,702.87,44,32,0.67,0
SYN_108851,urban,18-25,13,482.93,10,40,0.539,1
SYN_106277,rural,26-40,5,393.04,21,22,0.711,0
SYN_100568,urban,41+,11,64.74,9,17,0.333,2
SYN_101474,urban,18-25,14,180.37,9,2,0.654,1
SYN_107972,urban,18-25,14,467.64,3,42,0.261,3
SYN_106937,urban,41+,13,1287.12,21,13,0.526,0
SYN_121453,urban,18-25,12,315.38,55,15,0.179,0
SYN_115880,urban,26-40,12,85.05,54,15,0.171,2
SYN_106419,rural,41+,10,377.22,34,21,0.36,0
SYN_123284,urban,26-40,15,417.45,20,23,0.488,3
SYN_125396,urban,18-25,18,232.35,9,34,0.322,1
SYN_104470,rural,26-40,6,148.79,34,3,0.469,0
SYN_106809,rural,41+,7,764.64,24,45,0.639,3
SYN_101343,urban,18-25,15,81.48,6,38,0.145,1
SYN_104775,urban,41+,14,110.71,3,31,0.205,0
SYN_110820,rural,26-40,11,180.26,5,13,0.369,0
SYN_106471,rural,18-25,9,849.19,15,29,0.853,1
SYN_101832,urban,26-40,14,427.84,8,21,0.518,3
SYN_123211,rural,41+,10,708.06,49,35,0.738,3
SYN_117219,urban,26-40,17,328.89,6,17,0.461,2
SYN_126899,rural,41+,6,194.78,9,14,0.525,0
SYN_105068,urban,18-25,10,84.38,39,14,0.29,0
SYN_103034,rural,18-25,7,841.44,7,25,0.499,0
SYN_117899,urban,18-25,3,92.22,4,41,0.449,2
SYN_109670,urban,26-40,17,445.52,3,6,0.212,2
SYN_118618,urban,26-40,15,1021.06,19,13,0.282,2
SYN_102754,rural,18-25,8,999.84,6,11,0.728,4
SYN_127976,urban,26-40,11,909.37,6,47,0.555,3
SYN_115919,rural,26-40,7,557.75,14,36,0.321,0
SYN_106571,urban,26-40,11,94.98,12,36,0.469,4
SYN_103767,urban,26-40,14,1089.64,10,7,0.368,3
SYN_118626,urban,26-40,5,123.36,17,29,0.079,3
SYN_106781,urban,41+,13,1026.55,22,17,0.088,3
SYN_116908,urban,41+,10,107.69,4,27,0.61,2
SYN_111765,urban,26-40,13,699.74,4,34,0.181,0
SYN_105817,urban,41+,12,237.26,60,12,0.179,1
SYN_113127,rural,41+,9,147.56,19,23,0.54,1
SYN_112023,urban,41+,23,1167.48,3,15,0.409,0
SYN_100988,urban,26-40,12,585.36,13,28,0.782,1
SYN_128963,rural,41+,8,136.18,13,25,0.722,0
SYN_124283,urban,26-40,12,648.56,8,17,0.234,3
SYN_122902,urban,18-25,13,62.29,38,29,0.328,0
SYN_128092,urban,26-40,9,256.5,32,14,0.463,0
SYN_108008,rural,18-25,12,723.14,12,8,0.531,3
SYN_115571,rural,18-25,16,313.58,16,22,0.986,2
SYN_128038,rural,26-40,13,625.5,35,3,0.693,1
SYN_103017,urban,26-40,10,664.11,28,7,0.647,2
SYN_128331,urban,41+,19,1489.46,15,34,0.292,0
SYN_122095,urban,41+,10,234.64,4,6,0.571,3
SYN_128049,rural,18-25,4,414.86,20,26,0.363,1
SYN_105299,urban,41+,9,861.62,5,5,0.081,3
SYN_127814,urban,26-40,10,740.12,13,10,0.723,1
SYN_112117,rural,26-40,4,385.4,4,20,0.501,1
SYN_127922,rural,18-25,14,303.43,10,24,0.394,3
SYN_126113,rural,26-40,7,298.61,15,9,0.552,3
SYN_127801,rural,41+,2,1014.59,16,46,0.442,1
SYN_104514,urban,26-40,17,526.86,32,30,0.235,2
SYN_126016,urban,26-40,13,395.17,23,2,0.387,2
SYN_123629,urban,26-40,17,707.26,29,1,0.088,2
SYN_112722,urban,26-40,11,217.66,18,25,0.522,2
SYN_120497,rural,26-40,9,617.83,1,22,0.442,0
SYN_101307,rural,18-25,7,583.49,16,5,0.7,2
SYN_108190,rural,18-25,9,279.34,13,12,0.97,2
SYN_107094,rural,18-25,5,1116.19,28,20,0.566,0
SYN_121988,urban,26-40,14,346.67,3,20,0.135,1
SYN_119655,rural,18-25,10,253.68,13,7,0.983,1
SYN_122782,rural,18-25,10,204.65,43,46,0.735,1
SYN_116593,urban,18-25,15,126.16,15,6,0.139,1
SYN_109258,urban,26-40,15,141.54,24,6,0.165,2
SYN_114288,urban,18-25,19,306.23,31,39,0.524,1
SYN_127282,urban,41+,14,126.9,2,3,0.793,3
SYN_105703,rural,18-25,12,544.59,1,22,0.891,1
SYN_103002,urban,26-40,10,101.66,3,36,0.537,0
SYN_106416,urban,26-40,13,1633.84,22,16,0.139,0
SYN_126095,urban,41+,9,1780.51,8,5,0.094,3
SYN_122175,urban,26-40,17,335.18,6,5,0.244,0
SYN_100436,urban,41+,14,938.73,10,17,0.455,2
SYN_115388,rural,26-40,9,387.41,16,34,0.366,1
SYN_102088,rural,26-40,6,87.37,22,25,0.4,2
SYN_125994,urban,26-40,10,98.1,2,45,0.167,0
SYN_119343,rural,41+,5,166.34,39,2,0.556,2
SYN_115857,urban,41+,8,1387.59,4,14,0.123,1
SYN_123337,urban,41+,11,119.76,24,37,0.161,4
SYN_113745,rural,18-25,5,329.11,13,42,0.907,1
SYN_119838,urban,26-40,12,333.64,14,37,0.271,0
SYN_116298,urban,18-25,12,676.92,16,33,0.54,1
SYN_111491,urban,26-40,22,88.25,4,27,0.292,1
SYN_120042,rural,18-25,9,653.17,9,10,0.787,0
SYN_104481,rural,26-40,7,766.52,56,4,0.693,1
SYN_109265,rural,26-40,7,56.86,22,23,0.897,3
SYN_108313,urban,18-25,10,606.2,6,10,0.569,2
SYN_106767,urban,41+,17,196.95,2,31,0.258,1
SYN_129208,rural,26-40,8,477.4,1,24,0.675,2
SYN_113508,urban,18-25,7,391.03,18,7,0.455,1
SYN_127155,rural,41+,14,77.04,3,43,0.795,0
SYN_112307,rural,41+,10,127.02,30,45,0.46,3
SYN_109074,rural,26-40,10,261.87,9,9,0.434,1
SYN_126727,urban,41+,13,539.62,1,22,0.613,0
SYN_126577,rural,41+,6,112.28,7,11,0.6,1
SYN_126074,rural,18-25,12,242.96,8,3,0.465,0
SYN_111416,rural,26-40,15,880.72,60,11,0.866,1
SYN_120302,urban,26-40,20,234.62,51,19,0.632,0
SYN_109736,urban,41+,14,125.31,22,19,0.052,1
SYN_121702,urban,26-40,16,470.83,6,27,0.172,1
SYN_116929,urban,18-25,12,352.25,10,27,0.629,2
SYN_115617,urban,26-40,14,832.96,13,21,0.479,3
SYN_112590,rural,18-25,9,1025.72,16,35,0.599,1
SYN_120339,urban,18-25,11,1979.98,12,41,0.084,2
SYN_114195,rural,18-25,4,80.6,2,24,0.329,2
SYN_123894,rural,41+,8,415.87,5,37,0.506,0
SYN_102539,urban,41+,15,104.22,10,12,0.163,0
SYN_128525,rural,41+,7,968.06,5,27,0.413,2
SYN_123274,urban,18-25,14,96.41,60,23,0.748,0
SYN_123009,rural,26-40,8,661.27,20,35,0.953,1
SYN_104660,rural,26-40,7,466.68,3,23,0.186,0
SYN_119128,urban,26-40,16,365.8,35,9,0.277,2
SYN_105425,rural,41+,10,221.79,18,12,0.375,3
SYN_115883,rural,18-25,10,507.76,7,47,0.167,1
SYN_128784,urban,26-40,16,91.28,9,45,0.474,2
SYN_119277,urban,41+,5,1461.6,6,42,0.133,0
SYN_116503,rural,18-25,8,674.53,2,6,0.53,1
SYN_123952,urban,26-40,15,337.33,11,28,0.546,3
SYN_109941,urban,41+,14,535.73,42,15,0.47,2
SYN_100007,rural,26-40,10,355.97,19,40,0.29,2
SYN_108115,rural,18-25,7,742.78,12,33,0.614,1
SYN_102393,urban,26-40,17,376.49,3,10,0.11,1
SYN_128826,rural,26-40,4,351.26,21,4,0.704,0
SYN_119400,rural,26-40,14,666.16,9,38,0.266,0
SYN_120051,rural,18-25,7,306.83,3,14,0.412,1
SYN_110075,rural,26-40,7,388.17,18,39,0.321,0
SYN_128891,urban,41+,20,300.33,3,30,0.235,1
SYN_110915,rural,18-25,5,290.51,14,47,0.391,0
SYN_100948,rural,41+,9,731.98,9,19,0.663,1
SYN_114590,rural,18-25,7,546.64,2,31,0.739,1
SYN_126228,urban,26-40,20,907.96,2,34,0.248,0
SYN_107043,urban,26-40,10,841.78,1,6,0.266,0
SYN_117750,urban,26-40,19,231.03,22,34,0.411,1
SYN_109224,urban,26-40,22,290.13,5,19,0.254,0
SYN_111074,rural,41+,11,96.13,29,13,0.284,1
SYN_123801,urban,26-40,12,128.44,8,5,0.219,0
SYN_109257,rural,41+,15,487.42,10,5,0.547,1
SYN_117501,rural,26-40,2,700.11,52,18,0.534,1
SYN_127912,rural,41+,5,65.93,10,16,0.488,3
SYN_103884,rural,26-40,9,134.78,14,8,0.329,2
SYN_107616,urban,26-40,14,1095.88,57,37,0.239,1
SYN_129837,urban,26-40,9,199.92,29,12,0.273,0
SYN_113027,urban,26-40,20,364.67,27,10,0.452,2
SYN_116727,urban,18-25,15,364.79,6,16,0.125,0
SYN_101774,rural,18-25,12,322.95,16,1,0.597,3
SYN_115948,urban,26-40,9,369.32,1,20,0.477,1
SYN_103764,urban,41+,11,287.99,5,24,0.234,3
SYN_128867,urban,26-40,18,397.3,4,35,0.546,2
SYN_103423,urban,41+,10,53.26,46,24,0.05,0
SYN_128643,rural,26-40,11,758.71,7,28,0.69,3
SYN_116965,rural,41+,7,512.48,7,13,0.405,1
SYN_110380,rural,26-40,7,115.38,2,18,0.872,1
SYN_109377,urban,41+,15,754.73,57,15,0.52,0
SYN_109889,rural,18-25,9,57.9,12,27,0.784,0
SYN_122776,rural,26-40,13,59.47,7,40,0.318,4
SYN_115791,rural,18-25,6,1187.12,12,7,0.256,3
SYN_120539,urban,26-40,18,60.02,5,37,0.258,1
SYN_127424,urban,18-25,16,392.7,4,7,0.376,3
SYN_120567,urban,18-25,17,153.32,17,23,0.405,1
SYN_120951,rural,26-40,9,160.71,19,10,0.202,1
SYN_101732,rural,18-25,9,1777.05,3,8,0.785,2
SYN_114158,rural,41+,9,1009.03,27,13,0.467,0
SYN_126079,urban,26-40,14,819.81,10,15,0.808,0
SYN_108226,rural,26-40,10,193.05,20,37,0.799,0
SYN_108757,urban,41+,13,208.48,26,14,0.548,0
SYN_103782,rural,18-25,8,254.38,6,35,0.29,2
SYN_104466,urban,18-25,18,302.49,37,38,0.406,0
SYN_107564,urban,26-40,13,871.61,16,31,0.018,0
SYN_129095,urban,18-25,15,964.85,3,36,0.517,0
SYN_120320,urban,26-40,12,170.13,7,12,0.252,2
SYN_108224,urban,26-40,16,463.33,13,24,0.192,1
SYN_116385,urban,18-25,6,177.4,29,42,0.366,1
SYN_129145,rural,26-40,6,305.82,17,10,0.663,2
SYN_100947,rural,18-25,9,419.53,5,30,0.777,1
SYN_113870,urban,26-40,12,411.81,12,13,0.784,1
SYN_128636,rural,18-25,6,80.4,11,22,0.562,1
SYN_129049,rural,41+,6,905.85,20,4,0.615,1
SYN_106020,rural,26-40,8,600.45,7,8,0.359,0
SYN_111255,urban,41+,14,348.17,28,27,0.658,4
SYN_100235,rural,18-25,14,113.37,26,24,0.193,1
SYN_128685,urban,26-40,9,89.75,21,1,0.507,0
SYN_125762,urban,26-40,9,929.77,2,14,0.606,2
SYN_121154,urban,26-40,17,228.15,4,20,0.417,0
SYN_110970,urban,26-40,16,232.93,23,1,0.762,1
SYN_120606,urban,26-40,18,503.03,4,34,0.434,2
SYN_113973,urban,18-25,11,148.79,18,8,0.589,4
SYN_114588,rural,41+,11,1110.4,10,39,0.297,1
SYN_115385,urban,26-40,10,180.93,60,32,0.589,2
SYN_116697,urban,41+,11,119.07,1,37,0.263,0
SYN_107334,urban,18-25,10,482.45,16,7,0.309,2
SYN_119818,rural,26-40,8,259.13,9,13,0.443,1
SYN_114912,rural,41+,11,705.42,6,1,1.0,1
SYN_112446,rural,18-25,7,307.41,29,26,0.237,2
SYN_129755,urban,26-40,21,252.22,1,1,0.361,2
SYN_104598,urban,18-25,18,757.71,7,31,0.384,1
SYN_122329,urban,41+,6,1457.1,9,30,0.329,2
SYN_126970,rural,41+,5,724.68,27,43,0.736,2
SYN_129629,rural,41+,16,375.38,24,13,0.306,1
SYN_102960,rural,18-25,8,146.08,6,11,0.46,0
SYN_106306,rural,41+,12,301.88,3,39,0.674,0
SYN_125605,urban,26-40,9,224.09,10,22,0.612,1
SYN_106291,rural,26-40,7,652.19,35,28,0.286,2
SYN_103207,urban,18-25,11,105.86,22,46,0.495,0
SYN_120640,rural,26-40,7,912.99,6,28,0.711,2
SYN_122977,urban,26-40,20,193.0,17,12,0.194,0
SYN_108485,rural,18-25,6,113.74,4,20,0.543,3
SYN_102251,rural,26-40,9,787.65,10,32,0.977,1
SYN_113355,urban,26-40,12,70.85,20,21,0.126,3
SYN_105946,urban,18-25,15,1084.91,2,31,0.428,4
SYN_104414,urban,41+,12,311.96,31,26,0.107,1
SYN_108084,urban,26-40,13,1395.2,2,6,0.295,0
SYN_128615,rural,41+,4,1438.14,6,42,0.824,2
SYN_120734,urban,41+,12,497.1,35,17,0.488,0
SYN_123982,urban,41+,14,235.25,10,39,0.478,1
SYN_118120,rural,26-40,6,640.43,41,4,0.355,1
SYN_114217,rural,41+,7,708.83,10,11,0.389,4
SYN_110365,urban,18-25,11,50.74,60,36,0.193,2
SYN_119775,urban,18-25,14,94.29,2,26,0.181,0
SYN_126233,rural,26-40,11,802.28,60,9,0.647,0
SYN_101982,rural,26-40,7,540.59,7,40,0.803,2
SYN_117484,rural,41+,6,485.59,10,42,0.468,2
SYN_129137,rural,18-25,5,1194.74,8,4,0.36,2
SYN_102419,rural,41+,6,578.73,46,35,0.631,1
SYN_105915,urban,26-40,11,72.53,9,32,0.246,0
SYN_113929,urban,41+,15,268.07,29,5,0.398,1
SYN_104341,urban,26-40,13,76.52,4,45,0.522,1
SYN_111115,urban,18-25,10,84.38,25,10,0.095,1
SYN_107387,urban,26-40,16,559.31,25,36,0.385,0
SYN_120364,urban,26-40,15,499.48,3,27,0.399,2
SYN_102833,rural,26-40,6,442.45,24,30,0.935,2
SYN_122960,urban,18-25,12,170.73,13,42,0.601,1
SYN_101301,urban,18-25,10,54.08,55,38,0.283,1
SYN_115970,urban,26-40,5,194.25,5,23,0.463,0
SYN_106627,urban,26-40,16,227.0,21,19,0.825,0
SYN_117067,urban,26-40,16,1822.66,8,4,0.631,1
SYN_103222,rural,18-25,5,155.02,5,17,0.631,0
SYN_102875,urban,18-25,13,1795.91,2,14,0.297,2
SYN_102158,urban,41+,9,63.75,4,6,0.098,1
SYN_117164,rural,26-40,7,437.12,3,22,1.0,0
SYN_119304,rural,26-40,6,391.17,7,6,0.647,0
SYN_126450,urban,18-25,15,414.75,9,14,0.492,0
SYN_127258,rural,18-25,18,723.35,1,13,0.607,2
SYN_119205,rural,41+,8,405.16,9,18,0.244,0
SYN_120554,urban,18-25,10,149.89,2,40,0.576,1
SYN_112390,urban,26-40,13,223.81,19,28,0.14,4
SYN_126339,urban,18-25,10,997.47,16,41,0.859,1
SYN_123518,urban,26-40,11,975.13,12,36,0.444,0
SYN_120055,urban,26-40,11,289.44,31,36,0.511,1
SYN_104208,urban,26-40,9,185.64,19,31,0.114,0
SYN_106499,urban,26-40,18,149.62,50,1,0.453,1
SYN_121440,urban,26-40,12,281.37,22,38,0.07,0
SYN_112197,urban,18-25,10,1696.84,36,6,0.154,1
SYN_119459,urban,41+,10,305.43,1,7,0.229,4
SYN_104695,rural,26-40,10,206.87,3,12,0.452,0
SYN_102482,urban,41+,12,343.99,19,8,0.656,2
SYN_117110,urban,26-40,16,297.55,1,10,0.459,1
SYN_102809,urban,26-40,16,305.84,29,33,0.156,0
SYN_107682,urban,26-40,15,308.07,32,17,0.089,2
SYN_125082,urban,18-25,11,230.55,10,47,0.492,2
SYN_109270,urban,26-40,12,425.37,5,14,0.352,0
SYN_124188,rural,26-40,8,180.66,2,31,0.632,1
SYN_108832,urban,26-40,18,1524.93,22,28,0.431,3
SYN_101274,urban,26-40,6,177.82,1,28,0.445,1
SYN_107515,urban,26-40,10,72.32,11,35,0.187,1
SYN_106860,urban,18-25,19,272.01,12,42,0.163,0
SYN_114469,rural,26-40,12,517.47,14,36,0.497,1
SYN_108155,rural,18-25,5,586.95,24,40,0.815,0
SYN_100556,urban,18-25,12,368.62,30,5,0.269,2
SYN_113176,urban,18-25,17,602.38,60,41,0.174,1
SYN_115309,urban,41+,16,946.38,23,21,0.236,1
SYN_119740,urban,26-40,13,334.7,41,10,0.505,1
SYN_124969,urban,41+,19,282.94,1,15,0.348,2
SYN_116577,urban,18-25,14,605.17,34,21,0.188,1
SYN_113193,urban,26-40,11,261.3,49,36,0.424,3
SYN_125795,rural,26-40,3,2021.21,20,25,0.612,1
SYN_117427,urban,18-25,17,389.84,5,24,0.451,0
SYN_124785,rural,41+,9,232.36,5,1,0.388,3
SYN_109629,rural,26-40,14,265.04,31,28,0.858,3
SYN_127352,urban,26-40,16,400.68,60,32,0.28,3
SYN_120604,urban,18-25,20,262.94,2,9,0.261,0
SYN_117499,urban,41+,13,143.56,13,10,0.243,1
SYN_125259,urban,26-40,9,453.94,5,22,0.343,0
SYN_120040,rural,26-40,9,220.66,51,29,0.418,2
SYN_111167,rural,26-40,11,363.62,32,45,0.672,2
SYN_122267,urban,26-40,9,444.18,39,47,0.309,0
SYN_106267,rural,26-40,11,887.67,43,28,0.465,3
SYN_109345,urban,18-25,13,433.39,21,22,0.645,1
SYN_112200,rural,18-25,6,123.82,18,24,0.53,1
SYN_103557,rural,26-40,11,146.83,4,14,0.264,1
SYN_118141,urban,18-25,16,2150.32,22,11,0.658,0
SYN_113036,rural,18-25,7,267.67,7,40,0.484,0
SYN_108540,urban,41+,14,561.56,13,2,0.246,3
SYN_109283,urban,26-40,19,753.42,3,9,0.43,2
SYN_120144,urban,41+,16,124.74,17,1,0.532,1
SYN_115608,urban,26-40,12,636.28,1,33,0.425,1
SYN_129829,rural,41+,3,149.68,29,29,0.609,1
SYN_112879,urban,26-40,10,866.79,6,25,0.293,0
SYN_109991,urban,26-40,13,1131.57,20,9,0.059,2
SYN_114870,urban,41+,18,942.49,2,32,0.365,1
SYN_123796,urban,41+,14,208.04,13,1,0.268,0
SYN_116133,urban,26-40,21,75.4,2,30,0.254,3
SYN_125714,rural,18-25,10,252.77,2,23,0.572,3
SYN_118728,urban,41+,13,552.95,9,16,0.39,0
SYN_119248,rural,26-40,12,171.06,10,34,0.398,1
SYN_117054,urban,18-25,8,141.04,11,16,0.551,0
SYN_112455,rural,18-25,9,1004.05,13,42,0.475,2
SYN_102334,urban,41+,16,210.98,21,23,0.179,2
SYN_105587,urban,26-40,18,561.51,1,28,0.782,3
SYN_101704,urban,26-40,14,502.59,3,21,0.068,1
SYN_122146,rural,18-25,9,123.18,5,39,0.468,1
SYN_100958,urban,26-40,12,153.72,2,12,0.299,1
SYN_122288,urban,26-40,18,300.76,5,14,0.077,0
SYN_105589,rural,41+,7,631.05,13,28,0.464,1
SYN_127581,rural,41+,11,95.23,7,41,0.792,2
SYN_118196,urban,18-25,11,281.88,10,31,0.155,1
SYN_118395,rural,41+,9,529.08,6,18,0.524,0
SYN_119353,urban,18-25,11,785.76,4,23,0.476,2
SYN_129621,urban,18-25,8,818.19,7,28,0.499,1
SYN_123438,urban,18-25,16,379.18,6,13,0.197,1
SYN_113419,urban,26-40,16,118.35,7,21,0.17,2
SYN_117980,rural,26-40,15,183.22,48,25,0.449,2
SYN_106004,urban,26-40,13,2070.27,3,24,0.476,0
SYN_103149,urban,18-25,13,124.07,12,39,0.137,1
SYN_119890,urban,18-25,19,1473.96,48,13,0.205,0
SYN_124915,urban,41+,18,516.58,17,13,0.322,1
SYN_124048,urban,18-25,15,488.98,19,9,0.259,0
SYN_101677,urban,26-40,19,919.87,7,41,0.128,1
SYN_110200,rural,18-25,8,566.4,31,33,0.738,2
SYN_120877,rural,41+,13,181.97,2,12,0.606,1
SYN_113779,urban,26-40,18,1044.02,17,40,0.792,3
SYN_107221,urban,26-40,21,250.29,21,46,0.343,2
SYN_122102,rural,26-40,10,59.4,9,16,0.85,2
SYN_112568,rural,18-25,7,93.21,6,41,0.664,1
SYN_127129,urban,26-40,14,470.43,10,18,0.174,2
SYN_128164,urban,18-25,11,429.0,20,3,0.132,1
SYN_111557,rural,18-25,10,440.1,1,32,0.521,1
SYN_111486,rural,18-25,11,62.09,34,41,0.79,1
SYN_101376,rural,41+,10,557.97,24,40,0.928,1
SYN_108367,rural,41+,9,167.95,12,14,0.565,2
SYN_127625,rural,18-25,14,148.61,17,10,0.402,0
SYN_118857,rural,26-40,11,743.3,2,1,0.681,1
SYN_113509,rural,18-25,12,66.34,43,29,0.743,2
SYN_127967,urban,18-25,17,66.48,13,19,0.48,0
SYN_112060,urban,41+,14,1248.61,20,30,0.351,2
SYN_111424,urban,26-40,13,355.06,15,8,0.297,1
SYN_118968,urban,41+,16,1666.56,11,23,0.4,0
SYN_119518,rural,26-40,14,1279.99,2,22,0.525,3
SYN_111607,urban,41+,15,904.04,26,23,0.213,3
SYN_123759,rural,18-25,9,153.15,9,20,0.724,0
SYN_116391,rural,41+,7,2819.04,3,1,0.34,0
SYN_123787,rural,18-25,13,1233.77,24,47,0.58,4
SYN_124567,rural,18-25,7,172.93,1,2,0.448,2
SYN_121109,urban,26-40,13,101.55,13,13,0.422,2
SYN_104165,urban,26-40,11,795.69,9,36,0.329,1
SYN_117858,urban,18-25,16,908.54,6,16,0.455,3
SYN_120597,urban,18-25,12,811.81,2,32,0.653,5
SYN_124618,urban,18-25,13,123.08,8,39,0.256,0
SYN_112522,rural,41+,12,357.08,1,4,0.578,2
SYN_108293,urban,26-40,5,246.27,60,23,0.643,2
SYN_100128,urban,26-40,15,101.35,22,1,0.34,1
SYN_100701,urban,26-40,12,1110.44,3,46,0.73,4
SYN_129234,urban,26-40,13,349.8,5,2,0.347,1
SYN_124095,rural,18-25,15,149.12,29,47,0.45,1
SYN_110572,urban,41+,12,284.23,51,40,0.481,2
SYN_121976,urban,41+,14,328.91,2,3,0.028,3
SYN_106668,urban,26-40,20,2794.85,17,27,0.732,2
SYN_119390,urban,18-25,20,131.45,50,18,0.08,0
SYN_115914,rural,41+,12,125.13,60,31,0.663,0
SYN_113214,rural,41+,11,1291.57,3,14,0.242,1
SYN_126559,rural,18-25,8,164.31,1,32,0.88,3
SYN_105572,urban,41+,9,729.27,26,25,0.796,1
SYN_111259,urban,26-40,17,407.65,10,10,0.059,1
SYN_113465,urban,26-40,12,1105.24,22,26,0.404,0
SYN_101912,rural,26-40,7,145.1,35,44,0.732,2
SYN_121452,rural,26-40,13,74.77,17,41,0.692,1
SYN_126279,urban,26-40,16,509.48,25,45,0.43,0
SYN_117365,urban,26-40,6,208.74,54,21,0.081,2
SYN_103428,rural,26-40,8,709.98,3,29,0.637,0
SYN_102917,rural,18-25,10,504.54,29,30,0.92,3
SYN_118014,urban,41+,13,192.29,18,9,0.333,3
SYN_103391,rural,26-40,13,375.29,9,25,0.599,1
SYN_100279,rural,26-40,17,216.68,4,1,0.569,1
SYN_106280,rural,18-25,11,455.09,24,13,0.43,1
SYN_105871,urban,26-40,15,90.0,12,2,0.362,2
SYN_120490,urban,41+,16,889.53,20,17,0.544,0
SYN_114344,urban,26-40,13,68.05,16,38,0.234,0
SYN_102538,urban,26-40,14,304.92,60,36,0.539,1
SYN_108932,urban,26-40,16,1952.97,17,46,0.314,2
SYN_128638,urban,26-40,18,240.25,5,31,0.149,3
SYN_104376,rural,26-40,10,131.35,3,20,0.22,0
SYN_115419,urban,26-40,13,96.71,5,23,0.301,0
SYN_116733,urban,41+,15,853.04,2,43,0.443,2
SYN_103627,rural,41+,10,754.28,4,22,0.884,1
SYN_101435,rural,26-40,10,477.06,3,47,0.401,1
SYN_121653,rural,26-40,12,181.38,5,21,0.362,3
SYN_106600,urban,18-25,10,567.78,27,26,0.65,1
SYN_107933,urban,18-25,11,504.7,48,25,0.195,3
SYN_108662,rural,18-25,7,279.27,8,11,0.251,1
SYN_125008,rural,26-40,7,248.43,2,14,0.585,1
SYN_107962,rural,18-25,9,405.07,13,17,0.563,2
SYN_112915,rural,26-40,7,278.63,1,11,0.867,0
SYN_103772,rural,41+,8,776.49,11,32,0.523,0
SYN_109746,rural,26-40,9,202.5,42,4,0.89,0
SYN_108476,rural,18-25,16,254.68,57,27,0.368,2
SYN_110465,rural,26-40,6,76.84,4,15,0.214,1
SYN_128609,rural,26-40,7,717.1,21,39,0.412,4
SYN_112010,rural,18-25,11,137.52,6,27,0.779,3
SYN_109890,urban,26-40,15,245.45,37,42,0.573,1
SYN_109812,rural,41+,7,190.71,44,31,0.231,1
SYN_114913,urban,41+,21,557.53,24,36,0.322,1
SYN_109492,rural,18-25,9,101.58,19,13,0.746,0
SYN_105169,urban,18-25,10,392.96,9,16,0.319,3
SYN_126270,urban,26-40,21,371.06,49,27,0.19,5
SYN_129555,urban,41+,13,107.97,24,3,0.606,1
SYN_123686,rural,26-40,7,104.24,1,33,0.374,0
SYN_124771,urban,18-25,15,84.36,19,41,0.579,1
SYN_126316,rural,41+,9,1538.21,22,37,0.232,0
SYN_120214,rural,26-40,10,1349.8,28,45,0.534,2
SYN_127192,rural,18-25,8,99.41,45,10,0.433,5
SYN_101239,urban,26-40,12,486.94,11,11,0.501,1
SYN_108464,rural,26-40,11,646.58,9,30,0.413,0
SYN_105622,rural,41+,7,1011.83,6,39,0.855,1
SYN_125613,rural,41+,5,261.98,3,26,0.829,1
SYN_115022,rural,18-25,6,184.59,8,47,0.617,2
SYN_120821,urban,26-40,16,1786.27,3,34,0.603,2
SYN_120322,rural,41+,11,1061.51,37,15,0.92,2
SYN_106421,urban,41+,14,58.46,27,41,0.197,2
SYN_113327,urban,41+,13,1338.97,33,14,0.205,1
SYN_101525,urban,26-40,22,799.0,8,10,0.117,0
SYN_118251,urban,41+,12,823.49,11,30,0.421,3
SYN_123101,rural,18-25,11,810.76,1,45,0.6,3
SYN_120126,urban,41+,11,607.03,21,26,0.447,1
SYN_122316,rural,18-25,13,312.48,20,23,0.563,3
SYN_120412,urban,26-40,11,362.96,22,20,0.851,2
SYN_108237,urban,18-25,14,828.55,7,34,0.67,1
SYN_124256,urban,26-40,11,149.93,29,3,0.574,0
SYN_109911,rural,26-40,16,1421.36,9,41,0.842,1
SYN_113424,urban,41+,15,180.53,12,6,0.741,3
SYN_122708,urban,18-25,16,255.38,4,20,0.332,1
SYN_108423,rural,41+,6,85.75,8,19,0.702,0
SYN_109517,urban,41+,13,666.3,47,32,0.299,0
SYN_105990,urban,18-25,14,276.22,44,41,0.597,0
SYN_122527,urban,26-40,15,431.02,21,34,0.135,1
SYN_126666,urban,26-40,7,1057.13,1,37,0.583,1
SYN_112763,rural,26-40,8,513.33,11,10,0.501,1
SYN_114302,rural,41+,11,82.04,17,2,0.908,1
SYN_129231,rural,18-25,10,244.7,4,10,0.514,2
SYN_122995,urban,18-25,21,606.28,5,40,0.615,0
SYN_121279,rural,41+,8,546.23,3,30,0.532,3
SYN_106555,urban,18-25,5,1691.62,18,38,0.08,2
SYN_123321,urban,26-40,11,117.6,18,46,0.359,1
SYN_123775,urban,18-25,15,369.91,27,36,0.562,0
SYN_129402,rural,26-40,10,141.4,35,3,0.461,2
SYN_103232,urban,41+,14,642.5,12,37,0.371,0
SYN_117565,urban,41+,16,429.38,13,32,0.619,5
SYN_107563,urban,41+,14,167.58,17,18,0.479,1
SYN_106223,urban,41+,20,112.91,60,31,0.371,1
SYN_106774,urban,18-25,7,71.24,40,15,0.568,1
SYN_112227,urban,26-40,14,473.33,2,23,0.71,1
SYN_124028,urban,26-40,13,950.17,3,32,0.353,0
SYN_113746,rural,26-40,10,130.87,22,44,0.27,0
SYN_122489,rural,18-25,5,90.46,1,1,0.742,2
SYN_116642,urban,18-25,9,118.14,3,45,0.323,3
SYN_116602,urban,41+,13,232.7,7,5,0.029,1
SYN_107440,rural,26-40,11,373.81,51,42,0.304,1
SYN_121860,rural,41+,10,597.46,60,3,0.914,2
SYN_106135,urban,26-40,17,232.2,6,23,0.463,1
SYN_115940,urban,18-25,13,288.8,15,10,0.456,0
SYN_110767,urban,26-40,13,716.44,9,8,0.55,0
SYN_115397,urban,18-25,20,324.59,14,39,0.202,2
SYN_128850,urban,41+,8,90.46,21,9,0.336,1
SYN_118801,urban,18-25,20,95.81,40,24,0.284,3
SYN_101309,rural,41+,4,172.51,34,1,0.54,2
SYN_121345,urban,18-25,22,461.78,12,41,0.455,2
SYN_100226,urban,26-40,13,1235.77,12,42,0.458,0
SYN_129894,urban,41+,14,817.33,8,15,0.614,1
SYN_122050,rural,18-25,13,275.0,27,5,0.527,2
SYN_127110,rural,41+,15,405.04,8,27,0.475,3
SYN_126235,urban,41+,12,842.79,7,45,0.453,0
SYN_127541,urban,41+,17,1243.14,4,11,0.582,4
SYN_110186,urban,41+,16,371.36,11,47,0.166,3
SYN_125498,urban,41+,22,331.68,35,15,0.606,1
SYN_123575,rural,26-40,7,110.53,59,35,0.342,1
SYN_125651,rural,41+,8,185.53,1,18,0.343,4
SYN_114083,urban,41+,7,618.47,4,18,0.64,0
SYN_102772,rural,26-40,6,757.98,49,30,0.627,1
SYN_108557,rural,41+,8,99.74,7,35,0.868,0
SYN_127272,urban,26-40,11,294.75,14,38,0.357,2
SYN_106301,urban,26-40,16,272.13,12,19,0.217,2
SYN_108550,rural,26-40,8,1321.35,40,31,0.297,2
SYN_105710,rural,41+,15,712.49,14,19,0.447,3
SYN_103008,urban,18-25,16,860.49,6,33,0.151,1
SYN_128917,urban,18-25,10,243.04,60,14,0.396,1
SYN_102633,rural,26-40,10,266.5,1,47,0.7,0
SYN_104601,rural,41+,8,111.6,34,25,0.543,2
SYN_119195,urban,26-40,15,1170.62,5,6,0.793,1
SYN_118281,urban,26-40,17,192.61,33,6,0.618,2
SYN_100277,urban,26-40,19,779.43,7,23,0.168,3
SYN_100980,rural,18-25,18,328.65,3,2,0.389,0
SYN_101941,urban,26-40,14,199.76,29,44,0.377,2
SYN_124466,urban,26-40,11,483.51,5,24,0.437,0
SYN_111449,urban,26-40,15,203.58,5,9,0.322,3
SYN_123746,urban,26-40,15,2299.83,21,22,0.277,1
SYN_119411,urban,26-40,14,265.01,2,2,0.612,2
SYN_111431,urban,41+,14,251.55,10,29,0.22,1
SYN_123320,urban,41+,19,792.83,23,29,0.096,2
SYN_113136,urban,41+,19,691.46,8,12,0.405,0
SYN_101943,urban,18-25,24,213.99,8,14,0.224,1
SYN_123503,urban,41+,17,136.8,57,36,0.322,1
SYN_126193,urban,26-40,14,259.62,33,35,0.82,1
SYN_104215,urban,18-25,15,373.23,19,27,0.476,1
SYN_103502,urban,26-40,12,421.88,42,2,0.158,1
SYN_121505,urban,26-40,10,2169.92,27,26,0.164,0
SYN_119215,rural,41+,9,1602.12,17,13,0.245,2
SYN_102860,urban,41+,11,743.71,32,7,0.446,2
SYN_123607,urban,26-40,11,63.58,39,33,0.356,2
SYN_119167,urban,26-40,15,89.94,60,20,0.303,3
SYN_127550,urban,26-40,11,823.16,2,36,0.501,0
SYN_106590,urban,41+,17,1706.18,17,19,0.521,3
SYN_103995,urban,18-25,13,991.5,2,7,0.814,1
SYN_100461,urban,41+,22,761.22,23,30,0.468,1
SYN_120566,urban,18-25,10,956.63,5,38,0.081,1
SYN_102058,urban,26-40,14,382.12,5,6,0.14,2
SYN_108690,urban,18-25,14,1223.72,60,37,0.574,1
SYN_128022,urban,18-25,13,881.49,25,30,0.316,3
SYN_116042,urban,41+,17,542.36,29,40,0.115,1
SYN_126526,urban,26-40,28,363.16,24,33,0.816,1
SYN_111373,rural,41+,10,214.76,1,33,0.192,4
SYN_123243,rural,26-40,7,288.5,1,20,0.546,2
SYN_111928,rural,18-25,4,331.71,4,19,0.581,0
SYN_100676,rural,41+,5,445.27,28,16,0.475,2
SYN_124383,urban,26-40,6,530.35,23,47,0.285,5
SYN_121543,urban,41+,16,471.79,60,34,0.449,3
SYN_113742,rural,26-40,6,719.35,60,24,0.267,2
SYN_109803,rural,18-25,11,260.25,6,15,0.486,0
SYN_116757,urban,26-40,16,227.77,9,27,0.249,0
SYN_118545,rural,18-25,10,1224.41,10,20,0.171,2
SYN_102410,rural,41+,7,942.44,28,11,0.683,1
SYN_124287,rural,41+,6,99.27,21,14,0.477,2
SYN_127583,urban,41+,14,1111.97,15,41,0.939,1
SYN_116529,urban,18-25,8,1543.56,33,21,0.431,0
SYN_100031,rural,26-40,7,1241.17,4,41,0.343,3
SYN_114269,urban,26-40,11,562.42,7,28,0.575,1
SYN_108303,urban,18-25,14,68.5,14,41,0.385,0
SYN_117149,urban,26-40,19,293.5,23,37,0.684,3
SYN_114583,rural,26-40,11,1647.11,8,23,0.509,0
SYN_108504,rural,18-25,11,686.64,46,10,0.705,1
SYN_123246,rural,41+,11,1568.0,16,42,0.808,1
SYN_108298,urban,41+,15,289.14,1,43,0.31,0
SYN_124425,rural,26-40,15,241.88,2,30,0.493,4
SYN_100442,rural,18-25,14,290.75,4,28,0.855,1
SYN_122211,rural,41+,10,706.31,1,32,0.229,0
SYN_123332,rural,26-40,9,403.61,6,13,0.613,1
SYN_114019,rural,41+,8,339.42,1,16,0.707,2
SYN_104212,urban,26-40,11,734.96,5,7,0.184,1
SYN_120175,rural,26-40,11,215.15,12,3,0.518,0
SYN_107106,rural,18-25,6,198.66,3,24,0.406,0
SYN_124133,urban,26-40,14,1000.7,36,21,0.538,1
SYN_127133,urban,18-25,12,644.8,60,37,0.153,0
SYN_107410,rural,41+,10,252.37,4,7,0.594,1
SYN_124023,urban,26-40,17,227.19,29,37,0.23,2
SYN_121450,urban,41+,10,395.39,3,47,0.487,1
SYN_115141,rural,26-40,13,361.02,36,9,0.501,1
SYN_105256,rural,26-40,6,623.39,6,22,0.588,0
SYN_124016,rural,18-25,14,1496.82,26,20,0.228,0
SYN_108700,urban,26-40,17,965.51,21,17,0.794,1
SYN_120849,urban,18-25,17,197.54,27,43,0.326,0
SYN_113768,urban,26-40,14,867.41,60,9,0.186,3
SYN_120423,urban,26-40,12,227.28,1,11,0.525,0
SYN_102282,urban,26-40,14,396.54,1,11,0.483,2
SYN_115511,rural,18-25,12,82.41,35,40,0.525,2
SYN_102645,rural,41+,11,237.58,18,42,0.755,3
SYN_123531,rural,26-40,9,55.22,22,44,0.727,1
SYN_118700,urban,26-40,13,368.63,17,30,0.127,2
SYN_108480,urban,41+,13,932.32,14,47,0.265,1
SYN_122621,urban,18-25,17,1122.03,23,12,0.367,2
SYN_120925,rural,18-25,5,294.28,11,15,0.203,0
SYN_129655,rural,18-25,5,134.58,2,11,0.567,1
SYN_102150,rural,26-40,8,78.37,31,14,0.451,0
SYN_118472,rural,26-40,6,302.8,10,2,0.546,4
SYN_106618,urban,41+,8,1141.04,11,15,0.765,3
SYN_122017,urban,18-25,10,279.02,1,40,0.042,3
SYN_111804,rural,26-40,8,343.77,17,21,0.38,1
SYN_103790,urban,18-25,15,486.22,32,17,0.08,1
SYN_123571,rural,18-25,11,70.77,7,36,0.537,2
SYN_117252,rural,41+,8,655.73,8,13,0.636,2
SYN_104400,rural,18-25,12,216.31,13,36,0.383,2
SYN_120784,rural,26-40,10,102.89,21,14,0.503,2
SYN_112874,urban,26-40,12,272.99,13,5,0.509,1
SYN_100004,urban,18-25,12,366.81,16,43,0.532,3
SYN_100827,urban,41+,11,119.87,22,11,0.544,2
SYN_111058,rural,26-40,11,223.28,6,5,0.427,0
SYN_126120,rural,41+,7,737.83,32,7,0.458,1
SYN_105228,urban,41+,16,62.0,30,8,0.677,3
SYN_112818,urban,26-40,7,264.46,44,23,0.546,0
SYN_115212,rural,18-25,12,605.99,35,9,0.459,0
SYN_106795,urban,41+,13,137.6,7,18,0.112,2
SYN_106044,urban,41+,13,738.61,37,38,0.085,3
SYN_110545,rural,26-40,10,289.41,16,14,0.378,2
SYN_109779,rural,26-40,9,342.61,12,2,0.426,1
SYN_120773,rural,26-40,4,178.71,60,43,0.343,0
SYN_113306,rural,18-25,7,208.4,25,14,0.556,0
SYN_105701,urban,41+,14,1424.95,3,18,0.542,1
SYN_126065,urban,18-25,13,429.87,3,9,0.047,1
SYN_116772,rural,41+,8,58.44,9,16,0.729,0
SYN_128520,rural,18-25,8,454.28,24,16,0.217,0
SYN_122678,urban,18-25,14,387.56,32,8,0.267,0
SYN_104647,urban,26-40,12,537.42,6,12,0.299,2
SYN_121268,rural,41+,11,160.15,1,26,0.827,2
SYN_100806,rural,26-40,8,78.49,2,8,0.363,1
SYN_124520,urban,41+,11,320.29,37,30,0.427,1
SYN_128333,rural,26-40,9,1284.57,1,27,0.341,1
SYN_121475,urban,26-40,15,610.08,13,19,0.581,2
SYN_128311,rural,41+,14,112.19,43,5,0.534,0
SYN_104151,urban,18-25,17,138.32,13,30,0.473,5
SYN_129830,urban,26-40,19,347.63,14,43,0.343,0
SYN_111737,rural,41+,6,826.52,11,46,0.5,2
SYN_118013,urban,18-25,19,225.63,13,44,0.227,1
SYN_108629,rural,26-40,7,361.93,8,24,0.83,1
SYN_105097,rural,26-40,9,495.2,8,11,0.448,1
SYN_110910,rural,18-25,12,325.11,9,21,0.357,0
SYN_126698,urban,41+,18,1175.97,29,40,0.306,0
SYN_128935,urban,41+,15,119.41,34,35,0.567,1
SYN_102502,rural,41+,11,309.46,1,38,0.404,0
SYN_106697,urban,26-40,9,704.39,4,29,0.349,0
SYN_100868,urban,18-25,10,63.3,28,31,0.589,0
SYN_121413,urban,41+,21,585.94,60,38,0.271,0
SYN_126679,rural,41+,10,1308.27,18,47,0.763,1
SYN_103714,rural,26-40,4,193.52,28,25,0.223,2
SYN_105431,urban,26-40,12,852.2,3,40,0.472,0
SYN_111618,urban,26-40,12,129.64,60,47,0.725,2
SYN_119161,rural,41+,10,387.72,26,39,0.466,2
SYN_101295,urban,18-25,13,116.41,60,18,0.56,1
SYN_122029,urban,41+,9,400.99,21,12,0.514,2
SYN_120785,urban,41+,9,273.51,57,17,0.565,1
SYN_100997,urban,26-40,14,321.01,18,33,0.384,1
SYN_120421,urban,26-40,15,89.81,27,33,0.12,2
SYN_113549,urban,26-40,17,161.64,32,34,0.597,2
SYN_119116,rural,26-40,7,275.07,50,47,0.422,1
SYN_107843,urban,18-25,18,289.71,45,38,0.314,3
SYN_103133,urban,41+,12,409.02,10,20,0.249,0
SYN_123049,urban,18-25,8,287.06,23,32,0.288,0
SYN_106429,urban,18-25,15,896.57,16,17,0.479,1
SYN_102129,urban,26-40,9,151.31,49,21,0.176,2
SYN_115918,urban,26-40,10,305.25,55,32,0.509,2
SYN_125288,urban,18-25,11,312.54,1,38,0.456,0
SYN_103712,rural,26-40,11,262.33,16,5,0.517,2
SYN_125885,urban,26-40,17,397.94,16,7,0.006,0
SYN_101371,rural,26-40,7,719.03,39,35,0.729,0
SYN_104396,urban,26-40,14,210.46,35,8,0.277,0
SYN_124487,urban,26-40,11,163.69,32,28,0.252,2
SYN_126430,rural,18-25,13,784.24,1,42,0.304,1
SYN_117408,rural,26-40,3,99.52,54,32,0.716,1
SYN_114687,urban,18-25,10,81.5,2,46,0.329,1
SYN_120812,urban,18-25,10,63.15,32,45,0.311,1
SYN_122907,urban,26-40,23,537.44,23,44,0.487,5
SYN_128401,urban,18-25,9,1221.92,3,46,0.725,3
SYN_101557,urban,26-40,14,191.85,6,40,0.691,0
SYN_116362,rural,26-40,12,999.75,15,43,0.806,0
SYN_127771,urban,18-25,12,250.36,34,20,0.043,2
SYN_105605,urban,41+,19,264.42,2,44,0.051,0
SYN_106567,urban,26-40,14,805.44,14,26,0.297,0
SYN_129784,rural,26-40,5,378.44,15,43,0.468,2
SYN_118115,urban,18-25,15,302.0,44,14,0.52,1
SYN_120632,urban,18-25,22,691.07,7,17,0.694,1
SYN_107915,rural,41+,10,536.6,5,38,0.721,2
SYN_115691,urban,18-25,13,813.8,23,37,0.404,0
SYN_110255,urban,41+,8,457.64,8,26,0.39,1
SYN_103168,urban,26-40,19,1153.75,11,18,0.708,4
SYN_126765,rural,18-25,10,525.6,43,25,1.0,0
SYN_128221,urban,26-40,15,334.46,20,31,0.491,1
SYN_107239,rural,26-40,7,641.81,5,39,0.608,2
SYN_100488,urban,26-40,23,350.85,49,20,0.315,4
SYN_104631,urban,18-25,9,286.42,6,47,0.208,3
SYN_108163,urban,41+,15,70.75,15,7,0.317,3
SYN_123253,rural,26-40,16,57.48,7,7,0.352,3
SYN_120646,rural,26-40,4,292.84,25,21,0.782,0
SYN_111629,rural,18-25,9,98.87,16,11,0.79,2
SYN_100729,urban,26-40,12,451.76,34,1,0.268,1
SYN_100485,urban,26-40,8,1284.59,38,25,0.596,1
SYN_106833,rural,18-25,7,386.43,41,44,0.615,1
SYN_110475,urban,18-25,8,559.42,4,6,0.224,0
SYN_123685,urban,26-40,10,593.7,1,17,0.393,2
SYN_108994,urban,41+,10,109.43,16,41,0.553,1
SYN_127825,urban,18-25,17,519.12,2,38,0.518,1
SYN_104699,rural,18-25,12,300.76,4,20,0.783,1
SYN_102777,urban,26-40,12,868.93,20,9,0.46,1
SYN_115826,urban,41+,15,873.5,13,11,0.655,1
SYN_128593,rural,26-40,9,146.65,11,2,0.523,3
SYN_108076,urban,26-40,17,316.88,2,13,0.31,1
SYN_101115,urban,26-40,15,162.7,43,8,0.349,2
SYN_115193,urban,18-25,8,183.49,7,1,0.433,0
SYN_128447,urban,26-40,10,97.19,44,32,0.556,1
SYN_103160,rural,26-40,7,83.79,4,25,0.796,0
SYN_113740,urban,41+,14,365.78,57,33,0.317,0
SYN_112769,urban,41+,15,452.7,10,6,0.669,1
SYN_128006,rural,18-25,11,568.81,27,37,0.398,0
SYN_105719,urban,18-25,14,547.75,4,46,0.384,1
SYN_101547,rural,26-40,8,509.36,59,25,0.447,1
SYN_116666,rural,18-25,6,162.77,29,15,0.351,2
SYN_127452,urban,26-40,16,316.88,60,8,0.388,1
SYN_123485,urban,18-25,13,273.15,9,17,0.343,1
SYN_100330,rural,26-40,12,198.2,19,23,0.343,1
SYN_115002,urban,26-40,13,757.02,45,5,0.106,3
SYN_103085,urban,41+,11,1519.9,7,8,0.464,0
SYN_114793,rural,18-25,4,92.23,13,18,0.516,1
SYN_110474,urban,18-25,19,558.07,12,3,0.127,1
SYN_101504,rural,18-25,14,171.13,19,38,0.667,1
SYN_118569,urban,18-25,13,233.27,14,8,0.106,1
SYN_121719,urban,18-25,21,756.75,14,12,0.48,0
SYN_103830,urban,41+,11,287.23,3,5,0.377,2
SYN_113182,urban,26-40,13,235.16,21,32,0.384,1
SYN_110784,rural,26-40,4,218.27,33,18,0.695,0
SYN_110703,rural,18-25,11,54.36,11,10,0.302,2
SYN_104192,urban,26-40,16,449.89,30,16,0.077,1
SYN_103741,urban,18-25,12,156.44,10,40,0.76,1
SYN_120500,rural,18-25,12,158.7,18,8,0.38,0
SYN_109859,urban,41+,15,879.03,60,28,0.62,2
SYN_115121,urban,41+,12,468.67,32,40,0.456,1
SYN_115034,rural,41+,10,94.45,16,30,0.553,0
SYN_127787,urban,26-40,18,556.11,3,9,0.359,3
SYN_103330,rural,26-40,9,353.96,15,28,1.0,4
SYN_116944,rural,18-25,5,861.28,1,30,0.226,1
SYN_118852,rural,18-25,7,680.62,13,32,0.786,1
SYN_117046,urban,26-40,15,169.89,48,7,0.498,2
SYN_113582,rural,26-40,6,801.18,20,46,0.534,1
SYN_128470,urban,26-40,13,272.85,2,23,0.584,0
SYN_114639,rural,26-40,7,617.99,24,34,0.784,0
SYN_108160,urban,41+,14,591.53,8,9,0.173,0
SYN_106417,urban,26-40,16,540.32,60,10,0.455,3
SYN_120994,urban,26-40,15,553.53,12,43,0.29,1
SYN_104582,rural,18-25,9,814.84,3,32,0.768,3
SYN_112508,rural,18-25,9,491.18,2,11,0.786,1
SYN_114122,urban,26-40,6,434.57,10,25,0.444,3
SYN_123348,urban,18-25,16,94.09,9,30,0.112,2
SYN_126136,urban,18-25,11,117.6,3,14,0.515,2
SYN_126025,urban,18-25,14,622.27,60,10,0.218,3
SYN_129486,urban,26-40,11,519.21,4,23,0.315,1
SYN_111708,urban,18-25,12,584.0,57,33,0.074,2
SYN_115409,urban,26-40,19,72.3,20,13,0.846,0
SYN_108694,rural,41+,3,197.97,28,5,0.607,3
SYN_103366,rural,26-40,16,249.6,9,38,0.551,2
SYN_127680,urban,26-40,20,66.7,7,19,0.609,3
SYN_121035,urban,18-25,14,190.54,4,3,0.093,2
SYN_120799,urban,26-40,10,173.52,10,16,0.554,1
SYN_116089,urban,41+,22,207.43,1,19,0.403,3
SYN_121215,rural,26-40,9,282.83,20,34,0.719,1
SYN_122030,rural,41+,6,1521.27,1,16,0.474,1
SYN_114859,urban,26-40,14,757.06,48,41,0.636,3
SYN_115668,urban,18-25,9,80.24,23,35,0.357,1
SYN_106801,rural,18-25,6,72.79,13,4,0.86,1
SYN_114029,rural,26-40,10,181.49,12,5,0.469,1
SYN_115142,urban,41+,13,168.71,4,22,0.222,2
SYN_101653,urban,18-25,20,184.1,27,26,0.67,1
SYN_123645,urban,41+,20,284.4,9,20,0.204,1
SYN_110478,urban,18-25,13,85.96,4,24,0.449,2
SYN_123788,urban,26-40,12,868.4,6,34,0.119,3
SYN_125560,urban,26-40,12,656.06,1,26,0.404,0
SYN_117698,rural,26-40,8,71.29,16,13,0.494,0
SYN_101582,urban,18-25,16,654.33,2,24,0.555,2
SYN_109731,urban,26-40,13,53.37,18,13,0.385,1
SYN_108415,rural,26-40,10,327.07,34,11,0.906,2
SYN_108281,urban,18-25,13,620.0,12,35,0.228,2
SYN_110640,rural,41+,9,895.29,15,4,0.331,0
SYN_104953,rural,18-25,9,127.57,17,20,0.521,3
SYN_113068,urban,18-25,15,114.04,38,9,0.027,4
SYN_128179,rural,26-40,8,312.76,8,11,0.479,0
SYN_109951,rural,41+,7,54.96,9,46,1.0,2
SYN_125004,urban,41+,15,235.01,2,39,0.693,0
SYN_127695,rural,26-40,11,678.06,2,29,0.655,0
SYN_102398,urban,41+,5,389.42,8,21,0.684,2
SYN_114752,urban,18-25,13,163.57,16,7,0.148,2
SYN_102828,rural,26-40,7,84.15,2,25,0.848,0
SYN_113926,urban,18-25,6,71.83,15,2,0.219,1
SYN_124484,urban,41+,10,127.18,6,17,0.599,1
SYN_126705,rural,41+,11,666.68,12,28,0.87,2
SYN_125389,rural,41+,6,316.14,10,32,0.687,4
SYN_115058,rural,26-40,11,936.97,60,4,0.425,1
SYN_112216,urban,18-25,16,238.82,16,36,0.44,0
SYN_115779,urban,26-40,12,1180.99,2,33,0.575,0
SYN_105714,urban,18-25,20,660.93,11,21,0.132,0
SYN_109298,rural,41+,3,605.12,3,2,0.406,1
SYN_125205,urban,41+,16,185.33,8,34,0.234,1
SYN_111784,rural,26-40,8,112.24,4,15,0.493,2
SYN_101101,urban,18-25,11,278.66,4,44,0.502,1
SYN_126811,urban,41+,22,165.78,23,35,0.46,2
SYN_110046,rural,41+,10,329.93,1,40,0.683,1
SYN_105506,urban,18-25,16,791.38,46,39,0.121,0
SYN_121580,urban,18-25,11,572.08,8,11,0.578,1
SYN_124196,rural,18-25,15,484.75,12,29,0.533,1
SYN_101232,urban,26-40,11,445.5,17,5,0.228,1
SYN_108850,urban,26-40,21,707.24,39,41,0.371,1
SYN_121079,urban,41+,16,56.95,33,21,0.625,1
SYN_101516,urban,26-40,13,2028.38,11,44,0.104,0
SYN_116442,urban,18-25,13,224.18,6,7,0.378,4
SYN_107569,rural,18-25,8,601.1,3,28,0.411,0
SYN_125897,rural,41+,11,127.81,17,8,0.327,0
SYN_105739,urban,26-40,17,473.03,10,4,0.261,1
SYN_123737,urban,26-40,22,416.65,13,7,0.303,0
SYN_111545,rural,41+,5,321.08,20,16,0.438,2
SYN_119786,urban,26-40,15,82.75,7,15,0.296,0
SYN_109796,urban,41+,8,108.34,24,20,0.385,1
SYN_104373,urban,41+,16,505.16,5,36,0.391,0
SYN_123991,rural,26-40,14,532.1,15,6,0.88,3
SYN_115676,rural,26-40,3,1249.14,28,38,0.648,0
SYN_125315,urban,18-25,13,402.73,20,42,0.671,2
SYN_118118,urban,26-40,13,230.3,2,36,0.542,3
SYN_115516,urban,26-40,11,102.44,15,28,0.217,0
SYN_120236,urban,41+,20,852.76,18,8,0.788,1
SYN_115954,urban,26-40,13,2048.39,36,39,0.091,3
SYN_118011,rural,26-40,6,838.33,24,12,0.689,1
SYN_101406,rural,26-40,8,777.63,7,11,0.417,1
SYN_116610,urban,26-40,17,183.15,16,41,0.428,1
SYN_104357,urban,41+,14,121.38,3,25,0.813,2
SYN_102430,rural,26-40,6,2990.4,9,28,0.84,0
SYN_120638,urban,18-25,16,277.27,3,39,0.323,2
SYN_125765,urban,18-25,10,714.9,4,40,0.571,0
SYN_126951,urban,41+,18,1502.38,23,5,0.249,2
SYN_108760,urban,26-40,11,1187.46,2,23,0.268,1
SYN_104486,rural,26-40,3,178.42,12,45,0.534,1
SYN_107622,urban,26-40,13,414.26,10,40,0.299,0
SYN_121098,rural,26-40,11,904.45,5,26,0.296,2
SYN_126052,rural,18-25,5,188.9,4,10,0.845,1
SYN_111507,urban,18-25,16,121.14,8,32,0.585,1
SYN_117349,urban,26-40,15,96.08,40,43,0.523,0
SYN_101851,rural,18-25,5,76.62,9,5,0.486,0
SYN_109190,urban,41+,11,263.12,6,47,0.286,3
SYN_107134,urban,18-25,16,373.23,6,16,0.338,2
SYN_100086,rural,18-25,9,372.39,3,24,0.354,3
SYN_129114,rural,41+,12,241.43,51,3,0.297,4
SYN_100625,urban,26-40,12,576.69,26,1,0.314,0
SYN_123038,urban,26-40,18,616.7,40,44,0.642,1
SYN_107401,urban,41+,24,288.34,4,10,0.389,1
SYN_100780,urban,18-25,10,161.59,10,1,0.215,0
SYN_124177,rural,26-40,9,1028.65,2,26,0.609,0
SYN_111194,rural,26-40,3,1075.58,28,26,0.283,2
SYN_107669,urban,26-40,12,83.29,37,43,0.352,2
SYN_125132,urban,41+,15,480.24,19,31,0.701,2
SYN_114531,urban,41+,20,566.69,8,21,0.398,0
SYN_112404,rural,41+,7,1635.36,36,9,0.856,2
SYN_126101,rural,18-25,10,509.21,2,18,0.203,0
SYN_111008,urban,18-25,15,718.21,12,13,0.498,2
SYN_116237,urban,18-25,24,377.94,8,20,0.617,0
SYN_121659,rural,41+,6,156.95,43,3,0.444,2
SYN_123996,urban,41+,14,307.13,3,36,0.317,1
SYN_121099,rural,26-40,10,1217.53,3,1,0.791,2
SYN_128004,rural,41+,11,790.01,1,8,0.937,2
SYN_116199,urban,26-40,14,816.85,2,10,0.552,0
SYN_112922,urban,41+,13,380.73,60,33,0.641,1
SYN_116998,urban,26-40,13,175.96,21,30,0.201,1
SYN_120288,rural,18-25,10,349.48,56,47,0.683,1
SYN_125014,urban,26-40,21,402.59,8,1,0.22,1
SYN_101862,rural,26-40,9,603.35,2,30,0.73,2
SYN_121161,urban,26-40,18,306.53,2,13,0.227,0
SYN_119316,urban,41+,14,146.91,8,43,0.502,2
SYN_113591,rural,41+,6,385.42,37,16,0.888,2
SYN_101386,rural,41+,13,891.17,7,47,0.774,2
SYN_106067,urban,18-25,17,331.45,6,11,0.466,0
SYN_125960,urban,41+,18,1238.51,17,30,0.333,1
SYN_114541,rural,41+,3,224.16,14,38,0.543,1
SYN_100213,rural,26-40,15,554.77,32,18,0.514,1
SYN_112444,urban,41+,12,475.25,11,13,0.274,0
SYN_123124,rural,26-40,10,526.72,1,47,0.359,1
SYN_122028,rural,18-25,4,413.93,28,7,0.527,2
SYN_102479,rural,26-40,13,1963.57,8,32,0.424,0
SYN_127138,urban,41+,13,492.68,18,35,0.19,2
SYN_111478,rural,41+,15,79.76,35,34,0.443,0
SYN_115254,urban,41+,14,1073.14,7,23,0.256,0
SYN_120859,urban,26-40,8,62.8,3,8,0.517,1
SYN_124175,urban,41+,14,209.67,4,17,0.2,2
SYN_118080,rural,26-40,8,163.18,8,28,0.677,1
SYN_115432,rural,41+,11,363.1,13,20,0.275,1
SYN_116148,urban,41+,12,1056.97,4,8,0.747,1
SYN_111571,rural,26-40,8,575.64,7,24,0.807,3
SYN_116006,rural,41+,12,649.37,42,2,0.189,4
SYN_103227,urban,41+,10,610.56,13,2,0.194,1
SYN_129429,urban,41+,13,2000.34,12,24,0.114,0
SYN_109306,rural,18-25,4,717.09,60,14,0.19,2
SYN_108722,rural,18-25,6,147.81,4,16,0.632,3
SYN_120607,urban,18-25,13,391.79,3,27,0.214,2
SYN_128529,urban,26-40,14,444.28,24,27,0.5,2
SYN_123833,urban,41+,15,148.13,7,43,0.232,2
SYN_111597,urban,18-25,14,1017.47,10,18,0.154,2
SYN_121740,urban,26-40,16,109.14,3,12,0.636,0
SYN_110639,urban,41+,13,143.77,6,23,0.702,1
SYN_129268,rural,41+,8,550.79,2,44,0.219,0
SYN_110582,urban,41+,16,361.22,24,7,0.417,0
SYN_124611,rural,26-40,10,737.88,10,31,0.471,0
SYN_113085,rural,18-25,14,84.78,60,18,0.208,1
SYN_105824,urban,26-40,11,263.21,20,8,0.377,3
SYN_105244,urban,26-40,16,107.27,6,15,0.225,0
SYN_104347,rural,41+,9,127.32,11,47,0.868,2
SYN_119599,urban,18-25,12,324.88,15,27,0.423,0
SYN_103650,urban,26-40,21,99.72,3,15,0.67,0
SYN_128180,rural,41+,11,133.77,6,41,0.484,2
SYN_107768,rural,18-25,6,249.65,10,25,0.33,0
SYN_119639,rural,26-40,9,193.83,4,9,0.488,1
SYN_110461,rural,26-40,8,1607.4,9,2,0.734,1
SYN_101310,urban,26-40,14,315.55,8,6,0.241,0
SYN_119310,urban,26-40,14,236.55,13,3,0.687,0
SYN_102174,urban,18-25,16,408.92,51,20,0.356,2
SYN_118865,urban,26-40,20,1471.94,34,44,0.047,2
SYN_125251,rural,41+,11,297.99,7,10,0.517,1
SYN_108332,urban,41+,10,946.9,8,12,0.093,3
SYN_111000,rural,41+,11,224.07,1,7,0.292,1
SYN_113245,rural,18-25,8,274.25,14,40,0.626,0
SYN_128633,rural,41+,7,2406.4,9,24,0.391,2
SYN_118670,rural,41+,7,826.16,10,13,0.775,2
SYN_115931,urban,26-40,20,658.27,32,24,0.266,1
SYN_116587,rural,18-25,8,389.01,26,45,0.436,4
SYN_104105,urban,41+,17,783.26,14,25,0.173,0
SYN_124137,rural,26-40,13,588.39,17,41,0.657,2
SYN_125754,rural,41+,14,710.83,7,36,0.781,0
SYN_121846,urban,18-25,14,62.24,16,44,0.5,1
SYN_105479,rural,18-25,8,484.01,34,21,0.277,0
SYN_104051,rural,41+,11,1480.9,18,28,0.294,1
SYN_109633,urban,26-40,9,209.28,10,4,0.022,1
SYN_101751,urban,18-25,12,113.62,4,34,0.571,5
SYN_109249,rural,26-40,10,199.85,15,33,0.632,1
SYN_123923,urban,26-40,14,499.77,11,35,0.545,0
SYN_109878,urban,41+,16,165.26,5,19,0.505,1
SYN_123557,urban,41+,6,136.59,13,36,0.458,0
SYN_124332,rural,26-40,6,895.36,20,16,0.626,1
SYN_126508,rural,41+,10,1200.89,53,40,0.748,1
SYN_104178,rural,41+,21,61.61,2,28,0.29,2
SYN_124990,rural,18-25,10,463.02,7,12,0.636,1
SYN_113646,rural,26-40,8,601.07,24,2,0.407,3
SYN_113809,rural,26-40,5,1425.28,4,37,0.543,2
SYN_122435,urban,26-40,11,58.48,25,6,0.212,0
SYN_129924,rural,26-40,13,395.78,10,20,0.412,0
SYN_127399,rural,26-40,6,499.58,15,10,0.677,0
SYN_119004,urban,26-40,13,868.05,22,3,0.402,3
SYN_119947,urban,18-25,13,190.69,38,45,0.267,0
SYN_111396,rural,18-25,9,396.47,6,36,0.83,0
SYN_116918,urban,41+,14,212.86,44,25,0.384,1
SYN_105076,urban,18-25,17,203.29,17,44,0.477,4
SYN_124772,urban,41+,12,520.1,6,23,0.424,4
SYN_126338,urban,18-25,13,62.89,5,37,0.271,1
SYN_103397,urban,41+,15,245.02,5,40,0.355,2
SYN_123978,urban,26-40,12,279.77,27,13,0.561,0
SYN_128166,urban,41+,7,204.04,16,17,0.87,1
SYN_119873,urban,41+,11,100.73,1,6,0.347,2
SYN_118102,urban,41+,16,391.51,26,16,0.188,1
SYN_118983,urban,41+,13,1163.34,30,33,0.04,0
SYN_129506,urban,26-40,13,423.17,7,5,0.611,0
SYN_111867,rural,18-25,6,130.8,7,40,0.635,1
SYN_116863,urban,26-40,11,506.16,60,9,0.523,3
SYN_122553,rural,26-40,10,645.76,1,11,0.38,1
SYN_101022,rural,41+,6,688.57,60,4,0.735,0
SYN_122385,urban,26-40,12,164.82,50,9,0.206,0
SYN_107386,urban,41+,11,188.59,25,46,0.646,2
SYN_125992,urban,41+,10,355.16,34,6,0.762,3
SYN_115990,urban,41+,20,392.45,6,25,0.4,1
SYN_104148,urban,18-25,16,246.99,27,7,0.912,1
SYN_109783,urban,18-25,12,424.48,6,24,0.42,4
SYN_123120,rural,26-40,11,798.29,5,4,0.759,2
SYN_111989,rural,26-40,5,1513.29,17,41,0.58,2
SYN_116814,rural,26-40,7,355.93,4,1,0.615,1
SYN_121155,urban,26-40,7,285.27,6,24,0.635,1
SYN_106987,urban,41+,12,208.3,5,44,0.539,1
SYN_106658,rural,26-40,9,791.56,7,4,0.208,2
SYN_101533,rural,26-40,7,87.53,18,28,0.574,0
SYN_121508,rural,18-25,8,479.55,52,11,0.358,0
SYN_123695,urban,26-40,20,377.92,1,17,0.74,2
SYN_125926,rural,18-25,9,701.73,35,33,0.418,1
SYN_121667,rural,18-25,9,161.36,2,16,0.725,0
SYN_124694,rural,41+,12,895.78,5,37,0.997,1
SYN_113790,urban,18-25,16,661.86,1,13,0.549,1
SYN_117833,urban,41+,9,236.84,17,47,0.408,1
SYN_104899,rural,26-40,9,88.26,32,21,0.657,1
SYN_117130,rural,41+,9,220.44,5,37,0.206,0
SYN_120504,rural,26-40,7,236.29,4,35,0.829,0
SYN_129953,rural,18-25,8,181.3,6,5,0.656,2
SYN_117401,rural,41+,7,239.07,6,9,0.828,1
SYN_101333,rural,26-40,6,360.72,16,31,0.616,1
SYN_125711,urban,18-25,16,128.9,15,1,0.497,1
SYN_113311,rural,26-40,10,1054.43,22,29,0.26,0
SYN_127474,urban,18-25,18,347.47,1,15,0.191,0
SYN_117988,rural,41+,14,529.95,7,47,0.51,3
SYN_125178,urban,18-25,7,53.74,8,26,0.289,1
SYN_114980,urban,41+,22,1478.16,6,11,0.127,0
SYN_120163,rural,26-40,10,185.21,19,9,0.703,2
SYN_124084,urban,26-40,16,206.42,35,30,0.601,0
SYN_125967,urban,41+,8,939.73,32,28,0.411,0
SYN_104680,rural,18-25,7,75.93,35,34,0.263,1
SYN_104936,urban,41+,13,311.91,3,37,0.545,1
SYN_128052,urban,26-40,13,278.92,14,17,0.414,1
SYN_114055,urban,41+,15,79.14,13,36,0.326,2
SYN_127437,urban,26-40,13,921.22,4,22,0.239,1
SYN_119978,rural,18-25,9,134.2,29,39,0.643,0
SYN_109317,urban,26-40,12,65.82,5,16,0.379,3
SYN_129266,urban,18-25,12,174.63,5,43,0.076,5
SYN_119175,urban,41+,9,1328.75,16,9,0.109,2
SYN_122282,urban,18-25,12,321.6,8,11,0.656,0
SYN_104295,urban,18-25,12,433.48,50,27,0.341,2
SYN_111187,urban,41+,17,511.22,39,43,0.234,1
SYN_123481,rural,18-25,5,180.42,15,2,0.215,0
SYN_116782,urban,18-25,14,316.29,5,47,0.576,3
SYN_105328,urban,18-25,13,61.08,17,6,0.777,1
SYN_128804,urban,26-40,10,437.74,11,34,0.225,1
SYN_113096,urban,18-25,11,400.65,17,17,0.291,0
SYN_103702,urban,26-40,10,199.83,6,43,0.23,0
SYN_103206,urban,26-40,16,198.93,14,24,0.101,4
SYN_113943,urban,26-40,22,69.2,1,41,0.328,1
SYN_107336,rural,26-40,14,987.51,1,40,0.493,1
SYN_123217,rural,18-25,9,253.86,7,22,0.676,0
SYN_102417,urban,41+,10,383.94,22,36,0.292,3
SYN_113234,rural,41+,16,572.69,20,28,0.859,0
SYN_115152,rural,18-25,10,214.18,25,6,0.72,1
SYN_124675,urban,26-40,13,252.67,21,16,0.312,1
SYN_126465,rural,26-40,7,873.54,5,16,0.26,0
SYN_111535,urban,18-25,14,239.08,3,5,0.587,2
SYN_104667,urban,26-40,17,311.69,39,2,0.144,2
SYN_127966,urban,26-40,11,1320.9,4,23,0.699,0
SYN_113693,urban,26-40,13,87.82,36,9,0.745,1
SYN_102433,urban,26-40,12,614.22,21,33,0.409,1
SYN_109437,rural,26-40,14,198.52,11,6,0.798,3
SYN_117320,urban,26-40,16,115.41,3,14,0.347,0
SYN_126274,rural,26-40,8,139.91,21,20,0.287,0
SYN_128273,rural,41+,9,512.26,16,9,0.665,0
SYN_106247,rural,18-25,8,547.62,16,41,0.828,0
SYN_117918,urban,26-40,13,248.44,19,28,0.516,2
SYN_110260,rural,41+,17,136.72,12,16,0.299,2
SYN_126418,rural,41+,17,949.78,5,15,0.571,1
SYN_119909,urban,26-40,17,60.8,15,37,0.664,1
SYN_111103,rural,26-40,8,535.32,28,5,0.646,2
SYN_103170,rural,41+,9,563.82,9,13,0.439,4
SYN_127523,urban,41+,14,369.65,2,14,0.84,1
SYN_119521,rural,26-40,5,123.29,22,47,0.51,1
SYN_123338,rural,26-40,12,485.62,12,42,0.784,1
SYN_104927,urban,41+,6,349.67,5,32,0.605,1
SYN_122491,urban,41+,19,151.36,8,11,0.454,0
SYN_108410,rural,26-40,8,1182.36,1,28,0.575,3
SYN_102075,urban,18-25,12,915.2,6,39,0.66,0
SYN_104076,rural,26-40,8,209.61,20,28,0.338,1
SYN_113493,urban,41+,14,295.83,13,32,0.154,1
SYN_109299,urban,18-25,17,1527.04,1,33,0.72,2
SYN_119098,urban,26-40,12,161.66,45,28,0.102,0
SYN_123033,urban,26-40,6,793.85,60,34,0.18,2
SYN_106962,urban,26-40,19,169.78,8,10,0.202,2
SYN_107793,urban,26-40,14,675.36,12,9,0.469,2
SYN_122719,urban,26-40,9,625.98,60,2,0.466,1
SYN_103997,urban,41+,12,1431.94,42,3,0.463,1
SYN_116425,urban,18-25,16,630.47,3,41,0.317,2
SYN_118043,urban,26-40,16,347.97,14,31,0.451,1
SYN_110072,urban,41+,8,147.62,19,43,0.164,1
SYN_109870,urban,18-25,13,575.51,5,27,0.234,0
SYN_113906,urban,26-40,17,108.74,13,37,0.243,3
SYN_111685,rural,18-25,8,432.66,7,3,0.375,0
SYN_113237,rural,41+,7,2245.66,4,36,0.941,0
SYN_118293,urban,26-40,19,108.27,8,15,0.394,2
SYN_112976,rural,18-25,10,179.0,23,41,0.811,1
SYN_104115,urban,18-25,13,231.79,6,22,0.491,3
SYN_122201,rural,26-40,6,489.51,18,12,0.79,2
SYN_124910,urban,26-40,18,233.84,16,29,0.04,1
SYN_110277,urban,26-40,9,653.83,4,14,0.37,3
SYN_119896,rural,18-25,10,221.88,23,3,0.617,0
SYN_103359,rural,18-25,9,512.56,41,8,0.807,1
SYN_105320,urban,26-40,14,59.75,34,40,0.732,2
SYN_113826,urban,26-40,16,318.98,40,27,0.721,2
SYN_110838,urban,41+,18,458.12,33,42,0.223,2
SYN_105780,rural,41+,14,1640.14,7,6,0.31,0
SYN_105499,urban,26-40,16,2033.17,46,13,0.59,1
SYN_116330,urban,26-40,14,522.59,10,41,0.157,3
SYN_106216,urban,26-40,11,146.78,60,7,0.14,3
SYN_113785,rural,18-25,13,342.89,2,38,0.242,0
SYN_129848,urban,26-40,8,556.21,52,31,0.305,1
SYN_115171,rural,26-40,8,295.25,2,34,0.366,0
SYN_109463,urban,41+,13,199.9,38,13,0.237,1
SYN_125823,rural,41+,13,431.79,2,2,0.211,1
SYN_107068,urban,41+,17,354.56,12,32,0.71,1
SYN_104323,urban,26-40,6,357.45,15,20,0.657,1
SYN_101605,urban,26-40,9,347.51,6,8,0.456,1
SYN_113992,urban,26-40,16,150.83,4,27,0.249,3
SYN_114608,rural,18-25,7,134.05,4,36,0.514,2
SYN_111859,urban,26-40,9,695.56,4,2,0.388,0
SYN_116565,rural,26-40,9,901.96,5,21,0.765,2
SYN_114713,urban,41+,10,747.49,3,34,0.456,1
SYN_118668,urban,26-40,15,565.24,18,24,0.226,3
SYN_107112,rural,26-40,12,519.35,16,25,0.758,2
SYN_129315,urban,41+,10,237.44,11,34,0.592,0
SYN_109872,rural,26-40,6,314.61,60,39,0.545,2
SYN_102257,rural,26-40,9,476.47,16,17,0.25,1
SYN_124029,urban,26-40,12,407.17,8,34,0.624,0
SYN_118913,rural,26-40,5,930.57,4,6,0.721,0
SYN_101276,urban,26-40,9,352.47,47,20,0.088,0
SYN_129453,urban,18-25,12,992.3,20,27,0.194,5
SYN_111453,urban,26-40,13,1285.23,9,14,0.734,2
SYN_129839,urban,26-40,6,578.22,33,47,0.32,2
SYN_102726,rural,18-25,10,628.23,16,20,0.749,1
SYN_116168,urban,26-40,19,123.59,4,46,0.487,1
SYN_116855,urban,18-25,12,156.53,15,18,0.306,2
SYN_120109,urban,41+,11,845.04,3,8,0.152,1
SYN_110151,rural,26-40,10,62.5,16,38,0.354,1
SYN_106532,rural,26-40,14,345.02,60,36,0.775,2
SYN_120366,urban,26-40,13,112.92,9,44,0.744,0
SYN_105509,urban,26-40,9,409.86,8,14,0.121,2
SYN_111158,urban,26-40,10,293.2,16,13,0.43,2
SYN_121544,urban,18-25,13,317.56,60,6,0.258,2
SYN_105525,rural,26-40,13,239.09,13,37,0.338,1
SYN_100510,urban,26-40,16,226.22,36,27,0.28,0
SYN_123430,rural,26-40,6,129.76,40,7,0.208,1
SYN_115426,rural,18-25,10,219.99,7,8,0.692,3
SYN_126848,urban,18-25,8,166.08,16,21,0.624,1
SYN_123754,rural,26-40,6,93.03,19,26,0.65,3
SYN_104912,urban,26-40,9,524.73,27,35,0.532,0
SYN_109293,urban,18-25,12,332.49,39,17,0.041,2
SYN_104002,rural,18-25,8,519.82,25,4,0.387,1
SYN_125184,rural,26-40,9,301.88,4,39,0.267,0
SYN_119036,urban,26-40,8,133.02,8,42,0.575,0
SYN_118150,rural,18-25,8,233.3,25,35,0.412,2
SYN_112787,rural,26-40,12,376.97,9,20,0.721,2
SYN_117546,urban,18-25,8,424.98,14,1,0.601,1
SYN_105248,urban,18-25,9,1379.39,24,46,0.421,0
SYN_113614,rural,26-40,15,615.44,57,20,0.535,2
SYN_129351,urban,41+,15,133.97,15,16,0.171,2
SYN_124022,urban,18-25,22,783.75,23,22,0.262,0
SYN_112670,urban,26-40,18,73.71,29,27,0.509,0
SYN_101631,rural,18-25,8,159.8,3,43,0.528,1
SYN_123926,rural,18-25,5,141.48,4,27,0.529,3
SYN_104916,rural,18-25,7,92.12,14,40,0.773,2
SYN_104543,urban,18-25,18,309.93,23,15,0.759,2
SYN_112303,urban,26-40,11,300.75,33,2,0.399,2
SYN_101592,rural,18-25,5,321.63,15,14,0.318,1
SYN_114586,rural,41+,3,518.02,22,36,0.473,2
SYN_117579,urban,18-25,15,321.04,2,20,0.437,0
SYN_128396,urban,18-25,13,294.14,2,31,0.605,3
SYN_117201,urban,26-40,15,60.42,7,26,0.266,1
SYN_116970,rural,18-25,7,272.29,4,27,0.467,0
SYN_124391,urban,26-40,17,480.7,14,31,0.037,3
SYN_118367,urban,18-25,18,109.65,22,23,0.102,1
SYN_126826,rural,18-25,12,382.44,26,10,0.31,1
SYN_106154,urban,26-40,12,386.27,30,45,0.33,4
SYN_125332,rural,18-25,9,505.26,1,31,0.844,1
SYN_108295,urban,41+,7,350.63,58,2,0.385,2
SYN_112206,urban,26-40,15,1283.21,17,33,0.016,1
SYN_129603,urban,18-25,15,288.21,4,34,0.558,0
SYN_123459,rural,26-40,13,2342.11,1,34,0.674,2
SYN_113240,urban,41+,15,195.46,9,19,0.361,1
SYN_100409,rural,18-25,9,471.31,20,14,0.893,1
SYN_117823,rural,26-40,11,79.38,37,21,0.363,3
SYN_102559,urban,26-40,17,738.01,17,36,0.227,1
SYN_119645,rural,26-40,6,885.88,24,6,0.488,0
SYN_127446,urban,18-25,18,420.6,5,20,0.265,1
SYN_118686,urban,41+,14,688.92,6,44,0.426,2
SYN_120397,rural,41+,8,258.9,34,39,0.439,2
SYN_114095,urban,18-25,14,281.09,15,6,0.512,0
SYN_120498,urban,41+,13,700.86,3,41,0.699,0
SYN_100188,rural,26-40,7,448.91,21,29,0.655,2
SYN_104611,urban,26-40,14,574.43,3,24,0.123,0
SYN_103971,urban,26-40,15,326.75,34,16,0.2,0
SYN_116496,rural,26-40,12,309.56,6,45,0.762,1
SYN_121066,urban,18-25,16,569.68,5,32,0.151,1
SYN_105968,rural,26-40,11,120.41,14,44,0.801,1
SYN_113853,urban,18-25,20,1797.11,1,44,0.387,1
SYN_128251,rural,18-25,19,94.34,8,30,0.336,0
SYN_124011,urban,26-40,13,158.65,45,40,0.303,1
SYN_107020,rural,18-25,10,354.23,2,43,0.512,1
SYN_112288,rural,41+,11,1580.0,9,22,0.346,1
SYN_108074,rural,26-40,11,1274.83,13,1,0.37,2
SYN_123870,urban,41+,14,466.84,56,16,0.436,0
SYN_110704,urban,26-40,11,210.04,2,36,0.52,0
SYN_109137,rural,18-25,5,166.12,28,35,0.694,0
SYN_119146,rural,26-40,9,229.79,14,44,0.652,2
SYN_126318,urban,26-40,15,163.63,35,1,0.816,0
SYN_122306,urban,18-25,8,220.07,8,8,0.291,1
SYN_126904,urban,18-25,11,399.62,4,11,0.625,1
SYN_121056,rural,18-25,11,1433.9,60,21,1.0,1
SYN_128670,urban,26-40,11,98.6,7,33,0.535,2
SYN_103371,urban,26-40,7,70.74,11,25,0.161,2
SYN_117254,rural,18-25,12,1087.42,33,10,0.748,0
SYN_102565,urban,18-25,13,406.73,12,32,0.415,3
SYN_126589,rural,26-40,9,802.84,17,10,0.282,2
SYN_110198,rural,18-25,8,82.75,58,6,0.282,2
SYN_110864,urban,41+,12,261.35,7,28,0.495,1
SYN_108900,urban,26-40,13,645.26,40,21,0.132,3
SYN_107017,urban,41+,9,718.4,17,26,0.393,3
SYN_114332,urban,41+,10,659.75,36,40,0.706,1
SYN_110873,urban,41+,28,156.07,3,8,0.33,1
SYN_105599,urban,41+,15,147.52,15,29,0.06,1
SYN_120351,urban,26-40,10,145.88,2,38,0.576,0
SYN_113641,rural,18-25,11,1571.32,2,16,0.696,1
SYN_102163,urban,26-40,11,1119.15,10,45,0.59,0
SYN_120277,urban,18-25,22,115.96,5,7,0.09,1
SYN_129167,rural,18-25,11,833.22,5,26,0.477,0
SYN_115214,urban,41+,14,346.24,18,34,0.7,4
SYN_102224,rural,18-25,6,798.98,1,7,0.785,3
SYN_106246,rural,41+,14,650.92,11,33,0.306,2
SYN_127326,urban,18-25,18,246.17,1,42,0.461,2
SYN_121563,urban,26-40,13,239.35,13,28,0.684,4
SYN_115801,urban,41+,8,398.94,8,17,0.072,3
SYN_127645,rural,41+,6,263.08,7,45,0.21,2
SYN_115485,rural,18-25,9,76.66,24,14,0.25,0
SYN_109542,urban,41+,16,230.4,46,1,0.711,1
SYN_109078,urban,41+,11,126.19,60,35,0.212,2
SYN_104698,urban,41+,15,522.73,2,1,0.388,1
SYN_108451,urban,18-25,13,475.33,14,25,0.667,3
SYN_119192,urban,26-40,14,296.05,11,19,0.351,0
SYN_128234,rural,18-25,8,979.48,17,13,0.249,1
SYN_117681,urban,26-40,14,506.3,12,3,0.21,0
SYN_111633,urban,26-40,8,180.17,46,39,0.381,0
SYN_114975,rural,26-40,8,1535.13,20,5,0.561,2
SYN_118682,urban,26-40,13,50.57,8,7,0.367,2
SYN_123080,urban,18-25,12,241.97,12,23,0.094,2
SYN_123227,urban,18-25,14,835.71,30,7,0.7,0
SYN_124696,rural,41+,15,188.19,23,19,0.568,0
SYN_121005,urban,18-25,15,1013.74,41,17,0.383,2
SYN_127577,urban,41+,13,284.44,40,41,0.403,2
SYN_102763,urban,18-25,9,219.47,1,31,0.29,3
SYN_117014,rural,26-40,7,176.82,9,14,0.391,1
SYN_113407,rural,18-25,8,1248.17,4,47,0.79,5
SYN_125179,urban,26-40,14,109.75,17,42,0.68,0
SYN_114580,rural,41+,6,256.22,20,30,0.316,1
SYN_120134,rural,26-40,12,64.22,43,7,0.856,2
SYN_129799,urban,26-40,10,162.18,7,30,0.664,0
SYN_129384,urban,26-40,10,1013.52,47,11,0.478,1
SYN_127674,urban,41+,15,3171.26,9,44,0.632,0
SYN_107131,rural,18-25,7,409.58,36,25,0.64,1
SYN_129451,rural,26-40,5,119.49,5,14,0.654,2
SYN_114587,urban,26-40,17,918.78,8,28,0.192,2
SYN_114263,urban,26-40,7,65.25,24,41,0.72,0
SYN_123461,rural,26-40,11,378.17,6,7,0.586,2
SYN_101836,urban,26-40,15,67.23,8,28,0.555,1
SYN_110254,rural,18-25,5,1475.37,22,14,0.212,1
SYN_110896,urban,26-40,14,187.25,4,33,0.634,0
SYN_116300,urban,18-25,17,193.01,5,37,0.609,1
SYN_126907,urban,41+,19,653.95,17,17,0.205,1
SYN_121648,urban,26-40,13,168.01,13,29,0.06,1
SYN_102888,urban,18-25,14,786.94,39,14,0.209,2
SYN_126307,rural,18-25,13,661.54,8,21,0.502,2
SYN_106826,urban,26-40,11,221.91,60,8,0.459,2
SYN_112967,urban,26-40,11,1741.22,9,19,0.343,2
SYN_111162,urban,26-40,14,633.89,2,9,0.216,3
SYN_108405,rural,41+,6,622.23,6,22,0.579,0
SYN_102043,rural,41+,5,166.37,13,11,0.268,1
SYN_128719,urban,26-40,22,180.97,34,20,0.604,2
SYN_125064,rural,18-25,12,285.27,16,45,0.81,0
SYN_117997,urban,18-25,17,831.78,2,24,0.743,3
SYN_100019,rural,26-40,12,356.66,18,3,0.349,0
SYN_104377,urban,18-25,18,667.06,11,33,0.698,1
SYN_113892,rural,41+,11,615.43,25,42,0.463,1
SYN_111684,rural,26-40,9,438.67,20,18,0.892,2
SYN_115526,urban,18-25,10,963.55,19,20,0.172,0
SYN_128502,rural,41+,10,349.33,21,9,0.443,3
SYN_114543,rural,18-25,10,362.32,60,32,0.32,2
SYN_103838,rural,18-25,9,2580.05,48,8,0.191,2
SYN_125316,urban,26-40,16,148.09,39,7,0.37,3
SYN_108684,urban,26-40,16,522.97,1,43,0.679,0
SYN_122837,urban,41+,18,162.09,25,46,0.206,1
SYN_101321,urban,41+,15,272.23,60,29,0.448,2
SYN_125681,urban,26-40,14,988.28,3,41,0.072,1
SYN_101157,urban,26-40,11,148.25,2,2,0.618,1
SYN_122424,rural,41+,13,369.58,18,1,0.606,1
SYN_124159,rural,18-25,10,276.37,19,11,0.359,1
SYN_102693,rural,26-40,5,241.25,5,47,0.625,3
SYN_125589,urban,26-40,17,1252.01,41,29,0.148,2
SYN_104262,urban,26-40,11,216.31,5,14,0.479,1
SYN_104733,urban,26-40,15,2920.52,18,7,0.456,2
SYN_115816,urban,26-40,13,244.29,9,31,0.308,2
SYN_109862,urban,26-40,9,93.95,16,23,0.192,2
SYN_105855,rural,18-25,7,491.12,9,24,0.519,3
SYN_107091,urban,26-40,16,1375.86,15,37,0.138,2
SYN_113818,urban,26-40,15,206.74,20,36,0.638,1
SYN_109238,rural,18-25,8,50.15,6,34,0.95,1
SYN_116171,urban,18-25,10,502.48,20,36,0.406,0
SYN_108233,rural,41+,8,353.09,8,40,0.165,1
SYN_125804,urban,18-25,17,415.57,6,42,0.37,2
SYN_121770,rural,41+,5,128.96,6,41,0.394,2
SYN_106279,urban,18-25,19,157.62,15,14,0.071,0
SYN_101349,urban,18-25,12,556.0,19,9,0.207,0
SYN_128910,urban,26-40,16,105.94,34,40,0.585,2
SYN_110636,rural,26-40,14,905.84,8,3,0.883,1
SYN_119598,urban,41+,15,461.68,8,41,0.379,0
SYN_124654,rural,41+,8,329.92,13,23,0.595,2
SYN_109467,rural,18-25,8,309.65,23,39,0.4,0
SYN_123981,rural,26-40,11,873.57,14,21,0.264,1
SYN_127752,urban,26-40,20,678.26,31,17,0.221,1
SYN_128068,rural,41+,4,246.95,1,15,0.734,1
SYN_100357,rural,18-25,7,401.46,2,4,0.545,1
SYN_101041,rural,41+,6,623.6,54,47,0.33,0
SYN_122576,urban,26-40,16,2720.76,24,18,0.44,0
SYN_109131,rural,18-25,9,719.41,15,14,0.253,0
SYN_117542,urban,26-40,13,74.84,16,18,0.132,1
SYN_129994,rural,26-40,7,1266.49,17,13,0.698,0
SYN_123829,urban,18-25,11,678.85,36,28,0.188,0
SYN_127000,urban,26-40,12,767.43,5,32,0.309,2
SYN_124738,urban,41+,17,402.26,2,5,0.175,1
SYN_128714,rural,41+,6,191.0,17,26,0.259,1
SYN_101359,urban,18-25,14,103.81,2,34,0.375,2
SYN_101464,rural,26-40,8,236.35,60,37,0.768,2
SYN_118181,urban,26-40,20,470.32,15,20,0.629,0
SYN_120970,rural,18-25,11,140.78,5,1,0.265,4
SYN_110879,rural,18-25,9,497.85,2,26,0.688,5
SYN_100403,urban,26-40,14,73.54,16,36,0.09,0
SYN_128159,urban,26-40,9,98.92,4,46,0.741,3
SYN_107570,rural,18-25,7,1156.3,60,1,0.688,3
SYN_109942,rural,18-25,9,2574.09,5,43,0.316,0
SYN_111127,urban,41+,8,215.69,45,41,0.471,0
SYN_122999,rural,26-40,12,66.75,13,18,0.261,3
SYN_108838,urban,26-40,17,222.41,57,1,0.141,1
SYN_122309,rural,26-40,6,124.05,1,18,0.174,1
SYN_126008,urban,26-40,9,1327.28,12,16,0.675,3
SYN_123007,urban,26-40,16,648.13,1,7,0.56,1
SYN_112042,rural,26-40,13,1102.65,8,31,0.181,1
SYN_103820,rural,26-40,6,992.24,7,32,0.602,1
SYN_113156,urban,26-40,13,738.58,22,26,0.19,0
SYN_107960,urban,18-25,14,100.25,8,4,0.172,1
SYN_129788,urban,26-40,12,102.86,4,27,0.107,2
SYN_116905,urban,18-25,16,743.86,3,20,0.58,3
SYN_118107,urban,41+,12,1118.4,60,35,0.537,1
SYN_123603,urban,18-25,12,355.56,1,36,0.196,2
SYN_117296,urban,26-40,13,416.96,17,9,0.099,0
SYN_102988,urban,41+,15,1254.41,1,36,0.159,3
SYN_107653,urban,41+,7,728.29,42,45,0.13,3
SYN_123075,rural,18-25,9,154.91,38,47,0.539,1
SYN_102025,urban,18-25,11,1489.58,16,6,0.346,1
SYN_123689,urban,41+,13,518.26,38,9,0.52,2
SYN_129956,urban,41+,18,459.07,30,2,0.402,2
SYN_111798,urban,18-25,17,844.34,17,43,0.217,2
SYN_113832,urban,18-25,10,123.32,11,7,0.288,0
SYN_128153,urban,18-25,16,896.59,18,4,0.609,2
SYN_129508,rural,26-40,5,1148.33,12,29,0.536,3
SYN_117711,urban,26-40,18,166.45,22,9,0.497,1
SYN_101462,urban,26-40,13,445.08,6,6,0.34,3
SYN_125554,urban,18-25,18,155.45,26,2,0.147,0
SYN_114933,urban,41+,15,349.48,7,3,0.497,1
SYN_121696,urban,41+,13,451.69,3,17,0.236,0
SYN_124031,urban,26-40,13,114.03,27,8,0.323,0
SYN_117928,rural,41+,9,205.49,3,18,0.519,0
SYN_101194,rural,26-40,7,786.66,3,21,0.386,3
SYN_101185,rural,26-40,6,1720.35,22,46,0.646,1
SYN_124866,urban,26-40,12,172.25,52,6,0.768,1
SYN_117528,urban,26-40,12,683.91,22,40,0.168,3
SYN_129974,urban,18-25,6,2793.59,15,47,0.179,4
SYN_118812,rural,18-25,8,393.99,5,45,0.391,1
SYN_105291,urban,41+,13,429.7,7,46,0.336,3
SYN_103778,rural,41+,11,1641.26,14,36,0.432,0
SYN_125053,urban,41+,12,1118.32,32,24,0.368,1
SYN_127034,urban,26-40,12,340.28,38,45,0.341,1
SYN_122990,urban,18-25,11,189.33,13,28,0.46,0
SYN_110600,rural,26-40,5,60.5,3,9,0.422,2
SYN_120993,rural,41+,7,924.75,27,16,0.629,2
SYN_104644,urban,41+,15,683.21,15,14,0.189,1
SYN_108061,urban,26-40,13,407.06,8,3,0.418,2
SYN_114741,urban,26-40,13,201.74,13,2,0.311,0
SYN_118508,urban,18-25,10,97.1,20,15,0.294,3
SYN_107081,rural,41+,12,633.03,46,12,0.822,1
SYN_105498,urban,26-40,12,444.56,1,12,0.329,1
SYN_123342,rural,26-40,9,797.85,3,9,0.491,0
SYN_110189,urban,26-40,13,348.61,14,35,0.443,0
SYN_118935,rural,26-40,11,739.87,9,38,0.799,2
SYN_126993,rural,26-40,6,1997.49,8,39,0.381,0
SYN_129304,urban,26-40,9,123.6,16,15,0.712,4
SYN_117732,rural,18-25,12,216.51,18,43,0.483,3
SYN_113434,rural,18-25,9,742.25,13,8,0.727,2
SYN_118947,urban,41+,10,210.11,7,4,0.405,1
SYN_122979,urban,26-40,18,180.05,30,16,0.607,3
SYN_125241,rural,18-25,8,379.21,27,30,0.204,0
SYN_111315,urban,41+,11,349.98,6,10,0.4,0
SYN_126354,urban,41+,18,634.81,27,18,0.592,1
SYN_111071,urban,26-40,11,1151.39,7,9,0.007,3
SYN_127027,urban,26-40,14,68.84,51,42,0.555,1
SYN_112134,rural,26-40,10,627.88,1,13,0.331,2
SYN_103213,urban,26-40,18,267.51,13,15,0.157,0
SYN_116266,rural,18-25,13,1371.13,19,35,1.0,0
SYN_127146,rural,41+,8,1528.82,14,45,0.822,2
SYN_124424,urban,41+,12,1069.37,2,19,0.622,1
SYN_101447,urban,18-25,16,261.49,21,33,0.086,2
SYN_114060,urban,18-25,25,272.73,16,10,0.222,0
SYN_124997,urban,26-40,15,185.29,13,29,0.546,1
SYN_128301,urban,41+,8,261.82,58,37,0.528,0
SYN_110591,rural,41+,5,1507.46,24,44,0.715,3
SYN_112743,urban,41+,16,77.81,8,28,0.181,2
SYN_108182,urban,18-25,22,524.2,23,42,0.317,1
SYN_128107,urban,26-40,10,162.59,6,9,0.239,1
SYN_119531,rural,26-40,6,296.53,46,7,0.647,3
SYN_125130,urban,26-40,14,658.55,26,45,0.316,0
SYN_128556,rural,26-40,10,1051.22,16,47,0.555,0
SYN_112539,rural,26-40,11,195.15,60,37,0.75,1
SYN_110411,urban,18-25,16,329.67,3,45,0.217,1
SYN_119138,urban,26-40,26,476.93,5,47,0.316,0
SYN_113219,urban,41+,17,676.75,8,25,0.235,1
SYN_112823,rural,18-25,9,338.25,23,22,0.447,0
SYN_126613,urban,41+,14,495.84,24,5,0.201,1
SYN_116715,urban,26-40,10,1331.67,1,24,0.178,1
SYN_107219,urban,26-40,17,309.17,31,32,0.261,0
SYN_120272,urban,41+,14,673.61,4,30,0.305,2
SYN_129108,urban,26-40,11,90.98,26,37,0.402,1
SYN_124568,urban,41+,19,250.54,10,40,0.126,3
SYN_108769,urban,26-40,9,481.23,23,4,0.274,1
SYN_116722,urban,18-25,10,59.14,42,11,0.663,0
SYN_110330,urban,26-40,15,214.92,19,14,0.732,4
SYN_109614,urban,26-40,21,426.63,17,21,0.176,0
SYN_103300,rural,41+,5,892.54,31,21,0.795,3
SYN_113100,urban,26-40,8,391.45,2,10,0.535,1
SYN_105224,urban,18-25,16,531.53,2,47,0.653,0
SYN_126669,urban,41+,16,537.22,23,22,0.192,0
SYN_121512,rural,41+,10,131.23,8,17,0.214,1
SYN_122795,urban,41+,18,483.59,14,22,0.471,4
SYN_118493,rural,26-40,4,951.99,2,24,0.473,0
SYN_124102,urban,26-40,18,370.95,6,22,0.495,2
SYN_121447,rural,41+,7,431.01,5,5,0.549,1
SYN_101887,urban,26-40,23,655.41,16,36,0.622,0
SYN_118194,urban,26-40,14,713.6,17,26,0.507,0
SYN_100536,urban,18-25,18,1599.52,2,45,0.535,1
SYN_123140,rural,26-40,11,1014.13,20,35,0.742,1
SYN_117996,rural,41+,15,1784.91,27,1,0.492,1
SYN_100135,urban,26-40,12,383.22,25,34,0.094,0
SYN_122494,rural,26-40,8,222.84,6,39,0.205,3
SYN_103255,rural,41+,4,670.56,25,36,0.492,3
SYN_124550,urban,26-40,19,164.39,6,31,0.61,2
SYN_122974,rural,18-25,8,631.13,2,33,0.578,3
SYN_115085,rural,26-40,11,727.98,3,8,0.787,0
SYN_100778,rural,26-40,10,65.94,60,19,0.368,1
SYN_110008,urban,26-40,16,265.1,2,8,0.657,0
SYN_106653,urban,26-40,11,247.01,20,3,0.36,1
SYN_129662,urban,41+,20,780.34,3,20,0.552,2
SYN_121171,rural,26-40,7,802.45,11,23,0.424,1
SYN_113554,rural,18-25,15,86.77,25,7,0.504,2
SYN_101712,rural,41+,8,151.08,1,22,0.432,3
SYN_105303,urban,26-40,16,137.66,1,12,0.302,5
SYN_125131,rural,18-25,11,712.57,15,29,0.83,4
SYN_121003,rural,41+,13,210.95,2,3,0.616,0
SYN_114061,urban,41+,20,288.14,54,7,0.375,1
SYN_112079,urban,41+,15,728.66,15,15,0.102,2
SYN_106248,rural,41+,13,81.46,11,32,0.635,1
SYN_112171,rural,26-40,14,1352.83,14,6,0.347,3
SYN_113063,rural,26-40,11,200.28,2,14,0.501,0
SYN_105408,urban,26-40,15,501.04,23,32,0.338,3
SYN_125962,rural,26-40,7,540.23,12,5,0.365,0
SYN_100851,urban,26-40,14,1299.79,20,20,0.213,0
SYN_127761,urban,26-40,17,188.37,8,1,0.337,1
SYN_119520,urban,18-25,18,479.18,8,32,0.493,5
SYN_129222,urban,18-25,8,205.59,23,34,0.446,0
SYN_100401,rural,41+,14,65.39,26,41,0.396,1
SYN_127336,urban,26-40,21,731.18,27,35,0.643,3
SYN_117047,rural,41+,6,226.75,24,25,0.882,4
SYN_122637,urban,26-40,10,154.14,6,25,0.388,0
SYN_122478,urban,26-40,11,235.96,20,35,0.642,1
SYN_129609,urban,41+,15,700.93,3,2,0.315,0
SYN_107835,urban,41+,12,1502.54,8,19,0.197,0
SYN_116281,rural,18-25,15,181.74,5,15,0.593,1
SYN_106665,rural,18-25,10,973.68,1,4,0.478,0
SYN_124702,urban,41+,12,559.74,5,39,0.378,3
SYN_126969,urban,41+,17,157.08,27,43,0.076,2
SYN_114929,urban,26-40,14,609.33,39,8,0.193,1
SYN_115215,urban,18-25,11,1200.61,3,31,0.213,1
SYN_127876,urban,18-25,17,297.54,4,15,0.078,0
SYN_103819,rural,41+,2,771.8,60,16,0.604,0
SYN_110552,rural,26-40,9,298.12,34,33,0.786,0
SYN_125249,rural,41+,11,458.56,22,15,0.746,1
SYN_102921,urban,41+,10,368.48,9,36,0.07,2
SYN_129887,urban,26-40,19,712.23,1,10,0.027,2
SYN_108470,urban,26-40,16,135.62,11,1,0.27,1
SYN_123839,urban,26-40,15,271.6,17,46,0.579,0
SYN_116956,urban,26-40,20,59.5,1,21,0.761,0
SYN_119468,rural,41+,5,725.01,8,27,0.379,0
SYN_103268,rural,41+,12,425.77,14,19,0.326,0
SYN_121122,urban,18-25,18,103.12,33,45,0.287,0
SYN_117193,urban,26-40,21,129.22,3,6,0.109,1
SYN_107839,urban,18-25,11,296.99,8,33,0.532,3
SYN_116122,urban,26-40,14,169.39,4,26,0.156,2
SYN_111824,rural,26-40,10,272.72,5,11,0.811,0
SYN_113171,urban,18-25,11,1659.53,57,16,0.215,1
SYN_103673,urban,41+,12,547.86,2,5,0.681,1
SYN_119364,urban,18-25,15,331.59,1,3,0.289,2
SYN_124504,urban,41+,22,59.66,35,44,0.303,1
SYN_107645,urban,26-40,15,1378.43,12,12,0.281,0
SYN_128590,urban,26-40,13,89.26,17,20,0.105,3
SYN_117426,urban,41+,13,236.65,1,8,0.521,2
SYN_125379,urban,26-40,10,102.97,1,7,0.47,0
SYN_110717,rural,26-40,8,157.9,18,17,0.481,3
SYN_129435,rural,41+,12,593.28,9,9,0.336,2
SYN_126301,urban,26-40,13,1305.0,19,23,0.132,1
SYN_102449,urban,18-25,11,591.34,57,15,0.63,0
SYN_114013,rural,26-40,10,273.24,12,5,0.49,3
SYN_116810,rural,26-40,7,184.31,4,27,0.694,1
SYN_115477,rural,26-40,10,200.01,7,45,1.0,1
SYN_112098,rural,26-40,12,673.02,21,28,0.361,1
SYN_107527,rural,18-25,6,730.39,4,39,0.662,3
SYN_123624,urban,18-25,21,229.38,4,30,0.5,2
SYN_107263,urban,18-25,11,725.64,4,19,0.327,1
SYN_113865,urban,18-25,12,877.14,32,24,0.481,0
SYN_101384,rural,18-25,12,663.7,2,41,0.629,1
SYN_127315,urban,41+,18,320.63,8,7,0.095,1
SYN_118017,urban,18-25,10,512.94,5,27,0.432,0
SYN_100811,urban,26-40,14,225.11,10,7,0.727,0
SYN_106669,rural,26-40,16,588.45,1,23,0.921,1
SYN_124586,urban,41+,9,144.53,7,27,0.119,2
SYN_116951,rural,26-40,7,176.73,12,39,0.996,1
SYN_122794,urban,18-25,12,1417.19,27,16,0.144,1
SYN_105827,urban,26-40,12,342.36,2,42,0.416,2
SYN_118295,rural,26-40,8,750.9,8,29,0.589,0
SYN_106253,urban,18-25,17,1177.05,3,30,0.6,2
SYN_126265,rural,26-40,9,413.02,24,34,0.571,1
SYN_101171,rural,18-25,13,989.78,6,46,0.288,0
SYN_121678,urban,41+,16,566.89,26,13,0.205,2
SYN_128603,urban,26-40,13,393.17,7,12,0.27,1
SYN_108050,urban,26-40,11,229.85,34,16,0.372,3
SYN_124994,urban,26-40,13,358.08,3,2,0.415,1
SYN_125117,urban,26-40,12,147.24,9,37,0.078,0
SYN_115490,rural,26-40,15,66.06,54,41,0.635,0
SYN_115964,urban,26-40,13,66.67,18,21,0.53,1
SYN_100547,urban,26-40,15,1065.69,21,36,0.565,1
SYN_121409,urban,41+,16,137.5,14,16,0.759,2
SYN_117179,urban,41+,11,212.93,28,20,0.009,1
SYN_111170,urban,41+,10,444.81,15,3,0.327,2
SYN_107101,urban,41+,12,620.7,6,16,0.304,2
SYN_100565,rural,26-40,6,707.71,11,46,1.0,2
SYN_106799,urban,41+,10,83.99,4,28,0.532,0
SYN_126626,urban,18-25,17,116.19,60,41,0.619,1
SYN_114059,urban,18-25,16,87.34,32,22,0.479,2
SYN_110322,urban,41+,16,551.71,9,9,0.353,2
SYN_114283,rural,41+,12,738.19,5,24,0.445,3
SYN_107872,urban,26-40,19,52.17,6,19,0.318,0
SYN_127497,rural,41+,8,426.56,1,8,0.258,0
SYN_104222,urban,26-40,13,71.84,36,10,0.217,1
SYN_113364,urban,26-40,11,1032.31,19,18,0.775,1
SYN_126706,urban,41+,10,214.16,4,2,0.428,0
SYN_108859,urban,18-25,14,239.12,3,9,0.071,0
SYN_122078,rural,26-40,13,405.43,32,45,0.506,2
SYN_116274,urban,41+,7,88.66,2,35,0.4,0
SYN_120881,urban,41+,13,1198.31,57,5,0.347,3
SYN_101629,urban,41+,18,333.69,59,8,0.021,1
SYN_109615,urban,18-25,15,800.88,10,35,0.266,3
SYN_103271,urban,41+,16,455.78,8,11,0.426,0
SYN_115585,rural,26-40,11,580.05,8,42,0.708,2
SYN_110589,urban,41+,11,975.02,4,2,0.307,1
SYN_110286,rural,26-40,4,179.47,60,8,0.445,3
SYN_119664,urban,26-40,18,798.24,9,24,0.328,4
SYN_101800,rural,26-40,8,389.88,6,44,0.838,2
SYN_102547,urban,41+,13,271.9,60,28,0.295,1
SYN_104487,urban,26-40,17,1383.98,1,16,0.424,2
SYN_107308,urban,26-40,21,1036.48,29,21,0.198,3
SYN_129254,urban,18-25,15,198.92,45,13,0.499,1
SYN_117738,urban,26-40,14,78.7,31,6,0.685,1
SYN_124731,rural,26-40,9,157.52,29,3,0.501,1
SYN_107949,rural,41+,7,443.42,20,11,0.524,3
SYN_104617,urban,26-40,9,473.8,8,47,0.181,0
SYN_107736,rural,41+,9,900.95,4,29,0.709,0
SYN_125892,rural,18-25,7,221.75,1,35,0.289,2
SYN_105577,rural,18-25,9,89.77,56,25,0.794,1
SYN_104980,rural,26-40,7,1747.49,5,27,0.726,1
SYN_105183,rural,18-25,9,168.22,2,45,0.374,2
SYN_125192,urban,26-40,17,1204.15,37,30,0.447,4
SYN_104539,urban,18-25,8,245.47,2,39,0.341,0
SYN_114585,urban,18-25,14,319.7,31,30,0.065,3
SYN_125023,urban,41+,17,277.57,28,25,0.907,1
SYN_100674,urban,26-40,10,285.65,5,16,0.022,1
SYN_110571,urban,41+,12,378.44,16,30,0.109,2
SYN_119229,urban,41+,11,235.26,38,38,0.528,3
SYN_120541,urban,26-40,17,172.18,26,23,0.785,0
SYN_127087,urban,18-25,16,1016.55,6,31,0.382,0
SYN_100189,urban,41+,17,1301.54,13,38,0.391,0
SYN_103669,urban,26-40,14,849.27,18,9,0.404,0
SYN_126023,urban,18-25,18,96.89,1,24,0.392,2
SYN_125214,urban,18-25,17,75.2,7,8,0.41,0
SYN_124186,rural,18-25,11,890.13,13,26,0.298,2
SYN_126000,urban,18-25,11,303.59,60,18,0.135,2
SYN_122269,urban,18-25,14,598.98,3,31,0.65,3
SYN_124069,rural,26-40,6,1056.19,14,34,0.641,2
SYN_125602,rural,18-25,10,434.84,12,16,0.564,0
SYN_100615,rural,18-25,10,636.02,17,41,0.359,1
SYN_114651,urban,41+,13,69.43,2,40,0.367,0
SYN_121612,urban,18-25,13,79.2,18,40,0.791,2
SYN_116485,rural,26-40,9,918.57,10,34,0.607,2
SYN_120034,rural,41+,13,532.4,46,3,0.324,0
SYN_110994,rural,18-25,11,388.41,14,4,0.486,3
SYN_109749,urban,41+,11,113.5,60,28,0.255,1
SYN_114262,urban,26-40,12,115.12,12,29,0.351,1
SYN_107417,rural,26-40,14,86.32,5,36,0.439,0
SYN_104406,rural,41+,13,782.06,2,15,0.572,0
SYN_122410,urban,26-40,11,338.37,2,12,0.444,1
SYN_129488,urban,18-25,21,421.62,10,39,0.281,0
SYN_121835,urban,26-40,22,936.0,6,47,0.37,0
SYN_117695,rural,26-40,6,282.6,43,3,0.771,0
SYN_115078,rural,41+,10,126.2,52,20,0.444,0
SYN_120009,urban,18-25,12,90.24,6,20,0.572,0
SYN_116793,urban,26-40,19,350.19,20,45,0.575,1
SYN_111085,rural,26-40,10,131.99,60,43,0.883,1
SYN_115457,urban,26-40,11,63.11,9,6,0.434,2
SYN_118084,rural,26-40,6,748.52,7,47,0.456,1
SYN_108225,urban,26-40,15,696.7,26,5,0.473,4
SYN_114198,rural,41+,8,195.29,10,26,0.454,0
SYN_107338,urban,26-40,13,706.32,11,45,0.122,0
SYN_112786,rural,18-25,9,449.45,6,29,0.361,2
SYN_127941,urban,18-25,8,474.07,3,36,0.351,2
SYN_122303,urban,18-25,22,357.46,10,24,0.172,3
SYN_101584,rural,26-40,7,222.23,17,12,1.0,2
SYN_118632,rural,41+,11,351.01,3,30,0.443,2
SYN_118971,urban,18-25,16,196.65,6,3,0.613,1
SYN_107850,urban,41+,11,130.65,23,18,0.159,1
SYN_102021,urban,41+,10,288.94,19,5,0.529,1
SYN_112131,urban,41+,14,254.82,13,32,0.201,1
SYN_110216,rural,41+,10,315.36,3,9,0.63,0
SYN_100271,urban,41+,17,1015.52,30,31,0.25,0
SYN_112708,urban,26-40,17,686.04,4,18,0.443,2
SYN_126175,urban,18-25,20,374.35,10,37,0.425,0
SYN_100516,urban,41+,16,556.21,13,14,0.499,3
SYN_117423,urban,26-40,10,209.2,1,33,0.457,0
SYN_112292,urban,41+,12,87.52,10,28,0.369,3
SYN_103473,urban,26-40,13,105.84,2,32,0.296,0
SYN_126278,rural,26-40,10,379.72,5,11,0.612,0
SYN_124767,rural,18-25,10,76.69,24,4,0.565,1
SYN_103352,urban,18-25,17,308.13,39,47,0.452,0
SYN_109232,urban,18-25,11,665.83,24,13,0.17,1
SYN_115474,urban,26-40,17,1414.5,17,1,0.114,1
SYN_111288,urban,41+,12,163.58,4,2,0.562,2
SYN_112272,urban,26-40,13,188.1,22,24,0.221,2
SYN_104326,urban,41+,21,416.66,54,2,0.304,0
SYN_106865,urban,26-40,13,1414.51,19,39,0.351,2
SYN_112110,urban,18-25,11,1399.1,18,21,0.166,2
SYN_129880,rural,41+,14,266.9,14,35,0.811,1
SYN_124841,urban,26-40,16,543.22,18,42,0.514,0
SYN_110425,urban,26-40,16,84.84,18,22,0.508,3
SYN_107429,rural,26-40,6,588.0,16,6,0.5,0
SYN_108831,urban,26-40,10,499.22,6,31,0.175,1
SYN_109201,rural,26-40,13,619.75,49,20,0.472,3
SYN_104494,urban,41+,11,1037.92,7,42,0.211,0
SYN_123178,rural,41+,15,538.53,5,28,0.534,1
SYN_113961,urban,41+,16,455.45,15,23,0.238,0
SYN_123168,urban,18-25,18,588.04,10,31,0.177,1
SYN_100125,urban,18-25,17,322.77,1,7,0.523,1
SYN_102191,urban,41+,7,184.7,37,39,0.516,3
SYN_107902,rural,26-40,11,668.4,22,30,0.634,1
SYN_110603,rural,18-25,9,194.89,8,42,0.738,1
SYN_122422,urban,18-25,12,291.83,7,29,0.567,2
SYN_117780,urban,26-40,16,455.31,18,12,0.277,1
SYN_110455,rural,18-25,13,301.77,33,24,0.364,1
SYN_118036,urban,41+,8,394.4,3,28,0.44,4
SYN_110183,urban,26-40,13,766.91,25,3,0.227,0
SYN_105289,rural,26-40,8,63.58,12,30,0.243,0
SYN_109435,urban,26-40,13,695.59,33,40,0.264,2
SYN_114221,urban,41+,12,159.18,13,14,0.229,2
SYN_117765,urban,26-40,15,859.37,12,25,0.468,0
SYN_100332,rural,26-40,8,212.03,9,20,0.467,3
SYN_124923,urban,41+,14,531.41,9,20,0.126,2
SYN_109301,urban,41+,14,87.76,33,21,0.575,1
SYN_110009,urban,18-25,9,468.6,39,26,0.203,1
SYN_115910,rural,18-25,10,271.4,3,41,0.797,0
SYN_114817,rural,41+,13,618.94,17,20,0.429,0
SYN_122872,rural,26-40,7,624.15,2,44,0.638,1
SYN_125012,rural,18-25,2,363.25,27,6,0.621,1
SYN_128379,urban,41+,13,202.03,41,20,0.06,1
SYN_124762,urban,26-40,18,143.48,51,6,0.235,0
SYN_129522,rural,41+,5,1292.68,4,1,0.598,0
SYN_129920,urban,26-40,13,305.52,12,27,0.279,1
SYN_119732,urban,41+,24,391.46,11,30,0.157,1
SYN_105936,urban,26-40,12,66.16,18,15,0.607,3
SYN_114938,rural,26-40,9,484.2,57,17,0.73,1
SYN_123185,urban,41+,13,380.89,41,13,0.677,2
SYN_111637,rural,18-25,7,276.87,60,12,0.795,2
SYN_105353,rural,41+,5,1173.27,7,30,0.402,0
SYN_113048,rural,26-40,9,451.55,11,24,0.229,2
SYN_103943,rural,26-40,9,985.78,42,10,0.335,2
SYN_103691,rural,26-40,9,88.55,5,37,0.736,0
SYN_106701,rural,26-40,7,854.47,4,10,0.615,1
SYN_108565,urban,26-40,12,180.74,15,14,0.373,1
SYN_114264,rural,41+,5,155.13,11,2,0.514,0
SYN_128671,urban,26-40,19,257.01,42,1,0.034,2
SYN_116478,rural,26-40,13,263.66,10,40,0.345,1
SYN_121428,rural,26-40,8,164.65,20,2,0.66,0
SYN_125856,urban,26-40,9,895.45,52,34,0.466,2
SYN_122461,rural,26-40,10,673.29,4,35,0.559,1
SYN_113270,urban,18-25,14,113.4,12,41,0.409,4
SYN_103799,urban,41+,17,298.34,7,40,0.177,0
SYN_129335,rural,18-25,9,1570.89,19,31,0.248,2
SYN_104890,urban,18-25,16,215.35,3,29,0.183,4
SYN_127604,rural,18-25,7,876.22,2,39,0.301,2
SYN_102747,urban,26-40,18,627.28,8,8,0.405,1
SYN_108132,rural,26-40,11,131.38,21,26,0.567,1
SYN_113834,rural,41+,11,376.78,32,1,0.518,0
SYN_124220,urban,26-40,5,983.65,20,32,0.327,1
SYN_126051,urban,41+,9,159.67,29,40,0.503,2
SYN_108221,rural,26-40,10,1114.36,14,1,0.264,2
SYN_102670,rural,26-40,11,335.98,11,32,0.804,0
SYN_120437,rural,26-40,7,124.55,6,31,0.773,3
SYN_126699,rural,18-25,10,418.52,11,45,0.493,5
SYN_106573,rural,18-25,15,132.82,45,1,0.459,0
SYN_106538,urban,26-40,15,1249.56,2,33,0.663,2
SYN_128695,rural,41+,10,219.39,42,21,0.806,1
SYN_114152,rural,26-40,3,81.13,9,25,0.782,1
SYN_127952,rural,41+,10,392.34,60,13,0.311,2
SYN_107353,urban,26-40,11,575.31,1,44,0.533,1
SYN_106442,rural,26-40,12,225.26,19,34,0.523,0
SYN_108621,rural,41+,10,1597.73,6,39,0.331,1
SYN_114840,urban,18-25,21,684.93,2,43,0.193,0
SYN_127210,urban,26-40,20,1088.56,13,30,0.475,0
SYN_104804,rural,41+,13,270.89,25,4,0.946,0
SYN_110918,rural,18-25,7,72.25,6,28,0.291,0
SYN_117063,urban,41+,17,667.97,33,29,0.266,1
SYN_105691,urban,26-40,11,1626.66,4,7,0.421,2
SYN_114796,urban,26-40,14,216.88,3,9,0.593,1
SYN_110522,urban,26-40,13,204.86,59,13,0.274,0
SYN_108116,urban,41+,20,130.31,60,3,0.398,1
SYN_113960,rural,26-40,19,144.85,9,42,0.892,1
SYN_115007,rural,18-25,9,253.19,42,3,0.209,1
SYN_103534,rural,26-40,16,144.25,10,7,0.602,1
SYN_117965,rural,41+,6,782.38,8,3,0.368,4
SYN_121897,rural,26-40,12,162.88,5,2,0.574,3
SYN_117857,rural,18-25,10,339.81,7,44,0.563,0
SYN_120205,rural,26-40,9,1309.04,48,28,0.729,2
SYN_115867,urban,18-25,15,360.88,18,13,0.571,2
SYN_125463,rural,18-25,11,90.27,27,5,0.52,2
SYN_123753,urban,18-25,12,663.89,27,21,0.401,0
SYN_121492,rural,26-40,9,127.34,7,14,0.643,1
SYN_111332,urban,18-25,21,167.13,31,19,0.289,3
SYN_107954,rural,41+,5,533.24,5,16,0.677,0
SYN_125669,urban,18-25,14,465.46,18,20,0.443,0
SYN_109834,rural,41+,7,348.19,22,46,0.362,2
SYN_129516,urban,41+,21,198.94,1,44,0.825,2
SYN_112343,rural,18-25,4,222.06,18,41,0.697,2
SYN_101072,urban,18-25,21,115.64,47,26,0.381,3
SYN_119014,urban,41+,19,353.51,33,43,0.251,2
SYN_121250,urban,18-25,23,1352.47,11,1,0.247,3
SYN_116819,rural,18-25,8,92.6,15,4,0.742,2
SYN_114362,rural,18-25,9,104.36,7,6,0.421,1
SYN_122254,rural,18-25,12,242.75,41,12,0.753,1
SYN_103859,urban,26-40,20,459.06,60,19,0.293,0
SYN_128249,urban,18-25,13,345.59,41,37,0.527,0
SYN_113811,rural,26-40,15,737.07,9,6,0.639,1
SYN_120789,urban,26-40,13,51.39,4,8,0.164,1
SYN_107606,rural,26-40,4,570.37,1,27,0.937,2
SYN_117825,rural,18-25,10,229.29,22,47,0.491,1
SYN_108604,rural,41+,8,655.0,22,7,0.818,3
SYN_110328,urban,18-25,7,517.61,8,15,0.33,2
SYN_100983,urban,18-25,22,76.07,8,39,0.467,1
SYN_102837,urban,26-40,11,240.85,9,43,0.123,4
SYN_113854,urban,41+,15,281.37,5,28,0.615,1
SYN_107703,rural,41+,11,188.45,6,29,0.701,1
SYN_124717,urban,26-40,13,1212.65,4,11,0.546,2
SYN_125455,rural,26-40,2,127.36,46,20,0.844,1
SYN_107981,rural,26-40,11,103.39,16,31,0.67,3
SYN_105253,rural,18-25,10,713.1,17,13,0.282,3
SYN_103299,urban,18-25,16,1709.33,15,18,0.304,1
SYN_127598,urban,26-40,14,224.97,25,14,0.88,0
SYN_101278,rural,41+,9,494.07,2,20,0.712,1
SYN_100634,urban,26-40,20,825.45,8,27,0.311,1
SYN_122804,urban,26-40,16,291.87,1,5,0.177,3
SYN_122111,rural,18-25,6,64.51,11,45,0.541,1
SYN_115207,rural,18-25,12,386.59,5,17,0.302,2
SYN_119728,urban,41+,13,678.5,14,38,0.783,2
SYN_116136,rural,26-40,17,1305.35,13,17,0.878,0
SYN_111610,urban,26-40,15,493.34,20,36,0.484,0
SYN_120637,urban,18-25,12,273.05,2,1,0.427,2
SYN_107578,urban,26-40,15,182.14,33,31,0.488,2
SYN_125068,rural,26-40,5,938.82,7,41,0.421,1
SYN_115303,urban,26-40,13,407.55,15,1,0.377,1
SYN_102912,urban,41+,13,57.17,12,39,0.548,0
SYN_104729,urban,18-25,20,59.36,44,28,0.603,1
SYN_103325,rural,18-25,11,1119.01,60,45,0.911,0
SYN_111727,rural,26-40,6,388.24,1,20,0.776,0
SYN_113821,rural,26-40,9,730.26,1,11,0.427,1
SYN_108235,urban,26-40,13,175.36,20,40,0.247,2
SYN_118754,urban,18-25,18,58.55,28,13,0.29,6
SYN_118775,urban,18-25,13,100.42,21,37,0.504,0
SYN_108469,urban,26-40,16,874.28,20,6,0.051,2
SYN_115138,rural,26-40,7,450.57,13,7,0.248,0
SYN_117539,rural,18-25,6,153.39,22,32,0.535,0
SYN_122027,urban,41+,16,179.19,60,26,0.363,1
SYN_113668,rural,18-25,14,165.81,2,26,0.896,0
SYN_116037,urban,41+,19,376.91,44,18,0.392,0
SYN_105046,urban,26-40,19,209.58,60,10,0.396,2
SYN_122717,urban,26-40,16,432.23,17,17,0.577,0
SYN_114144,urban,26-40,12,82.13,17,43,0.278,0
SYN_111827,urban,26-40,10,2888.13,41,18,0.15,1
SYN_117689,urban,18-25,11,712.29,60,1,0.282,0
SYN_120023,urban,18-25,13,454.19,60,4,0.186,0
SYN_106351,rural,26-40,9,855.62,38,18,0.643,3
SYN_119928,rural,18-25,16,1012.08,15,30,0.601,1
SYN_105389,rural,26-40,8,208.99,13,8,0.515,1
SYN_102443,urban,18-25,15,309.6,5,6,0.922,1
SYN_113335,urban,18-25,14,351.21,16,27,0.084,0
SYN_117488,urban,41+,13,339.98,39,47,0.575,1
SYN_109320,rural,18-25,7,286.35,5,11,0.565,0
SYN_105489,rural,26-40,8,1291.11,26,16,0.581,2
SYN_109420,urban,26-40,9,1088.32,1,24,0.251,1
SYN_102254,rural,26-40,7,936.27,1,42,0.318,3
SYN_119281,urban,41+,14,609.86,10,8,0.438,1
SYN_125594,urban,18-25,12,175.37,23,12,0.232,1
SYN_100686,urban,18-25,16,673.51,30,30,0.134,2
SYN_126752,urban,26-40,15,231.16,21,9,0.102,0
SYN_101771,rural,18-25,8,192.93,1,18,0.867,2
SYN_118146,rural,26-40,9,256.1,10,13,0.564,1
SYN_110583,urban,26-40,15,788.81,15,40,0.665,2
SYN_110906,rural,41+,7,202.02,32,11,0.487,1
SYN_107356,rural,18-25,10,446.0,26,18,0.505,1
SYN_113307,urban,26-40,13,185.35,19,19,0.61,1
SYN_108574,rural,41+,2,599.86,4,37,0.429,2
SYN_107021,rural,18-25,7,226.12,1,23,0.768,2
SYN_106197,urban,41+,17,461.12,47,16,0.128,1
SYN_118358,urban,18-25,13,297.55,6,11,0.617,3
SYN_111572,urban,26-40,13,228.32,10,14,0.417,2
SYN_125738,rural,18-25,12,773.88,1,39,0.752,0
SYN_122369,rural,26-40,6,575.47,57,4,0.287,0
SYN_102111,urban,41+,18,2477.95,6,22,0.602,1
SYN_117271,urban,41+,18,89.27,15,45,0.604,2
SYN_121714,rural,26-40,10,234.1,13,33,0.81,1
SYN_120582,urban,26-40,6,148.04,27,7,0.586,3
SYN_114627,urban,26-40,11,97.05,25,16,0.7,0
SYN_106228,urban,26-40,10,145.82,10,13,0.313,0
SYN_125375,urban,26-40,26,111.77,21,40,0.758,1
SYN_124295,urban,26-40,7,1328.92,6,27,0.82,1
SYN_113108,rural,26-40,9,609.65,18,15,0.228,0
SYN_113530,rural,26-40,9,2123.01,9,30,0.551,0
SYN_120781,urban,26-40,13,399.55,7,39,0.239,2
SYN_108055,urban,26-40,9,86.97,7,17,0.677,1
SYN_105808,urban,26-40,12,801.1,10,9,0.508,4
SYN_104070,urban,26-40,11,300.91,20,43,0.064,1
SYN_123934,urban,26-40,11,178.35,10,37,0.656,0
SYN_110021,urban,41+,16,143.87,11,4,0.472,1
SYN_103468,urban,41+,12,1873.31,16,25,0.172,1
SYN_116464,urban,41+,13,751.39,12,30,0.126,1
SYN_103259,urban,26-40,15,1158.53,21,34,0.166,0
SYN_128150,urban,18-25,16,391.71,23,7,0.401,3
SYN_118206,rural,26-40,4,502.88,14,34,0.243,2
SYN_104727,urban,18-25,13,60.34,6,41,0.642,1
SYN_125322,rural,26-40,7,112.28,13,24,0.339,0
SYN_121676,rural,26-40,6,871.95,13,44,0.762,1
SYN_115971,rural,41+,4,321.52,8,19,0.589,0
SYN_107555,rural,26-40,9,181.24,8,42,0.806,0
SYN_118303,urban,18-25,14,803.15,1,13,0.34,2
SYN_114545,urban,26-40,15,555.6,10,45,0.415,0
SYN_125911,urban,18-25,18,211.27,46,22,0.445,0
SYN_121199,rural,26-40,15,709.97,60,30,0.973,1
SYN_119878,urban,41+,8,319.65,1,10,0.745,0
SYN_106393,urban,26-40,14,181.94,1,24,0.538,0
SYN_114697,rural,26-40,6,827.04,11,31,0.225,3
SYN_119368,rural,26-40,12,337.18,38,39,0.358,2
SYN_110150,urban,18-25,14,1024.08,20,12,0.351,1
SYN_115692,urban,41+,12,1237.96,4,13,0.484,3
SYN_117580,urban,18-25,15,448.37,15,6,0.599,1
SYN_108035,rural,26-40,19,796.07,52,12,0.847,0
SYN_115066,rural,18-25,12,1340.32,8,15,0.63,0
SYN_107959,rural,18-25,6,791.0,33,18,0.84,4
SYN_126686,rural,41+,10,171.72,8,14,0.406,1
SYN_104563,rural,18-25,6,195.04,4,38,0.335,1
SYN_124705,urban,41+,9,64.88,12,31,0.077,5
SYN_109714,urban,26-40,16,424.02,1,33,0.393,0
SYN_122444,urban,26-40,18,876.64,36,25,0.583,0
SYN_129628,urban,26-40,14,164.72,6,33,0.614,1
SYN_103770,rural,26-40,15,570.04,19,6,0.857,1
SYN_116075,urban,26-40,18,304.7,29,43,0.3,0
SYN_109327,urban,26-40,16,301.09,2,14,0.213,2
SYN_123929,urban,41+,16,159.69,14,43,0.388,4
SYN_104250,urban,26-40,9,112.17,5,46,0.38,1
SYN_125854,urban,18-25,16,2420.16,5,26,0.777,0
SYN_127593,rural,26-40,16,324.47,11,26,0.553,0
SYN_103865,urban,18-25,14,796.55,13,47,0.371,1
SYN_103624,rural,18-25,18,634.83,26,24,0.752,0
SYN_105338,rural,18-25,12,136.45,33,30,0.442,1
SYN_117641,rural,18-25,4,124.98,5,3,0.218,2
SYN_125961,rural,26-40,11,535.53,1,21,0.723,1
SYN_102812,rural,18-25,12,234.15,2,8,0.303,0
SYN_108779,urban,41+,12,508.8,14,4,0.501,1
SYN_112413,rural,18-25,10,155.76,9,10,0.598,0
SYN_111931,urban,26-40,20,1001.18,13,34,0.232,1
SYN_107587,rural,41+,15,1082.55,19,44,0.885,0
SYN_120064,urban,26-40,10,691.03,14,15,0.154,1
SYN_115550,rural,26-40,11,175.56,3,39,0.389,2
SYN_102193,urban,18-25,20,991.16,60,7,0.697,0
SYN_120765,rural,26-40,4,120.38,54,23,0.364,0
SYN_125751,urban,26-40,18,837.2,6,11,0.353,1
SYN_102026,rural,18-25,11,347.28,7,34,0.261,2
SYN_120633,rural,41+,11,274.75,35,10,0.519,2
SYN_103769,rural,18-25,7,725.26,2,15,0.593,0
SYN_106220,urban,26-40,11,551.05,11,21,0.423,1
SYN_101898,urban,41+,15,1120.53,3,4,0.308,2
SYN_121536,urban,18-25,12,166.83,9,19,0.223,0
SYN_102124,urban,41+,16,186.81,28,5,0.557,0
SYN_112488,rural,26-40,10,193.11,9,33,0.649,2
SYN_114655,urban,26-40,16,110.72,22,44,0.516,1
SYN_110564,rural,26-40,14,149.59,3,2,0.595,3
SYN_100272,urban,18-25,10,71.25,43,33,0.473,0
SYN_121421,urban,26-40,13,269.75,60,4,0.359,1
SYN_124359,urban,18-25,16,422.08,13,40,0.506,3
SYN_115778,urban,18-25,15,174.58,36,40,0.165,3
SYN_116389,urban,26-40,16,212.95,24,10,0.626,0
SYN_126395,urban,18-25,16,114.02,5,4,0.563,0
SYN_123368,rural,26-40,6,302.12,14,46,0.992,1
SYN_106120,urban,26-40,9,70.0,8,19,0.33,0
SYN_107448,urban,41+,13,1243.52,14,26,0.194,0
SYN_127599,rural,26-40,7,78.14,17,36,0.483,0
SYN_129792,urban,18-25,8,379.27,51,14,0.066,0
SYN_113263,urban,18-25,12,1461.52,1,19,0.691,0
SYN_124632,urban,26-40,13,366.64,18,23,0.512,0
SYN_128076,rural,26-40,7,291.52,38,6,0.329,2
SYN_100417,rural,18-25,11,260.99,15,32,0.568,1
SYN_105482,urban,26-40,14,558.31,1,12,0.365,3
SYN_124170,urban,18-25,8,462.75,2,10,0.34,2
SYN_124325,rural,18-25,11,88.88,36,13,0.855,1
SYN_107765,urban,26-40,25,218.5,46,23,0.124,0
SYN_123842,urban,26-40,15,331.57,13,29,0.699,0
SYN_111991,urban,26-40,13,379.94,27,38,0.185,0
SYN_128738,rural,26-40,9,68.68,42,3,0.559,1
SYN_116017,rural,18-25,13,961.46,6,39,0.738,2
SYN_114090,urban,26-40,18,594.83,19,34,0.458,1
SYN_117986,urban,26-40,10,318.53,18,6,0.681,1
SYN_120327,rural,26-40,10,508.57,31,15,0.528,2
SYN_124408,rural,18-25,11,270.7,5,5,0.659,0
SYN_128955,urban,18-25,13,180.8,5,23,0.921,4
SYN_119538,urban,26-40,13,354.25,8,17,0.267,0
SYN_117679,urban,26-40,11,2242.96,21,19,0.706,0
SYN_110886,urban,41+,20,546.36,10,46,0.251,3
SYN_103955,urban,26-40,25,373.84,25,38,0.348,1
SYN_115804,rural,26-40,7,228.44,5,6,0.274,1
SYN_118496,urban,26-40,9,327.19,5,41,0.626,1
SYN_112142,rural,18-25,3,78.04,7,10,0.508,1
SYN_104437,urban,26-40,26,154.49,5,5,0.161,0
SYN_102766,urban,18-25,12,387.05,25,44,0.636,2
SYN_116390,rural,26-40,5,94.76,3,13,0.975,1
SYN_112415,rural,26-40,11,151.68,27,39,0.347,1
SYN_114996,urban,41+,10,236.33,30,35,0.16,3
SYN_108153,rural,41+,9,64.16,49,27,0.519,1
SYN_107286,rural,18-25,10,445.38,60,11,0.985,1
SYN_104088,urban,26-40,16,119.68,60,13,0.325,4
SYN_100666,rural,18-25,6,157.96,5,29,0.841,4
SYN_123995,urban,26-40,11,377.62,1,6,0.292,0
SYN_129886,urban,26-40,15,428.63,13,26,0.821,1
SYN_127046,urban,18-25,9,425.57,36,27,0.317,1
SYN_128495,urban,41+,22,785.27,18,19,0.69,1
SYN_114085,urban,41+,13,1437.04,2,12,0.634,1
SYN_122004,rural,26-40,14,130.74,60,42,0.471,3
SYN_109748,rural,41+,10,576.12,32,41,0.409,1
SYN_101797,urban,18-25,12,1022.05,6,3,0.646,2
SYN_118088,urban,41+,17,787.85,11,6,0.198,4
SYN_101780,urban,41+,17,345.18,17,17,0.356,1
SYN_117893,urban,26-40,19,953.3,36,34,0.277,0
SYN_118595,urban,41+,14,335.97,2,3,0.345,1
SYN_105688,rural,18-25,12,407.52,40,14,0.69,3
SYN_129002,urban,18-25,15,553.9,38,40,0.739,4
SYN_121877,urban,26-40,17,120.55,4,26,0.614,2
SYN_126905,rural,18-25,9,221.08,47,28,0.612,0
SYN_110631,urban,26-40,14,665.24,59,1,0.044,4
SYN_101269,urban,26-40,13,133.76,13,27,0.646,1
SYN_129168,rural,41+,11,174.3,35,41,0.428,0
SYN_102897,urban,26-40,13,72.34,60,13,0.141,2
SYN_121555,rural,26-40,4,696.39,1,36,0.448,2
SYN_100475,urban,26-40,8,890.12,8,39,0.378,0
SYN_117819,urban,26-40,17,284.67,1,24,0.151,2
SYN_128491,urban,26-40,16,634.06,7,10,0.19,3
SYN_126481,urban,41+,17,342.3,4,7,0.118,3
SYN_114405,rural,18-25,9,464.0,30,16,0.403,1
SYN_118577,urban,26-40,6,619.88,5,5,0.199,1
SYN_113548,urban,26-40,17,285.05,22,14,0.146,1
SYN_100529,urban,18-25,12,133.59,7,1,0.228,0
SYN_111098,urban,18-25,13,226.79,28,33,0.758,2
SYN_100993,urban,26-40,11,566.69,2,27,0.818,2
SYN_111652,urban,26-40,15,367.05,15,1,0.333,3
SYN_112940,rural,18-25,12,507.6,6,33,0.663,1
SYN_124596,rural,26-40,7,465.28,3,46,0.927,0
SYN_117168,rural,26-40,11,130.97,38,17,0.279,2
SYN_124904,urban,18-25,20,475.42,29,20,0.399,1
SYN_105554,rural,41+,10,93.92,26,43,0.275,3
SYN_123617,rural,26-40,13,602.3,4,28,0.319,0
SYN_108307,rural,26-40,8,705.0,3,20,0.633,1
SYN_126668,urban,26-40,14,727.38,20,21,0.32,0
SYN_113003,urban,26-40,10,996.39,11,31,0.453,0
SYN_113082,urban,18-25,16,657.33,55,9,0.227,1
SYN_103058,urban,18-25,10,1425.28,1,24,0.458,1
SYN_128573,rural,41+,3,158.21,8,17,0.646,2
SYN_112547,urban,41+,17,900.71,9,47,0.419,1
SYN_125108,urban,41+,16,111.77,8,3,0.159,2
SYN_115564,urban,18-25,12,118.95,3,37,0.51,1
SYN_112819,urban,26-40,14,661.53,18,14,0.516,1
SYN_104504,urban,41+,15,179.93,54,27,0.396,1
SYN_103989,rural,26-40,9,848.75,8,40,0.553,2
SYN_127736,urban,26-40,16,1086.92,12,2,0.41,0
SYN_119322,urban,26-40,19,554.41,28,17,0.452,1
SYN_118106,urban,26-40,19,504.35,4,22,0.578,2
SYN_119477,urban,41+,16,261.56,42,27,0.353,4
SYN_128989,rural,18-25,10,1243.53,10,32,0.777,0
SYN_121950,urban,41+,19,546.08,14,14,0.405,0
SYN_119738,urban,18-25,16,653.35,19,4,0.474,2
SYN_105635,rural,26-40,9,181.57,19,31,0.215,0
SYN_117004,urban,41+,12,295.26,15,7,0.289,1
SYN_116414,urban,26-40,14,500.06,16,16,0.201,1
SYN_115866,urban,18-25,8,847.09,42,13,0.229,1
SYN_126928,rural,26-40,10,56.79,2,36,0.575,3
SYN_100673,rural,18-25,12,451.97,24,39,0.226,0
SYN_118910,urban,26-40,18,1029.88,28,19,0.286,1
SYN_116130,urban,41+,17,128.99,7,20,0.3,1
SYN_124800,urban,26-40,12,1676.08,16,4,0.799,1
SYN_122780,urban,41+,12,1066.6,15,13,0.558,1
SYN_116267,urban,18-25,16,178.63,10,4,0.46,0
SYN_116263,urban,26-40,19,246.38,9,15,0.289,1
SYN_129468,rural,41+,5,565.6,7,14,0.602,2
SYN_107407,urban,41+,15,368.37,11,23,0.573,2
SYN_120279,rural,41+,6,103.08,4,10,0.248,3
SYN_100108,urban,26-40,19,192.01,24,3,0.756,0
SYN_102877,urban,41+,11,98.29,8,32,0.074,3
SYN_126513,urban,41+,20,1354.82,2,31,0.448,1
SYN_123374,urban,26-40,12,219.76,50,30,0.784,2
SYN_115894,rural,26-40,14,546.36,8,11,0.357,0
SYN_123677,urban,26-40,12,449.04,3,4,0.356,3
SYN_114636,rural,18-25,13,342.39,3,44,0.339,2
SYN_129540,rural,18-25,7,770.29,6,47,0.539,3
SYN_119333,urban,18-25,11,629.87,5,47,0.771,0
SYN_100905,rural,18-25,12,913.34,5,47,0.484,5
SYN_119509,rural,26-40,10,143.05,13,18,0.426,3
SYN_127756,urban,26-40,20,965.69,8,38,0.521,1
SYN_112892,urban,18-25,8,464.83,31,13,0.114,0
SYN_115749,urban,18-25,12,74.03,3,12,0.566,0
SYN_128034,urban,41+,15,109.11,60,31,0.728,2
SYN_101468,rural,41+,10,241.45,45,34,0.834,4
SYN_119072,rural,18-25,14,419.51,1,43,0.615,0
SYN_111842,rural,26-40,12,310.0,23,23,0.594,2
SYN_116910,urban,26-40,8,79.79,19,12,0.146,2
SYN_123359,urban,18-25,12,469.97,21,5,0.288,2
SYN_111076,urban,18-25,14,557.96,19,39,0.313,3
SYN_105582,urban,26-40,11,554.84,24,37,0.671,1
SYN_108108,rural,26-40,7,1251.98,15,39,0.293,1
SYN_105463,rural,26-40,7,326.77,55,9,0.382,2
SYN_115374,rural,26-40,4,54.94,27,40,0.36,1
SYN_100446,rural,18-25,5,765.43,26,22,0.234,2
SYN_110334,urban,26-40,18,176.77,18,41,0.369,0
SYN_127882,urban,41+,9,163.74,30,3,0.2,2
SYN_118717,urban,26-40,16,421.66,9,13,0.131,0
SYN_105014,urban,26-40,10,1642.08,2,8,0.35,1
SYN_118766,urban,26-40,16,1905.4,1,39,0.455,1
SYN_115087,rural,41+,13,544.92,3,4,0.249,0
SYN_110171,urban,18-25,19,768.05,10,11,0.444,0
SYN_127602,urban,41+,14,108.26,35,37,0.158,0
SYN_109529,urban,18-25,11,280.5,2,30,0.195,0
SYN_111286,rural,41+,10,345.75,11,23,0.279,2
SYN_122921,urban,41+,14,753.56,29,6,0.295,0
SYN_105038,rural,18-25,12,119.72,5,22,0.604,1
SYN_106913,rural,26-40,8,110.74,2,47,0.444,1
SYN_112128,urban,26-40,18,934.34,15,11,0.182,0
SYN_107699,urban,18-25,16,492.64,14,45,0.17,1
SYN_101842,urban,26-40,17,54.53,60,30,0.511,1
SYN_128443,rural,41+,6,1275.12,26,7,0.708,3
SYN_106038,urban,26-40,14,1349.27,39,44,0.051,3
SYN_105779,urban,18-25,10,222.33,60,8,0.455,2
SYN_124863,rural,26-40,10,437.32,11,17,0.395,4
SYN_127383,rural,41+,7,197.5,23,24,0.928,0
SYN_127723,urban,26-40,10,94.84,25,6,0.436,3
SYN_110787,urban,18-25,9,655.19,29,21,0.399,1
SYN_107174,urban,41+,15,1293.35,2,31,0.077,3
SYN_109932,urban,18-25,11,133.57,2,12,0.197,1
SYN_104289,rural,41+,12,659.3,4,25,0.434,0
SYN_127284,urban,41+,18,275.69,40,26,0.411,1
SYN_128423,urban,41+,13,356.16,28,14,0.352,1
SYN_118522,rural,18-25,9,266.95,4,37,0.292,1
SYN_129042,rural,18-25,9,497.75,32,36,0.524,2
SYN_108913,urban,41+,13,319.19,9,5,0.378,2
SYN_124148,urban,26-40,13,1254.72,23,14,0.485,3
SYN_102723,urban,26-40,18,660.17,2,34,0.534,1
SYN_108102,rural,26-40,11,165.38,23,13,0.618,2
SYN_128690,rural,26-40,9,254.04,24,40,0.76,1
SYN_113260,urban,41+,20,619.44,41,23,0.366,1
SYN_107492,rural,26-40,6,419.35,1,47,0.218,1
SYN_124374,rural,41+,5,1153.71,6,28,0.427,0
SYN_129859,urban,26-40,16,270.65,16,35,0.407,0
SYN_119475,rural,41+,6,338.36,30,18,0.86,0
SYN_110935,urban,41+,17,166.26,9,42,0.095,1
SYN_113866,rural,41+,11,563.0,54,25,0.338,3
SYN_102437,rural,41+,11,1007.02,21,1,0.528,0
SYN_111501,urban,26-40,18,595.08,34,2,0.316,1
SYN_112603,urban,18-25,12,894.34,8,9,0.221,3
SYN_129391,rural,18-25,7,109.63,25,42,0.626,0
SYN_121797,rural,41+,10,514.54,2,37,0.573,1
SYN_110184,urban,18-25,17,984.24,29,11,0.36,2
SYN_124260,rural,18-25,11,441.88,12,1,0.331,1
SYN_102704,rural,26-40,9,558.49,36,24,0.545,0
SYN_117082,urban,18-25,23,365.57,7,42,0.454,1
SYN_104238,urban,26-40,22,272.28,20,11,0.384,4
SYN_101043,rural,41+,14,241.97,11,11,0.424,2
SYN_115771,urban,18-25,12,305.37,4,5,0.656,2
SYN_125638,urban,18-25,11,187.47,21,7,0.093,1
SYN_103791,urban,26-40,15,244.38,42,6,0.086,2
SYN_113163,urban,26-40,12,79.65,47,44,0.536,1
SYN_112565,urban,26-40,14,176.57,7,21,0.757,1
SYN_124358,rural,18-25,2,471.74,5,19,0.627,0
SYN_105471,urban,26-40,10,75.98,54,44,0.584,2
SYN_102402,rural,41+,8,707.65,3,4,0.436,1
SYN_105914,urban,18-25,11,1132.39,7,29,0.219,2
SYN_125478,urban,41+,14,69.72,20,25,0.46,1
SYN_127800,urban,26-40,11,596.91,6,42,0.61,1
SYN_129719,rural,26-40,8,141.57,28,35,0.783,0
SYN_107396,urban,18-25,12,100.5,28,30,0.577,3
SYN_118800,urban,41+,14,439.87,10,27,0.43,0
SYN_123159,urban,41+,14,243.92,21,46,0.152,1
SYN_124778,rural,18-25,7,137.41,13,36,0.647,2
SYN_117508,rural,18-25,10,903.66,31,19,0.291,2
SYN_112926,rural,41+,8,822.14,22,15,0.269,1
SYN_113856,rural,41+,6,1014.56,33,11,0.311,1
SYN_119756,urban,18-25,13,73.72,8,47,0.273,1
SYN_128110,urban,26-40,14,142.35,15,34,0.602,1
SYN_121554,urban,26-40,14,140.39,17,43,0.516,1
SYN_109059,rural,18-25,8,1111.81,29,18,0.82,1
SYN_109122,rural,18-25,10,712.41,8,13,0.628,0
SYN_102718,urban,26-40,15,69.61,2,1,0.63,2
SYN_104125,urban,26-40,26,104.1,51,40,0.183,1
SYN_113177,urban,26-40,17,201.1,33,11,0.53,2
SYN_127039,rural,26-40,14,123.58,17,5,0.44,2
SYN_119936,urban,41+,14,93.42,33,43,0.66,2
SYN_118549,rural,41+,10,234.54,21,2,0.809,0
SYN_112124,rural,26-40,9,173.55,6,45,0.495,1
SYN_126492,urban,18-25,12,132.26,3,33,0.539,0
SYN_102255,urban,18-25,11,1047.96,2,38,0.55,3
SYN_101994,urban,18-25,15,348.08,8,46,0.415,0
SYN_100570,urban,41+,7,1326.79,3,40,0.359,2
SYN_124470,urban,41+,19,295.62,47,33,0.369,1
SYN_108039,rural,41+,15,1133.72,1,19,0.615,0
SYN_114776,rural,18-25,11,198.87,1,19,0.574,3
SYN_122277,rural,18-25,5,521.6,2,3,0.438,0
SYN_129922,urban,26-40,11,350.02,4,30,0.764,2
SYN_111269,urban,26-40,13,259.41,20,13,0.691,1
SYN_122615,rural,26-40,7,69.22,2,15,0.881,3
SYN_102135,urban,26-40,15,93.36,57,32,0.468,1
SYN_126288,rural,41+,7,319.97,33,8,0.562,3
SYN_119084,rural,18-25,5,429.34,5,22,0.363,1
SYN_114137,rural,26-40,4,285.99,52,47,0.389,1
SYN_107170,urban,26-40,16,1553.24,8,45,0.367,1
SYN_122991,urban,26-40,11,103.51,12,38,0.425,1
SYN_121241,urban,41+,11,462.24,33,7,0.143,0
SYN_125870,rural,41+,13,752.9,22,39,0.557,1
SYN_119729,rural,41+,8,52.71,18,19,0.78,1
SYN_116921,rural,18-25,3,491.07,60,40,0.296,1
SYN_120255,urban,26-40,13,1030.88,37,28,0.728,0
SYN_122454,urban,26-40,9,241.27,14,8,0.457,4
SYN_109659,urban,18-25,18,579.29,25,40,0.452,2
SYN_122233,rural,41+,10,615.86,39,29,0.792,1
SYN_126122,rural,26-40,7,738.52,15,16,0.298,0
SYN_127010,urban,18-25,17,1433.86,3,42,0.142,1
SYN_120487,urban,41+,13,83.5,1,8,0.376,1
SYN_125986,urban,18-25,12,582.73,2,44,0.481,3
SYN_127171,urban,26-40,11,174.16,2,46,0.79,2
SYN_124552,rural,18-25,8,376.74,11,14,0.478,1
SYN_102643,rural,18-25,5,190.27,21,27,0.952,1
SYN_103307,urban,26-40,11,453.98,14,41,0.319,1
SYN_113997,urban,18-25,8,56.97,6,26,0.772,3
SYN_107195,rural,41+,11,438.15,19,26,0.361,0
SYN_103514,rural,26-40,5,241.21,21,22,0.447,1
SYN_125421,rural,41+,8,771.61,43,46,0.697,1
SYN_117215,urban,26-40,15,210.92,2,14,0.215,1
SYN_119453,urban,26-40,17,462.55,29,39,0.296,3
SYN_122690,rural,26-40,11,381.76,18,15,0.429,0
SYN_100944,urban,26-40,13,578.98,4,7,0.203,2
SYN_103966,urban,18-25,14,277.57,2,37,0.54,4
SYN_106629,rural,41+,8,526.11,9,17,0.234,2
SYN_123699,urban,18-25,17,2135.42,11,16,0.29,1
SYN_126248,urban,18-25,15,686.41,6,33,0.397,0
SYN_103069,urban,18-25,11,723.13,8,29,0.355,0
SYN_123805,urban,18-25,13,242.54,2,9,0.766,2
SYN_112406,urban,41+,15,895.18,18,2,0.707,0
SYN_129328,urban,41+,12,94.3,3,20,0.662,0
SYN_115329,urban,41+,17,342.66,15,5,0.166,2
SYN_124820,rural,26-40,15,469.97,31,17,0.727,1
SYN_107688,urban,18-25,9,859.65,3,4,0.344,3
SYN_100970,urban,41+,20,342.46,5,28,0.546,1
SYN_127673,rural,26-40,13,569.08,35,43,0.591,0
SYN_102188,urban,18-25,13,330.92,24,7,0.46,3
SYN_119065,rural,26-40,7,316.11,17,39,0.886,1
SYN_122996,urban,41+,12,172.02,17,15,0.653,0
SYN_112328,urban,26-40,30,278.8,15,15,0.338,0
SYN_114589,urban,26-40,18,115.3,6,41,0.351,0
SYN_121042,rural,41+,10,246.85,10,28,0.319,0
SYN_117184,urban,26-40,12,834.64,16,1,0.621,5
SYN_117782,urban,26-40,20,124.08,3,22,0.317,0
SYN_125055,rural,26-40,9,84.78,27,43,0.199,0
SYN_100375,urban,26-40,17,88.74,8,18,0.327,2
SYN_117052,rural,26-40,9,399.24,26,43,0.217,2
SYN_117605,urban,26-40,12,168.1,22,47,0.762,1
SYN_103847,rural,26-40,8,265.35,54,1,0.893,1
SYN_128478,rural,41+,6,246.31,7,44,0.608,1
SYN_114007,rural,26-40,8,113.73,12,22,0.459,1
SYN_128158,urban,26-40,13,541.89,7,6,0.627,0
SYN_122279,rural,26-40,11,176.25,15,13,0.594,0
SYN_108003,urban,41+,15,146.13,14,12,0.439,0
SYN_120770,urban,18-25,15,89.87,60,30,0.837,1
SYN_123115,rural,41+,15,640.33,13,34,0.451,3
SYN_109575,urban,26-40,16,456.06,25,7,0.418,1
SYN_106348,urban,41+,18,919.39,23,40,0.293,2
SYN_128101,rural,18-25,12,62.83,30,29,0.634,0
SYN_127711,urban,26-40,19,201.9,1,25,0.53,2
SYN_105597,urban,41+,18,658.88,50,37,0.271,3
SYN_116824,urban,41+,11,1373.86,13,30,0.497,2
SYN_104944,urban,41+,11,400.35,8,2,0.307,0
SYN_111523,urban,18-25,12,109.78,21,36,0.715,1
SYN_100367,rural,26-40,12,302.88,26,35,0.236,1
SYN_104929,urban,26-40,13,652.62,13,10,0.465,1
SYN_113172,rural,26-40,14,750.62,22,32,0.582,1
SYN_106304,rural,18-25,4,3138.03,15,13,0.527,0
SYN_101683,urban,18-25,16,211.47,12,13,0.169,1
SYN_104765,urban,26-40,17,289.91,15,1,0.591,1
SYN_123105,urban,18-25,20,547.45,4,43,0.098,1
SYN_110829,urban,41+,13,495.56,15,24,0.556,4
SYN_129888,rural,26-40,9,60.25,22,5,0.865,3
SYN_103576,rural,18-25,6,1215.43,3,45,0.275,0
SYN_103826,urban,26-40,12,1281.52,33,30,0.572,0
SYN_122068,urban,41+,16,84.79,1,20,0.416,0
SYN_129175,urban,18-25,10,637.04,54,26,0.674,1
SYN_120843,rural,26-40,10,101.93,6,26,0.406,1
SYN_109853,urban,18-25,19,180.11,12,38,0.46,1
SYN_117005,urban,18-25,12,802.2,16,29,0.228,2
SYN_108889,urban,41+,16,1024.68,16,37,0.501,1
SYN_101046,urban,18-25,17,1246.76,60,47,0.383,1
SYN_115015,rural,41+,9,720.71,16,32,0.849,0
SYN_105015,urban,26-40,2,128.14,14,36,0.702,2
SYN_111626,urban,26-40,11,131.99,18,23,0.531,2
SYN_110624,urban,26-40,13,411.33,60,12,0.374,1
SYN_103617,urban,18-25,11,627.82,22,33,0.374,1
SYN_103582,urban,26-40,18,636.86,11,18,0.348,2
SYN_128353,rural,18-25,9,166.56,29,1,0.381,0
SYN_107445,rural,41+,8,68.06,13,33,0.457,1
SYN_106367,urban,26-40,16,155.37,52,36,0.493,0
SYN_101329,urban,26-40,16,104.41,6,25,0.596,2
SYN_106423,rural,41+,8,148.76,7,29,0.299,0
SYN_120037,urban,26-40,18,369.39,23,5,0.522,2
SYN_101978,rural,26-40,6,1044.1,20,3,0.795,3
SYN_129312,urban,26-40,9,1347.63,29,19,0.103,3
SYN_109768,rural,26-40,12,202.69,11,5,0.735,1
SYN_126298,urban,26-40,10,237.09,6,14,0.203,3
SYN_118037,rural,26-40,12,156.38,6,18,0.292,1
SYN_121642,urban,18-25,15,485.58,2,14,0.496,2
SYN_118963,urban,18-25,22,484.01,60,35,0.323,2
SYN_107242,rural,26-40,2,501.27,1,14,0.408,2
SYN_101563,rural,26-40,5,508.28,49,15,0.57,0
SYN_114475,rural,41+,6,337.38,16,4,0.423,0
SYN_108095,rural,18-25,13,371.25,4,18,0.364,1
SYN_116184,urban,26-40,16,203.81,52,27,0.374,0
SYN_122118,rural,41+,5,607.29,12,25,0.47,4
SYN_116039,urban,41+,15,103.3,23,30,0.282,0
SYN_122256,rural,26-40,4,183.83,4,34,0.25,0
SYN_101883,rural,18-25,7,1268.26,2,4,0.445,1
SYN_111668,urban,41+,11,138.53,4,12,0.675,0
SYN_105048,urban,41+,16,115.73,4,2,0.498,3
SYN_121930,urban,18-25,11,677.51,11,28,0.201,1
SYN_125126,urban,26-40,18,1409.18,47,32,0.271,1
SYN_106113,rural,26-40,5,2816.47,11,9,0.845,1
SYN_119621,rural,26-40,17,105.35,18,20,0.285,3
SYN_106362,urban,41+,17,150.48,22,24,0.648,3
SYN_128598,urban,26-40,14,85.61,24,43,0.522,3
SYN_103033,urban,41+,9,1201.95,39,31,0.406,1
SYN_105271,rural,41+,10,591.4,20,38,0.772,0
SYN_112804,rural,41+,7,1533.07,25,34,0.846,1
SYN_124223,rural,26-40,4,476.89,34,41,0.608,1
SYN_107354,urban,26-40,16,290.42,14,46,0.115,3
SYN_101684,urban,26-40,17,666.58,19,35,0.536,0
SYN_116531,urban,18-25,15,224.98,18,39,0.123,1
SYN_100341,rural,26-40,7,484.68,31,36,0.565,2
SYN_100690,urban,26-40,11,761.6,13,6,0.499,1
SYN_115430,rural,18-25,6,462.66,4,15,0.446,2
SYN_119629,rural,41+,8,265.38,17,35,0.531,0
SYN_117384,urban,18-25,9,540.15,14,12,0.392,1
SYN_117250,rural,41+,8,1208.15,35,20,0.747,1
SYN_116689,rural,26-40,7,157.13,15,10,0.455,2
SYN_115800,rural,26-40,8,192.06,13,37,0.521,2
SYN_114751,urban,41+,16,433.13,15,25,0.174,0
SYN_101512,rural,26-40,12,75.23,9,22,0.434,0
SYN_117000,urban,18-25,16,745.38,33,35,0.723,0
SYN_101617,urban,26-40,13,1138.96,17,33,0.503,2
SYN_128303,urban,41+,19,245.66,2,36,0.28,5
SYN_120981,rural,18-25,6,506.12,4,2,0.844,0
SYN_106492,rural,26-40,5,1265.1,30,21,0.825,0
SYN_121117,urban,18-25,17,65.25,15,34,0.695,1
SYN_108890,rural,18-25,12,52.2,21,36,0.363,2
SYN_129527,urban,18-25,13,287.99,30,6,0.714,0
SYN_100390,rural,18-25,8,424.04,14,2,1.0,3
SYN_124711,rural,18-25,8,131.67,11,30,0.321,2
SYN_108605,urban,26-40,15,364.99,2,18,0.733,2
SYN_115761,rural,18-25,11,250.79,59,26,0.557,0
SYN_125133,urban,26-40,11,792.05,45,11,0.298,1
SYN_107971,urban,26-40,15,188.16,23,2,0.189,0
SYN_121290,rural,26-40,6,773.58,2,1,0.154,3
SYN_105920,urban,41+,11,510.8,15,14,0.427,2
SYN_126723,urban,18-25,16,1252.05,33,14,0.179,2
SYN_107487,urban,41+,10,1458.65,31,10,0.214,1
SYN_114367,rural,18-25,11,124.61,9,1,0.379,2
SYN_118461,urban,26-40,19,924.76,41,42,0.642,3
SYN_103822,urban,41+,17,665.29,30,35,0.07,0
SYN_111874,urban,18-25,9,225.93,6,33,0.631,1
SYN_121843,rural,26-40,12,125.08,6,5,0.658,1
SYN_117972,urban,26-40,16,654.89,17,32,0.235,1
SYN_128660,rural,41+,8,533.35,7,44,0.684,1
SYN_117950,rural,41+,10,861.68,12,22,0.209,1
SYN_102555,rural,41+,8,473.52,51,47,1.0,1
SYN_106820,rural,26-40,13,95.92,42,20,0.877,1
SYN_109616,urban,41+,13,58.13,20,12,0.488,0
SYN_105782,urban,41+,15,265.34,10,9,0.494,4
SYN_103685,urban,26-40,16,323.06,3,4,0.509,4
SYN_106361,rural,41+,8,427.62,21,28,0.565,0
SYN_127019,rural,41+,13,419.15,19,10,0.552,0
SYN_124145,rural,26-40,13,145.21,3,28,0.876,0
SYN_107371,rural,26-40,2,207.06,3,36,0.436,2
SYN_102987,urban,26-40,12,154.41,17,28,0.204,0
SYN_111056,urban,41+,14,690.26,3,10,0.784,2
SYN_125026,rural,41+,7,359.03,8,1,0.681,0
SYN_116711,urban,26-40,14,206.31,19,35,0.704,2
SYN_105546,rural,41+,7,320.34,13,3,0.738,0
SYN_116567,urban,41+,15,151.49,36,3,0.39,0
SYN_118864,rural,26-40,8,146.05,21,45,0.471,3
SYN_119271,urban,18-25,12,571.77,7,41,0.345,3
SYN_111987,urban,26-40,14,268.64,55,22,0.354,0
SYN_121794,urban,41+,20,291.17,2,23,0.431,3
SYN_110296,rural,26-40,10,476.86,3,20,0.484,2
SYN_118944,urban,26-40,16,102.09,30,25,0.293,2
SYN_116682,urban,18-25,13,140.29,23,28,0.058,2
SYN_129480,urban,26-40,17,442.5,20,33,0.597,0
SYN_116341,rural,41+,10,578.79,29,6,0.578,3
SYN_105465,rural,18-25,12,567.89,14,35,0.692,1
SYN_117938,urban,26-40,13,265.39,14,37,0.345,2
SYN_118835,rural,26-40,9,115.86,3,26,0.51,2
SYN_105941,urban,41+,10,55.53,5,1,0.855,2
SYN_123691,rural,18-25,13,81.37,9,29,0.66,2
SYN_102705,urban,26-40,15,798.69,28,47,0.406,1
SYN_124074,urban,41+,12,262.32,1,19,0.356,1
SYN_124194,urban,18-25,18,197.77,31,40,0.381,1
SYN_124867,urban,18-25,10,122.05,1,20,0.392,3
SYN_114654,urban,18-25,13,412.89,6,37,0.043,2
SYN_128586,rural,41+,7,113.86,32,6,0.235,1
SYN_126280,rural,26-40,11,672.65,30,16,0.367,1
SYN_121183,urban,41+,17,346.95,15,36,0.318,2
SYN_108893,urban,41+,6,606.05,28,44,0.485,0
SYN_109219,urban,18-25,12,89.08,3,29,0.485,1
SYN_100888,urban,41+,13,336.55,23,30,0.539,1
SYN_112308,rural,26-40,8,357.38,33,22,0.807,0
SYN_122158,urban,26-40,7,536.73,9,36,0.399,0
SYN_118143,urban,26-40,16,309.21,26,13,0.24,0
SYN_125730,urban,26-40,15,253.81,12,30,0.049,0
SYN_127985,rural,18-25,6,307.92,60,26,0.679,1
SYN_118957,urban,26-40,12,1212.0,2,1,0.272,1
SYN_127805,urban,18-25,14,1158.01,22,27,0.157,0
SYN_126377,rural,18-25,6,1133.65,21,24,0.546,3
SYN_118642,rural,26-40,14,141.47,12,47,0.474,1
SYN_127044,rural,26-40,6,84.5,23,30,0.421,1
SYN_128062,urban,26-40,7,2052.57,8,41,0.757,1
SYN_107004,rural,18-25,6,524.89,4,41,0.903,2
SYN_104415,rural,41+,7,467.57,58,40,0.402,1
SYN_111351,urban,41+,18,362.73,44,2,0.677,3
SYN_113512,rural,26-40,8,844.44,21,37,1.0,0
SYN_102661,urban,18-25,15,236.39,37,24,0.55,3
SYN_120932,rural,26-40,5,138.39,12,2,0.359,1
SYN_101461,urban,18-25,13,239.75,7,28,0.336,2
SYN_116987,urban,26-40,12,462.54,2,32,0.554,1
SYN_104021,urban,41+,16,2652.08,14,29,0.455,0
SYN_120777,rural,26-40,5,660.49,4,1,0.724,2
SYN_125973,urban,18-25,15,169.06,2,46,0.29,0
SYN_115600,urban,18-25,9,224.06,6,43,0.688,1
SYN_102998,rural,18-25,10,478.66,34,27,0.594,1
SYN_117312,urban,18-25,15,280.92,2,45,0.422,0
SYN_110412,urban,41+,10,320.13,3,6,0.212,0
SYN_118082,rural,26-40,9,224.78,48,44,0.439,4
SYN_114625,urban,26-40,18,1003.79,34,36,0.361,0
SYN_101510,urban,18-25,12,131.54,29,8,0.676,0
SYN_116322,urban,26-40,12,1011.47,19,44,0.345,3
SYN_105454,rural,18-25,4,735.57,15,37,0.905,0
SYN_122231,urban,41+,8,948.08,19,44,0.552,1
SYN_124094,urban,41+,15,714.52,16,26,0.407,3
SYN_116270,rural,41+,8,980.1,26,41,0.45,0
SYN_108122,rural,26-40,12,107.02,53,32,0.453,0
SYN_105665,rural,26-40,8,534.03,57,2,0.525,3
SYN_108545,urban,26-40,17,800.21,43,12,0.374,1
SYN_105940,rural,26-40,11,132.83,60,1,0.64,2
SYN_103006,urban,41+,17,392.92,13,34,0.465,3
SYN_102307,urban,18-25,9,87.26,5,46,0.241,1
SYN_122908,urban,41+,15,388.71,16,35,0.172,0
SYN_123010,urban,41+,11,1012.65,18,7,0.141,2
SYN_101476,urban,26-40,14,157.98,7,25,0.354,1
SYN_106396,rural,18-25,9,170.59,10,13,0.489,2
SYN_105656,rural,18-25,9,431.26,17,9,0.766,0
SYN_103280,rural,18-25,12,1153.97,22,20,0.449,0
SYN_120671,urban,18-25,19,80.02,16,26,0.451,1
SYN_103282,urban,26-40,16,363.46,1,19,0.363,0
SYN_104074,urban,41+,13,789.54,40,26,0.534,0
SYN_113815,rural,26-40,10,982.69,60,8,0.463,2
SYN_120093,urban,26-40,15,104.75,28,27,0.357,2
SYN_117314,urban,26-40,12,244.14,21,40,0.6,0
SYN_116409,urban,41+,12,633.58,2,47,0.489,3
SYN_122167,rural,26-40,12,754.71,42,5,0.522,1
SYN_113140,rural,41+,11,84.55,34,32,0.502,0
SYN_115019,urban,18-25,13,122.55,5,14,0.356,1
SYN_100981,rural,26-40,6,777.85,6,2,0.528,0
SYN_125015,rural,18-25,6,1181.29,4,7,0.295,0
SYN_116996,rural,41+,5,683.08,14,42,0.571,0
SYN_127951,urban,26-40,13,133.32,10,9,0.761,2
SYN_119495,urban,26-40,17,747.64,23,11,0.358,0
SYN_125625,urban,18-25,12,198.62,13,6,0.272,2
SYN_119131,rural,26-40,7,165.8,4,21,0.523,1
SYN_112014,urban,41+,14,122.3,1,28,0.158,1
SYN_101037,urban,18-25,6,826.45,8,23,0.061,0
SYN_111998,rural,26-40,14,892.11,44,18,0.814,2
SYN_110506,urban,18-25,15,265.28,4,11,0.205,1
SYN_100590,rural,41+,10,642.66,3,15,0.566,2
SYN_112540,urban,41+,13,93.07,35,20,0.309,3
SYN_111244,rural,18-25,13,127.71,41,21,0.609,4
SYN_121698,urban,18-25,16,482.99,36,29,0.561,2
SYN_121150,urban,18-25,13,302.36,1,34,0.601,1
SYN_117226,urban,41+,15,241.5,18,9,0.174,1
SYN_127880,rural,26-40,8,55.94,10,27,0.653,1
SYN_111971,urban,41+,16,673.01,33,27,0.697,0
SYN_116294,urban,26-40,16,246.0,3,14,0.465,1
SYN_106625,rural,18-25,5,99.01,17,33,0.591,1
SYN_107713,urban,26-40,16,99.21,19,11,0.104,2
SYN_103196,urban,26-40,14,111.67,9,44,0.369,2
SYN_116255,urban,41+,21,102.03,4,13,0.557,0
SYN_125094,rural,26-40,8,91.92,6,47,0.532,4
SYN_111075,urban,26-40,9,611.5,9,21,0.368,0
SYN_108381,urban,26-40,14,258.25,14,31,0.434,0
SYN_114779,urban,26-40,5,567.92,3,5,0.835,1
SYN_113949,urban,18-25,13,237.22,4,21,0.168,2
SYN_122634,urban,18-25,9,325.44,10,46,0.242,1
SYN_117778,urban,26-40,23,744.19,40,11,0.373,0
SYN_124846,rural,41+,13,456.29,11,6,0.503,0
SYN_103832,urban,18-25,19,607.75,3,8,0.645,0
SYN_107908,urban,18-25,15,468.56,10,30,0.567,1
SYN_113312,urban,41+,20,1835.54,33,20,0.202,3
SYN_101287,urban,26-40,9,52.99,53,23,0.218,1
SYN_102512,urban,18-25,13,256.38,20,33,0.512,1
SYN_110393,urban,26-40,7,2049.8,3,28,0.347,0
SYN_124650,rural,26-40,7,104.36,1,12,0.625,1
SYN_102736,urban,41+,13,1492.18,43,12,0.405,4
SYN_126511,urban,26-40,22,822.7,16,38,0.806,2
SYN_108340,urban,26-40,16,1342.86,3,24,0.56,0
SYN_103888,rural,26-40,11,93.59,17,47,0.656,1
SYN_121820,urban,26-40,17,303.88,7,11,0.184,1
SYN_107200,urban,18-25,18,363.46,3,28,0.626,2
SYN_117124,urban,26-40,18,530.0,9,8,0.709,0
SYN_121789,rural,26-40,9,148.63,34,33,0.382,3
SYN_118307,urban,26-40,14,366.03,7,38,0.245,0
SYN_120874,urban,26-40,12,1713.61,4,15,0.476,0
SYN_128073,urban,41+,16,328.81,5,27,0.53,2
SYN_117639,rural,18-25,12,3118.42,23,18,0.252,1
SYN_102521,urban,41+,14,86.64,2,15,0.555,3
SYN_110540,rural,26-40,16,318.73,11,38,0.31,4
SYN_125168,urban,41+,17,61.85,13,31,0.608,1
SYN_108867,urban,18-25,14,441.0,26,41,0.482,2
SYN_104622,rural,26-40,7,450.16,60,11,0.487,2
SYN_114136,urban,26-40,12,469.26,12,17,0.441,4
SYN_113561,urban,26-40,23,781.53,6,3,0.421,1
SYN_119804,urban,26-40,11,434.8,20,47,0.652,1
SYN_108318,urban,18-25,20,117.99,41,32,0.287,2
SYN_112229,rural,41+,7,2356.94,43,12,0.459,1
SYN_111592,rural,26-40,12,319.38,31,10,1.0,0
SYN_109247,urban,26-40,16,567.02,38,20,0.158,1
SYN_103947,urban,18-25,17,127.7,5,25,0.355,1
SYN_114807,urban,41+,13,1299.7,60,42,0.438,0
SYN_126981,urban,26-40,12,172.73,1,15,0.312,1
SYN_107952,rural,41+,12,2381.46,4,3,0.337,1
SYN_129209,rural,41+,8,88.28,23,37,0.359,0
SYN_107807,urban,18-25,15,394.94,8,36,0.222,3
SYN_108534,rural,41+,9,623.59,29,44,0.692,2
SYN_105423,urban,18-25,12,207.92,3,18,0.681,2
SYN_128475,urban,26-40,12,117.06,5,12,0.231,2
SYN_123409,rural,18-25,16,313.84,7,38,0.793,3
SYN_101801,rural,26-40,10,104.67,36,39,0.588,2
SYN_115333,urban,41+,15,199.76,13,24,0.426,2
SYN_123319,urban,18-25,15,654.4,1,24,0.434,2
SYN_126223,urban,26-40,19,489.3,5,29,0.39,1
SYN_116504,urban,26-40,17,249.85,22,41,0.458,2
SYN_116538,urban,26-40,12,116.3,17,12,0.348,1
SYN_126502,urban,41+,16,242.37,15,11,0.458,2
SYN_112381,urban,18-25,10,254.28,5,45,0.366,1
SYN_118847,rural,26-40,6,1073.84,3,3,0.512,3
SYN_119417,urban,26-40,17,822.72,7,16,0.426,3
SYN_122957,urban,41+,12,264.93,3,30,0.759,1
SYN_122428,rural,18-25,4,905.63,9,2,0.3,1
SYN_109970,rural,41+,7,331.73,16,33,0.395,3
SYN_109990,urban,41+,13,571.48,5,34,0.34,1
SYN_123494,urban,41+,24,980.65,12,34,0.534,1
SYN_112553,urban,26-40,12,303.47,39,37,0.363,1
SYN_110298,urban,18-25,15,208.83,25,19,0.574,0
SYN_121266,rural,41+,10,930.16,60,12,0.466,4
SYN_104742,rural,26-40,14,72.52,32,4,0.66,2
SYN_102242,urban,26-40,11,1188.22,11,12,0.817,1
SYN_119135,rural,26-40,15,52.44,17,11,0.459,0
SYN_111011,rural,18-25,7,348.37,15,41,0.403,1
SYN_119608,urban,26-40,13,65.38,2,15,0.605,2
SYN_118794,urban,41+,10,205.41,16,26,0.291,0
SYN_114296,urban,18-25,17,85.61,10,15,0.329,1
SYN_116441,rural,26-40,8,1781.01,20,31,0.421,4
SYN_111202,rural,26-40,10,333.51,10,34,0.709,1
SYN_116857,rural,41+,8,256.23,14,34,0.642,5
SYN_109918,urban,26-40,14,157.55,10,46,0.385,0
SYN_114087,urban,26-40,16,67.33,8,40,0.478,1
SYN_129680,urban,26-40,16,679.24,18,27,0.752,1
SYN_111273,urban,41+,13,92.41,4,31,0.191,1
SYN_109126,urban,26-40,16,277.03,25,29,0.579,0
SYN_120212,urban,18-25,11,954.3,10,38,0.209,0
SYN_111513,urban,41+,12,618.63,17,17,0.388,1
SYN_121414,rural,18-25,13,1106.42,2,20,0.458,0
SYN_110035,rural,18-25,7,1014.77,2,43,0.591,1
SYN_113546,rural,18-25,7,1365.94,49,3,0.66,0
SYN_127436,urban,26-40,15,573.94,5,10,0.425,1
SYN_110207,urban,26-40,13,167.71,3,24,0.462,2
SYN_113517,urban,18-25,21,267.43,20,31,0.733,1
SYN_109409,rural,26-40,10,1290.59,3,5,0.401,0
SYN_120675,rural,26-40,11,206.62,60,46,0.529,2
SYN_125466,rural,41+,9,137.2,10,44,0.631,1
SYN_116734,urban,41+,19,679.81,60,7,0.691,1
SYN_101846,urban,26-40,11,77.91,9,40,0.046,3
SYN_123911,rural,26-40,8,670.73,1,9,0.545,1
SYN_115008,urban,41+,19,2087.85,6,15,0.125,2
SYN_118256,urban,41+,13,320.16,11,5,0.54,2
SYN_106531,rural,26-40,5,242.78,3,44,0.712,0
SYN_100049,urban,41+,14,257.41,29,14,0.075,3
SYN_111986,urban,26-40,9,695.3,2,6,0.194,1
SYN_112345,urban,26-40,10,311.92,2,31,0.418,0
SYN_101007,urban,41+,12,151.49,3,41,0.563,2
SYN_119763,rural,18-25,6,134.89,16,10,0.697,1
SYN_106579,rural,18-25,13,58.82,36,21,0.528,2
SYN_116405,urban,18-25,6,403.4,12,4,0.576,2
SYN_112416,rural,41+,10,286.11,60,3,0.419,0
SYN_107620,urban,41+,9,945.41,17,40,0.092,1
SYN_109647,urban,41+,6,53.74,34,14,0.481,1
SYN_115912,urban,26-40,16,491.55,27,23,0.267,3
SYN_116671,rural,26-40,8,220.3,2,43,0.573,0
SYN_111238,rural,18-25,7,371.59,25,45,0.388,3
SYN_105762,rural,26-40,7,62.16,3,32,0.558,2
SYN_127371,urban,18-25,17,195.63,7,20,0.345,3
SYN_117749,urban,26-40,18,1592.43,12,45,0.631,0
SYN_107538,urban,18-25,10,149.28,23,5,0.227,2
SYN_120430,urban,26-40,13,288.89,1,6,0.287,2
SYN_119401,rural,41+,15,929.93,60,39,0.465,0
SYN_101747,urban,26-40,15,599.88,10,33,0.709,1
SYN_112638,urban,26-40,12,792.26,5,43,0.33,0
SYN_120148,urban,18-25,13,445.35,9,25,0.427,5
SYN_108430,urban,18-25,14,344.1,4,37,0.176,3
SYN_117451,urban,41+,14,90.16,52,18,0.299,1
SYN_129600,urban,18-25,16,741.6,11,8,0.586,1
SYN_114514,urban,41+,24,483.73,49,21,0.589,0
SYN_127914,urban,18-25,5,440.18,6,18,0.648,3
SYN_113619,rural,18-25,13,700.94,1,5,0.606,1
SYN_116668,urban,26-40,15,292.49,26,42,0.466,2
SYN_100630,rural,41+,8,100.12,21,29,0.635,2
SYN_129325,urban,26-40,9,424.28,16,38,0.906,2
SYN_122894,urban,18-25,17,233.27,7,20,0.854,1
SYN_123016,urban,18-25,17,184.3,35,19,0.65,1
SYN_120372,urban,18-25,16,172.72,36,35,0.078,0
SYN_126451,rural,18-25,11,197.37,16,12,0.188,0
SYN_101118,urban,26-40,13,333.43,7,4,0.419,1
SYN_117927,rural,41+,9,361.61,10,25,0.697,0
SYN_114102,rural,26-40,13,980.43,3,8,0.427,2
SYN_126674,rural,41+,9,209.15,43,33,0.187,2
SYN_103549,rural,41+,12,672.39,3,29,0.609,1
SYN_113896,urban,26-40,15,283.42,3,45,0.387,0
SYN_111887,urban,26-40,14,235.41,45,18,0.451,1
SYN_127219,urban,41+,11,299.76,43,36,0.608,1
SYN_119703,urban,41+,13,225.36,4,10,0.086,1
SYN_109652,urban,41+,9,527.47,47,1,0.599,1
SYN_107288,urban,41+,11,180.08,12,28,0.764,0
SYN_102554,urban,18-25,13,564.88,38,9,0.242,0
SYN_126059,urban,18-25,15,106.8,16,38,0.042,0
SYN_115194,urban,18-25,18,223.31,40,41,0.207,0
SYN_126214,urban,41+,17,57.18,4,13,0.081,2
SYN_114620,rural,26-40,5,564.33,17,1,0.879,4
SYN_107832,urban,26-40,19,525.83,17,32,0.336,0
SYN_109738,rural,26-40,5,1254.24,30,37,0.899,2
SYN_126936,urban,26-40,19,100.97,60,12,0.849,0
SYN_123000,rural,18-25,8,428.08,59,32,0.36,3
SYN_118739,urban,18-25,10,896.89,3,24,0.481,2
SYN_106857,urban,41+,15,525.81,20,21,0.284,2
SYN_107910,rural,41+,8,940.99,8,32,0.259,2
SYN_123963,rural,41+,8,1199.46,32,2,0.682,2
SYN_123084,urban,26-40,8,600.83,23,16,0.686,1
SYN_105820,rural,26-40,10,1115.68,60,38,0.675,3
SYN_115672,rural,26-40,9,443.69,2,33,0.649,0
SYN_121013,urban,26-40,18,774.39,24,18,0.532,1
SYN_110969,urban,26-40,10,54.13,6,6,0.491,2
SYN_111211,rural,26-40,10,97.8,50,29,0.918,2
SYN_129906,rural,18-25,12,71.13,5,30,0.446,3
SYN_128613,urban,26-40,20,461.19,3,42,0.47,0
SYN_121965,urban,26-40,15,931.15,32,7,0.454,0
SYN_112747,urban,41+,18,1369.27,2,19,0.653,1
SYN_101339,urban,26-40,15,582.52,22,3,0.376,1
SYN_102409,rural,26-40,8,414.63,10,15,0.299,3
SYN_115172,urban,26-40,23,419.49,27,17,0.158,3
SYN_118992,rural,18-25,11,474.57,7,19,0.288,1
SYN_110750,urban,26-40,16,90.78,60,36,0.496,0
SYN_104529,urban,26-40,11,1185.15,10,17,0.423,4
SYN_110230,urban,26-40,17,672.81,7,21,0.145,2
SYN_111953,rural,26-40,10,187.39,13,38,0.807,1
SYN_107819,urban,26-40,10,130.22,60,16,0.218,1
SYN_108922,urban,41+,18,266.02,31,15,0.256,0
SYN_116236,rural,26-40,10,1393.8,8,45,0.3,1
SYN_123062,rural,26-40,11,1012.61,1,23,0.366,1
SYN_120471,rural,26-40,6,919.62,41,46,0.201,2
SYN_107484,urban,26-40,10,79.1,3,31,0.362,1
SYN_126803,rural,26-40,5,670.27,54,18,0.902,1
SYN_101191,urban,26-40,10,820.15,1,40,0.698,1
SYN_111681,urban,41+,10,1386.4,44,44,0.222,1
SYN_115105,rural,18-25,4,324.32,5,5,0.513,0
SYN_117931,urban,26-40,18,1170.17,35,35,0.619,0
SYN_102451,rural,26-40,11,293.78,37,37,0.632,1
SYN_123831,urban,18-25,9,811.28,3,2,0.35,1
SYN_129639,urban,18-25,17,321.14,4,12,0.118,1
SYN_111846,rural,26-40,7,634.13,7,22,0.342,1
SYN_108000,urban,26-40,15,251.78,5,27,0.668,1
SYN_125816,urban,26-40,18,276.66,22,4,0.758,1
SYN_103228,rural,41+,9,372.85,21,29,0.615,1
SYN_126670,urban,18-25,15,354.18,17,3,0.376,1
SYN_108971,urban,41+,5,107.66,7,36,0.306,2
SYN_104237,rural,18-25,7,1174.69,12,13,0.463,1
SYN_104409,urban,18-25,19,348.24,10,42,0.266,4
SYN_128911,urban,26-40,13,142.42,4,31,0.463,1
SYN_124132,rural,18-25,4,363.7,17,27,0.254,5
SYN_112264,rural,18-25,9,244.75,14,27,0.484,2
SYN_100008,urban,26-40,12,807.59,3,13,0.589,1
SYN_119460,urban,41+,8,128.55,49,24,0.372,1
SYN_128658,rural,26-40,12,123.47,55,35,0.286,3
SYN_119602,rural,41+,6,592.69,1,26,0.421,3
SYN_121366,urban,26-40,10,539.85,28,43,0.495,1
SYN_104034,urban,26-40,17,1280.51,9,13,0.062,2
SYN_110967,rural,18-25,13,175.01,4,19,1.0,0
SYN_108818,rural,41+,11,235.26,2,42,0.513,2
SYN_113848,rural,26-40,11,769.64,5,41,0.768,2
SYN_128626,urban,18-25,12,240.84,11,3,0.536,1
SYN_118010,rural,26-40,12,66.79,5,26,0.389,0
SYN_125944,rural,18-25,8,447.41,8,26,0.251,1
SYN_110248,urban,18-25,17,116.54,6,31,0.82,0
SYN_117101,rural,41+,4,694.33,1,43,0.252,1
SYN_128152,rural,18-25,14,50.72,5,8,0.907,1
SYN_102924,urban,41+,19,75.57,3,1,0.389,1
SYN_115900,urban,26-40,10,150.38,20,25,0.442,0
SYN_104787,rural,26-40,15,324.01,30,40,0.931,4
SYN_111079,rural,26-40,7,845.43,14,11,0.474,1
SYN_120474,rural,18-25,7,2743.75,11,41,0.702,2
SYN_101243,urban,26-40,13,230.08,11,36,0.412,1
SYN_102615,urban,18-25,10,518.01,23,41,0.169,2
SYN_100036,urban,18-25,15,567.69,34,32,0.415,0
SYN_113396,urban,41+,12,621.48,39,43,0.369,1
SYN_127837,rural,26-40,11,123.53,12,25,0.903,0
SYN_122083,urban,18-25,9,335.35,2,20,0.309,3
SYN_118034,urban,18-25,13,91.58,1,22,0.323,0
SYN_111670,urban,26-40,21,323.07,29,42,0.856,0
SYN_127746,urban,41+,15,937.02,20,8,0.363,3
SYN_119630,rural,26-40,7,138.33,49,47,0.88,1
SYN_118419,urban,26-40,16,470.35,24,4,0.375,2
SYN_124270,rural,26-40,6,98.34,12,11,0.767,1
SYN_128927,rural,18-25,9,51.71,8,47,0.356,0
SYN_104918,rural,26-40,9,167.08,9,26,0.637,1
SYN_118111,rural,26-40,10,117.94,6,30,0.802,2
SYN_117966,rural,26-40,16,226.85,16,28,0.412,3
SYN_113982,rural,41+,5,278.15,9,29,0.312,1
SYN_118478,rural,26-40,12,93.95,28,44,0.509,3
SYN_101048,rural,41+,11,120.33,1,2,0.347,2
SYN_121978,urban,26-40,21,82.66,7,47,0.433,0
SYN_111225,urban,26-40,16,125.94,54,27,0.403,1
SYN_128497,rural,26-40,9,724.78,39,43,0.423,0
SYN_100068,urban,18-25,13,243.38,29,8,0.278,1
SYN_110557,urban,41+,14,1281.52,36,12,0.709,0
SYN_122131,urban,26-40,11,248.51,3,16,0.167,1
SYN_111949,urban,18-25,17,211.5,7,17,0.341,3
SYN_108149,urban,26-40,17,911.85,2,44,0.478,2
SYN_125329,rural,41+,4,381.41,14,42,0.594,3
SYN_107312,urban,41+,15,305.51,10,38,0.497,1
SYN_115874,rural,18-25,6,710.74,3,20,0.874,2
SYN_107271,rural,26-40,10,643.3,60,13,0.881,0
SYN_100593,urban,18-25,18,88.59,9,18,0.466,2
SYN_127373,rural,18-25,5,62.02,18,35,0.392,2
SYN_105906,rural,26-40,7,685.85,5,36,0.332,3
SYN_112293,rural,26-40,12,64.19,14,45,0.348,1
SYN_119082,rural,18-25,6,62.66,9,10,0.727,1
SYN_119276,urban,26-40,10,613.51,33,29,0.309,0
SYN_114736,rural,18-25,8,200.49,11,14,0.93,1
SYN_119054,urban,26-40,16,870.93,20,31,0.048,0
SYN_124162,urban,26-40,17,323.28,7,24,0.442,4
SYN_126556,urban,41+,14,786.62,5,40,0.351,2
SYN_118197,urban,26-40,9,154.21,5,7,0.694,0
SYN_118931,urban,41+,13,112.04,4,42,0.883,0
SYN_115726,urban,41+,9,551.72,23,31,0.576,0
SYN_107771,urban,26-40,12,105.82,5,36,0.052,2
SYN_105848,urban,18-25,14,499.8,16,46,0.303,0
SYN_102368,urban,41+,15,896.95,28,29,0.384,1
SYN_101905,urban,18-25,15,971.77,20,2,0.612,3
SYN_109689,urban,41+,22,1171.56,4,5,0.494,3
SYN_125272,rural,26-40,10,404.04,53,5,0.269,1
SYN_105951,urban,26-40,13,1066.26,60,47,0.394,2
SYN_103063,rural,26-40,12,429.76,34,3,0.632,4
SYN_107693,urban,41+,18,134.02,8,43,0.179,1
SYN_126628,urban,41+,9,264.09,18,44,0.645,1
SYN_108164,urban,26-40,11,495.18,9,39,0.576,1
SYN_115420,rural,41+,9,109.05,47,2,0.649,2
SYN_119280,urban,18-25,17,875.27,1,1,0.415,3
SYN_102500,urban,41+,11,330.51,9,30,0.044,0
SYN_122071,urban,26-40,9,155.78,1,35,0.272,0
SYN_104144,urban,41+,15,141.35,37,16,0.367,3
SYN_123335,urban,18-25,16,115.39,39,15,0.51,0
SYN_125280,urban,26-40,17,227.8,35,41,0.694,0
SYN_105598,urban,26-40,13,1303.89,2,29,0.604,1
SYN_114730,rural,26-40,8,147.45,11,12,0.982,2
SYN_127212,urban,26-40,9,571.83,18,3,0.236,0
SYN_102145,rural,18-25,9,54.63,1,12,0.584,2
SYN_118634,rural,41+,8,377.91,2,16,0.767,0
SYN_103451,urban,18-25,21,662.02,5,31,0.071,0
SYN_120563,rural,41+,14,649.8,27,5,0.376,2
SYN_110744,rural,18-25,6,265.65,5,2,0.74,1
SYN_103378,urban,18-25,9,476.44,39,30,0.252,2
SYN_101409,rural,18-25,5,438.58,39,27,0.296,1
SYN_107828,rural,26-40,14,487.54,13,6,0.638,1
SYN_113733,rural,18-25,10,468.96,13,19,0.469,3
SYN_122531,rural,18-25,10,422.43,25,12,0.241,0
SYN_116847,urban,26-40,13,173.99,24,46,0.436,1
SYN_128794,urban,18-25,12,170.61,52,3,0.269,2
SYN_107222,urban,26-40,15,401.57,10,39,0.584,0
SYN_115525,rural,18-25,6,231.27,2,11,0.571,1
SYN_112365,rural,41+,11,514.15,10,7,0.793,1
SYN_117832,urban,26-40,15,374.06,3,46,0.37,1
SYN_129740,rural,26-40,6,110.58,9,21,0.27,2
SYN_102611,rural,26-40,11,578.37,15,38,0.492,2
SYN_108192,urban,18-25,15,900.88,8,11,0.19,0
SYN_109704,urban,18-25,8,435.66,4,26,0.393,1
SYN_117138,urban,26-40,14,52.63,1,23,0.256,1
SYN_110509,rural,41+,9,315.47,1,47,0.434,2
SYN_119202,urban,26-40,16,132.8,4,11,0.307,2
SYN_104502,rural,18-25,8,1382.65,7,36,0.544,1
SYN_123908,urban,41+,11,1114.04,19,15,0.147,2
SYN_125679,urban,26-40,13,259.48,18,19,0.441,0
SYN_104862,urban,18-25,19,257.2,11,24,0.7,1
SYN_120651,urban,26-40,12,132.22,23,39,0.758,2
SYN_105460,rural,26-40,9,529.35,7,42,0.415,3
SYN_126245,urban,26-40,18,141.01,5,9,0.676,2
SYN_117187,rural,41+,5,182.58,20,17,0.63,1
SYN_119826,rural,41+,10,83.45,19,35,0.847,1
SYN_123416,urban,18-25,22,556.35,34,3,0.28,0
SYN_129356,rural,41+,6,76.68,22,22,0.565,0
SYN_123233,urban,41+,10,303.13,10,4,0.28,1
SYN_115659,rural,18-25,10,279.12,7,2,0.791,1
SYN_111280,urban,41+,10,388.95,9,32,0.328,2
SYN_101354,rural,41+,8,307.13,60,47,0.615,1
SYN_103521,rural,18-25,8,238.47,8,1,0.802,1
SYN_100434,urban,18-25,12,2087.71,52,46,0.121,2
SYN_103733,urban,26-40,15,879.07,1,24,0.199,3
SYN_114830,urban,26-40,14,56.59,3,10,0.43,4
SYN_109755,urban,41+,17,268.86,33,31,0.567,2
SYN_105984,rural,41+,8,405.68,16,34,0.947,0
SYN_107434,urban,26-40,17,116.4,6,39,0.694,0
SYN_113910,rural,26-40,9,385.66,5,4,0.679,1
SYN_122463,rural,41+,12,125.29,5,24,0.573,0
SYN_105276,urban,18-25,12,692.31,1,24,0.262,0
SYN_115321,rural,18-25,10,312.91,14,5,0.543,1
SYN_129565,rural,41+,7,1306.37,2,41,0.745,1
SYN_112456,urban,26-40,14,270.32,3,20,0.096,0
SYN_127839,urban,41+,21,1666.79,5,11,0.374,0
SYN_120739,urban,41+,12,489.86,2,4,0.189,2
SYN_100305,urban,18-25,15,477.23,4,4,0.241,0
SYN_115682,urban,18-25,12,459.18,18,15,0.528,2
SYN_123039,urban,26-40,8,453.92,29,12,0.642,0
SYN_106834,urban,41+,17,498.32,60,13,0.234,1
SYN_113524,urban,41+,17,279.49,14,43,0.35,2
SYN_105766,urban,26-40,22,312.01,10,32,0.528,1
SYN_103128,rural,18-25,7,95.26,18,43,0.222,1
SYN_107572,urban,18-25,17,991.52,42,21,0.278,2
SYN_110303,urban,18-25,16,246.02,6,7,0.442,0
SYN_114592,rural,26-40,8,338.8,10,25,0.693,2
SYN_102041,rural,41+,16,752.93,20,35,0.764,1
SYN_129296,rural,18-25,13,331.38,14,24,0.571,0
SYN_128203,urban,26-40,11,193.16,20,7,0.393,3
SYN_123905,urban,41+,9,273.9,14,10,0.141,0
SYN_104677,urban,26-40,15,1337.03,11,35,0.591,2
SYN_110962,rural,26-40,10,144.2,18,33,0.593,2
SYN_105783,rural,26-40,11,118.36,4,20,0.365,1
SYN_100532,urban,41+,17,678.86,1,36,0.41,3
SYN_126180,urban,26-40,10,87.71,5,8,0.703,2
SYN_107782,urban,41+,16,953.36,14,19,0.895,1
SYN_126720,rural,26-40,10,82.26,60,9,0.456,0
SYN_125198,urban,26-40,14,491.39,28,27,0.513,0
SYN_118607,rural,26-40,14,629.73,23,8,0.621,0
SYN_115769,rural,26-40,9,413.57,23,16,0.617,0
SYN_126055,urban,18-25,14,313.19,16,22,0.329,2
SYN_121937,urban,41+,15,337.88,4,28,0.532,1
SYN_118276,urban,26-40,15,311.62,6,3,0.732,2
SYN_128245,rural,26-40,10,346.36,19,1,0.321,0
SYN_113753,urban,26-40,12,234.05,12,14,0.314,2
SYN_127603,urban,41+,10,2037.55,60,29,0.285,3
SYN_128872,rural,26-40,13,650.12,35,5,0.824,2
SYN_108047,rural,26-40,10,897.68,24,3,0.588,1
SYN_128548,rural,26-40,7,2022.11,28,14,0.916,3
SYN_112252,rural,41+,8,68.99,23,46,0.686,1
SYN_118714,urban,26-40,15,428.17,6,18,0.756,2
SYN_116188,rural,18-25,9,391.45,5,16,0.368,1
SYN_109778,rural,18-25,13,735.55,24,9,0.654,0
SYN_105469,urban,26-40,14,143.93,15,2,0.297,0
SYN_114764,urban,26-40,7,636.01,22,21,0.768,0
SYN_101794,rural,26-40,10,373.7,31,13,0.585,1
SYN_111145,rural,26-40,10,679.56,19,18,0.431,1
SYN_117612,urban,18-25,15,656.87,14,28,0.152,1
SYN_126552,rural,18-25,12,1420.4,5,34,0.943,0
SYN_119603,urban,41+,16,402.11,6,5,0.167,0
SYN_105983,urban,26-40,12,370.15,12,28,0.376,0
SYN_123346,urban,41+,9,73.91,9,46,0.602,0
SYN_128610,urban,26-40,16,366.55,28,30,0.146,2
SYN_119107,urban,26-40,13,81.22,1,33,0.189,1
SYN_121305,urban,41+,16,650.87,3,9,0.318,2
SYN_115454,urban,26-40,19,499.26,3,42,0.335,1
SYN_115192,urban,26-40,18,440.08,1,31,0.181,3
SYN_129062,urban,26-40,9,141.19,17,46,0.08,0
SYN_122262,rural,26-40,5,280.49,51,4,0.678,2
SYN_125159,rural,18-25,3,701.35,28,28,0.751,0
SYN_129840,urban,41+,16,335.67,6,16,0.589,0
SYN_108287,rural,26-40,6,103.84,42,23,0.677,1
SYN_122997,rural,26-40,10,423.7,11,8,0.308,3
SYN_113621,urban,26-40,15,160.17,57,7,0.349,1
SYN_114944,rural,18-25,6,660.33,46,17,0.367,0
SYN_126873,urban,26-40,9,299.92,17,1,0.473,0
SYN_112323,urban,26-40,14,1821.7,14,38,0.555,1
SYN_119484,urban,26-40,13,202.46,21,26,0.465,2
SYN_101955,rural,18-25,9,74.92,33,15,0.497,2
SYN_115538,urban,41+,15,287.49,8,12,0.09,2
SYN_103861,urban,26-40,14,511.95,19,28,0.277,2
SYN_112688,urban,26-40,12,745.39,1,22,0.625,0
SYN_113310,urban,26-40,16,634.88,37,45,0.703,1
SYN_127460,rural,41+,5,633.31,42,20,0.563,1
SYN_123536,urban,26-40,12,927.45,4,4,0.642,0
SYN_116992,rural,26-40,9,576.81,7,31,0.672,2
SYN_102221,urban,41+,11,436.1,31,14,0.767,1
SYN_121839,rural,41+,11,492.16,16,27,0.478,1
SYN_129380,urban,26-40,6,440.4,9,44,0.139,2
SYN_127683,urban,41+,10,177.18,14,6,0.203,3
SYN_117297,urban,26-40,15,986.98,15,18,0.609,3
SYN_119948,urban,18-25,15,100.28,6,25,0.222,1
SYN_102123,urban,41+,17,522.94,2,18,0.307,1
SYN_120409,urban,41+,8,401.96,23,33,0.16,2
SYN_127422,urban,18-25,15,818.28,6,23,0.51,1
SYN_104350,urban,26-40,14,239.0,9,18,0.378,0
SYN_112742,urban,26-40,10,579.99,8,23,0.275,4
SYN_119328,urban,18-25,24,62.54,43,38,0.222,3
SYN_114701,rural,18-25,5,491.54,12,47,0.41,2
SYN_108871,rural,26-40,7,1348.61,29,44,0.82,4
SYN_125901,urban,26-40,6,123.74,1,40,0.611,3
SYN_100142,rural,26-40,8,237.57,23,3,0.601,1
SYN_114155,rural,18-25,9,1677.44,5,32,0.389,1
SYN_112187,urban,41+,18,728.72,60,26,0.555,3
SYN_107358,urban,18-25,16,414.1,31,12,0.688,2
SYN_107718,rural,26-40,3,91.84,10,1,0.531,1
SYN_114415,urban,26-40,8,106.13,17,10,0.726,3
SYN_127850,urban,26-40,18,204.82,15,18,0.625,3
SYN_128390,rural,26-40,10,199.06,59,23,0.493,3
SYN_123501,urban,26-40,16,614.88,4,14,0.202,0
SYN_112209,urban,26-40,18,2964.09,31,21,0.24,1
SYN_115936,rural,18-25,12,386.08,11,19,0.298,0
SYN_110805,urban,18-25,17,401.92,1,46,0.358,1
SYN_115082,urban,26-40,9,552.5,1,16,0.313,2
SYN_129562,rural,26-40,9,323.31,18,24,0.392,0
SYN_129000,rural,18-25,6,77.61,3,4,0.642,3
SYN_128417,urban,26-40,15,435.7,45,10,0.217,2
SYN_103025,urban,26-40,6,1501.76,56,26,0.305,4
SYN_113606,urban,41+,16,191.32,1,33,0.48,2
SYN_120060,rural,18-25,8,452.09,29,7,0.6,0
SYN_105231,rural,41+,9,167.53,2,1,0.727,1
SYN_109630,rural,18-25,3,209.85,9,25,0.841,0
SYN_113680,urban,26-40,18,137.99,17,3,0.562,2
SYN_104423,urban,41+,23,2206.4,12,15,0.36,1
SYN_129445,urban,41+,12,387.33,13,45,0.523,1
SYN_104710,rural,41+,7,306.41,17,8,0.398,1
SYN_105287,urban,41+,9,216.51,17,44,0.342,1
SYN_100491,rural,26-40,7,609.54,27,29,0.923,0
SYN_111027,rural,26-40,10,366.2,12,42,0.742,2
SYN_122626,urban,18-25,11,372.9,1,21,0.11,2
SYN_101889,urban,41+,14,400.45,19,3,0.455,0
SYN_124445,urban,18-25,10,200.32,2,9,0.329,1
SYN_102313,urban,26-40,9,369.01,2,41,0.376,1
SYN_100805,urban,41+,16,1297.93,17,7,0.077,3
SYN_105274,urban,26-40,14,814.86,5,9,0.309,2
SYN_113996,urban,18-25,15,172.34,60,11,0.35,1
SYN_109395,rural,41+,7,311.95,1,14,0.492,0
SYN_117553,urban,26-40,10,154.4,17,11,0.688,0
SYN_114925,rural,41+,5,67.04,19,31,0.537,2
SYN_124751,urban,26-40,17,393.6,3,41,0.272,0
SYN_119760,rural,26-40,4,78.68,2,31,0.312,2
SYN_111337,urban,18-25,13,590.75,22,36,0.309,1
SYN_101502,urban,26-40,7,274.94,16,39,0.338,1
SYN_129510,urban,41+,11,58.01,16,9,0.822,0
SYN_128662,urban,41+,11,669.84,3,35,0.423,1
SYN_115148,urban,26-40,10,483.72,45,13,0.478,2
SYN_111547,urban,26-40,21,850.82,13,27,0.423,1
SYN_102476,urban,18-25,14,139.2,1,8,0.481,3
SYN_100230,urban,41+,13,139.03,3,37,0.749,4
SYN_110415,rural,26-40,12,189.19,18,38,0.631,2
SYN_119463,urban,41+,20,74.06,30,30,0.386,0
SYN_124377,rural,18-25,13,451.31,11,7,0.318,0
SYN_120056,rural,26-40,11,1894.68,11,13,0.634,1
SYN_114573,urban,26-40,12,393.09,33,41,0.538,1
SYN_123932,rural,41+,12,139.15,60,6,0.641,2
SYN_120555,rural,26-40,12,182.79,1,36,0.8,1
SYN_100451,rural,18-25,8,662.73,57,38,0.438,1
SYN_120939,urban,26-40,9,207.76,16,9,0.522,1
SYN_104011,urban,26-40,13,194.89,19,17,0.702,3
SYN_121801,rural,18-25,9,323.22,11,32,0.469,1
SYN_122627,urban,26-40,13,578.5,8,27,0.83,1
SYN_124845,urban,18-25,9,189.86,24,12,0.67,1
SYN_116570,rural,41+,9,117.9,10,4,0.79,1
SYN_121178,urban,41+,17,78.58,2,41,0.456,0
SYN_121703,urban,18-25,15,162.76,4,22,0.299,1
SYN_110816,rural,18-25,8,244.03,2,34,0.296,0
SYN_129990,urban,18-25,6,1541.72,14,42,0.467,2
SYN_111808,urban,26-40,15,86.23,26,2,0.407,6
SYN_108448,urban,18-25,21,122.51,44,5,0.059,1
SYN_112816,rural,41+,11,1728.08,4,4,0.355,1
SYN_121928,urban,26-40,9,59.81,1,11,0.378,0
SYN_118576,rural,41+,12,169.57,16,28,0.503,0
SYN_117002,urban,18-25,14,418.93,19,37,0.43,2
SYN_100102,urban,26-40,17,252.67,27,17,0.622,2
SYN_125985,rural,26-40,8,240.83,43,1,0.526,2
SYN_113704,urban,18-25,12,55.72,12,21,0.329,1
SYN_112383,urban,26-40,16,712.42,17,14,0.427,2
SYN_102593,urban,41+,16,1596.73,24,43,0.34,2
SYN_123904,rural,18-25,11,94.17,2,25,0.652,1
SYN_116254,urban,41+,15,374.48,4,30,0.077,2
SYN_124793,rural,18-25,5,640.45,4,2,0.627,2
SYN_128182,urban,41+,13,1041.81,1,28,0.328,1
SYN_119653,rural,41+,5,796.0,60,26,0.548,0
SYN_118809,urban,18-25,14,131.64,1,21,0.15,1
SYN_101938,urban,41+,10,71.71,4,21,0.648,0
SYN_124543,urban,26-40,17,742.97,27,11,0.73,1
SYN_126132,rural,18-25,7,312.79,18,42,0.478,2
SYN_113496,urban,26-40,13,148.66,2,22,0.302,0
SYN_126277,urban,26-40,15,60.54,10,2,0.532,0
SYN_119582,urban,26-40,12,271.65,43,31,0.633,2
SYN_104128,rural,26-40,5,247.1,45,36,0.722,1
SYN_115226,urban,26-40,10,98.31,7,21,0.177,1
SYN_122842,rural,18-25,8,235.35,16,40,0.292,0
SYN_112631,rural,18-25,8,60.57,36,2,0.781,3
SYN_119071,rural,18-25,5,377.95,37,33,0.466,2
SYN_115255,urban,18-25,10,757.86,15,25,0.333,0
SYN_120701,rural,18-25,4,309.16,7,26,0.155,0
SYN_105901,urban,26-40,21,163.25,10,44,0.252,0
SYN_111164,rural,18-25,11,312.0,52,29,0.549,1
SYN_115088,urban,41+,11,191.49,5,24,0.806,0
SYN_112373,urban,26-40,12,440.98,16,21,0.344,0
SYN_113022,rural,41+,14,61.19,42,25,0.716,1
SYN_128734,rural,18-25,9,369.49,52,10,0.39,0
SYN_127813,urban,26-40,14,366.76,9,2,0.379,0
SYN_127472,rural,26-40,7,119.17,7,12,0.338,1
SYN_117413,urban,26-40,12,268.85,42,39,0.4,1
SYN_126335,urban,26-40,9,435.34,30,41,0.342,2
SYN_126289,urban,26-40,18,288.43,14,14,0.474,0
SYN_103054,rural,26-40,5,250.17,11,43,0.875,2
SYN_121275,rural,26-40,8,93.97,10,6,0.608,1
SYN_119981,urban,18-25,13,703.17,37,23,0.213,0
SYN_108589,rural,41+,5,442.97,56,10,0.334,1
SYN_129203,urban,18-25,5,297.14,7,17,0.781,2
SYN_116669,urban,26-40,8,668.6,28,2,0.191,1
SYN_124282,rural,18-25,9,374.71,4,47,0.384,3
SYN_101305,rural,26-40,12,209.74,8,3,0.664,0
SYN_123154,rural,26-40,12,98.71,4,22,0.674,2
SYN_107886,urban,26-40,11,56.45,40,40,0.099,1
SYN_115746,urban,26-40,7,559.93,8,1,0.359,4
SYN_116146,urban,41+,14,1081.21,1,9,0.308,1
SYN_100499,urban,26-40,14,818.87,60,20,0.636,6
SYN_112545,rural,18-25,8,133.28,4,40,0.196,1
SYN_106728,rural,18-25,8,133.88,35,33,0.271,0
SYN_107449,urban,41+,15,892.31,20,1,0.793,1
SYN_129546,rural,26-40,9,1175.45,7,1,0.533,0
SYN_111068,urban,41+,11,910.07,20,13,0.281,2
SYN_104859,urban,18-25,11,1961.1,52,39,0.081,1
SYN_120338,urban,41+,15,262.63,21,2,0.037,1
SYN_105496,rural,18-25,7,3196.21,9,47,0.715,1
SYN_109678,urban,26-40,11,168.09,22,3,0.173,0
SYN_104628,urban,18-25,15,315.37,43,40,0.503,1
SYN_111468,rural,18-25,12,195.1,6,34,0.46,1
SYN_107982,rural,26-40,4,176.02,2,26,0.479,0
SYN_126942,urban,18-25,15,851.36,38,32,0.152,2
SYN_100885,urban,26-40,6,172.58,5,40,0.495,0
SYN_128625,urban,26-40,19,534.28,20,37,0.347,1
SYN_111832,urban,26-40,13,228.09,12,43,0.46,2
SYN_104315,rural,18-25,12,1462.92,27,8,0.691,2
SYN_115227,rural,41+,10,574.54,2,39,0.591,1
SYN_120817,rural,26-40,7,317.4,60,17,0.564,2
SYN_103332,urban,26-40,13,151.53,2,2,0.248,1
SYN_114255,rural,26-40,11,786.31,26,34,0.59,2
SYN_105704,urban,41+,10,320.34,60,37,0.109,1
SYN_100358,urban,18-25,13,496.62,1,39,0.06,0
SYN_112424,urban,26-40,11,75.98,26,34,0.618,1
SYN_129836,rural,18-25,8,103.73,16,33,0.595,0
SYN_111742,rural,18-25,8,63.66,14,25,0.691,1
SYN_109923,urban,26-40,11,435.25,4,23,0.525,1
SYN_123594,rural,41+,6,198.89,29,14,0.226,1
SYN_104001,urban,41+,14,78.86,11,4,0.148,0
SYN_103917,urban,26-40,12,148.31,19,39,0.386,0
SYN_121283,urban,18-25,14,249.87,7,34,0.55,1
SYN_116575,urban,41+,12,130.32,54,24,0.185,0
SYN_101012,urban,18-25,20,299.37,16,14,0.879,1
SYN_102213,urban,18-25,14,69.1,17,5,0.309,1
SYN_115400,urban,26-40,18,1069.09,10,29,0.165,0
SYN_113126,rural,26-40,8,416.3,3,44,0.333,4
SYN_111252,urban,18-25,19,370.92,9,20,0.434,2
SYN_107565,rural,26-40,11,216.83,11,18,0.519,1
SYN_106129,urban,26-40,13,364.89,24,17,0.452,1
SYN_102494,rural,26-40,10,653.19,16,44,0.461,1
SYN_103276,urban,26-40,10,337.26,3,26,0.223,3
SYN_128043,urban,41+,14,838.82,16,39,0.761,1
SYN_102765,rural,41+,9,404.96,60,35,0.372,0
SYN_115325,urban,26-40,13,354.7,2,34,0.639,1
SYN_120292,urban,41+,19,54.23,45,1,0.593,5
SYN_127157,urban,18-25,15,515.17,14,4,0.292,0
SYN_100973,rural,26-40,11,201.22,10,18,0.577,0
SYN_119859,urban,18-25,10,490.5,49,39,0.531,1
SYN_127447,urban,41+,8,214.7,17,45,0.211,1
SYN_103349,urban,18-25,14,352.06,60,46,0.549,2
SYN_107739,urban,26-40,12,1760.54,5,7,0.569,4
SYN_128644,urban,18-25,14,1310.75,9,4,0.861,1
SYN_122263,rural,26-40,2,287.27,48,17,0.745,1
SYN_116149,urban,41+,11,59.35,5,7,0.674,0
SYN_109613,urban,18-25,22,152.65,16,10,0.163,2
SYN_107076,urban,41+,18,169.32,6,4,0.212,1
SYN_123137,urban,18-25,20,584.76,9,17,0.412,0
SYN_115858,rural,26-40,9,514.05,8,37,0.83,1
SYN_119736,rural,26-40,7,1398.61,38,21,0.377,0
SYN_100920,urban,26-40,16,629.83,42,44,0.492,1
SYN_122739,urban,18-25,11,424.48,17,46,0.102,0
SYN_106631,urban,26-40,13,118.3,19,8,0.721,2
SYN_119200,rural,18-25,6,516.87,26,33,0.435,2
SYN_116291,urban,18-25,16,1168.89,9,24,0.137,2
SYN_101678,rural,18-25,4,124.65,23,37,0.33,3
SYN_112431,rural,26-40,6,70.43,9,44,0.545,0
SYN_118609,rural,18-25,2,533.28,20,33,0.569,2
SYN_125756,urban,18-25,16,197.24,4,24,0.499,1
SYN_120953,urban,18-25,11,1473.2,15,28,0.574,1
SYN_109954,rural,41+,14,210.1,1,46,0.532,1
SYN_126524,urban,26-40,11,174.98,19,29,0.282,3
SYN_107408,urban,18-25,15,443.14,37,30,0.407,2
SYN_119209,rural,26-40,8,810.16,5,41,0.904,2
SYN_119149,urban,41+,11,78.69,2,36,0.097,3
SYN_113390,rural,26-40,12,542.46,2,23,1.0,2
SYN_114883,urban,26-40,17,143.18,17,33,0.749,0
SYN_111033,urban,26-40,14,1720.81,50,30,0.499,3
SYN_101641,urban,26-40,7,52.18,2,25,0.478,2
SYN_108895,urban,41+,17,170.75,10,21,0.305,1
SYN_112361,urban,26-40,17,405.99,8,43,0.586,1
SYN_106526,urban,41+,11,106.6,5,11,0.224,4
SYN_111647,urban,26-40,12,1256.22,18,8,0.207,1
SYN_103593,urban,26-40,14,562.56,7,30,0.358,1
SYN_114447,rural,18-25,5,223.87,30,23,0.555,5
SYN_118608,rural,18-25,6,171.62,13,20,0.927,1
SYN_122265,rural,18-25,8,1064.16,23,29,0.777,2
SYN_111048,urban,26-40,15,760.11,29,32,0.516,1
SYN_128284,urban,18-25,4,1709.85,23,23,0.737,1
SYN_100704,urban,18-25,14,144.15,13,3,0.684,0
SYN_109355,urban,41+,10,156.52,1,24,0.345,1
SYN_107265,urban,26-40,22,2871.24,60,5,0.513,1
SYN_107744,rural,26-40,13,127.94,12,36,0.324,2
SYN_118469,urban,26-40,8,247.73,49,36,0.139,2
SYN_107664,urban,18-25,11,95.29,2,6,0.315,2
SYN_105313,rural,26-40,15,898.36,10,44,0.346,2
SYN_110831,urban,18-25,21,1002.49,4,43,0.428,1
SYN_101021,rural,26-40,11,1665.0,36,36,0.437,2
SYN_113877,urban,18-25,15,135.55,2,41,0.123,0
SYN_128456,rural,18-25,10,185.11,1,27,0.451,2
SYN_109281,rural,26-40,7,71.08,3,26,0.299,1
SYN_112887,urban,26-40,9,156.19,15,20,0.126,0
SYN_114562,rural,26-40,9,513.77,34,17,0.425,2
SYN_119303,rural,41+,7,588.03,11,3,0.562,2
SYN_107364,urban,41+,17,242.01,8,4,0.672,4
SYN_114240,urban,18-25,15,361.95,18,14,0.721,4
SYN_117406,urban,26-40,21,85.71,17,18,0.478,1
SYN_116731,urban,18-25,17,1148.05,10,45,0.917,1
SYN_103929,rural,18-25,7,1134.29,10,45,0.484,2
SYN_108547,urban,41+,14,388.52,13,6,0.684,0
SYN_101734,rural,18-25,9,328.52,9,2,0.346,1
SYN_125792,urban,26-40,14,162.52,53,38,0.438,0
SYN_123713,rural,18-25,10,481.9,14,47,0.349,3
SYN_104253,urban,18-25,21,53.54,2,1,0.172,1
SYN_125123,rural,26-40,7,504.3,8,46,0.765,0
SYN_121473,urban,26-40,12,918.07,14,29,0.706,2
SYN_100060,rural,26-40,6,655.32,1,21,0.387,1
SYN_124065,rural,18-25,12,52.89,60,41,0.725,1
SYN_106797,urban,41+,11,129.13,4,24,0.839,3
SYN_101676,rural,18-25,7,1423.04,7,31,0.437,1
SYN_105650,rural,41+,6,245.1,54,43,0.517,3
SYN_116901,urban,26-40,10,361.49,16,5,0.422,2
SYN_104658,urban,18-25,17,51.93,7,22,0.503,1
SYN_100546,urban,26-40,15,1586.19,4,4,0.569,0
SYN_121446,urban,18-25,8,325.05,9,30,0.13,1
SYN_122069,urban,18-25,20,220.42,28,11,0.447,2
SYN_103758,rural,18-25,4,54.64,40,4,0.898,1
SYN_126355,urban,18-25,14,706.14,17,46,0.167,1
SYN_104030,urban,26-40,9,1358.28,50,29,0.72,2
SYN_121480,rural,26-40,8,368.96,12,10,0.302,3
SYN_124310,rural,41+,14,2878.07,60,43,0.258,4
SYN_127852,urban,18-25,13,460.67,41,43,0.674,2
SYN_107330,urban,41+,15,910.47,25,34,0.201,4
SYN_122161,urban,41+,9,665.11,12,7,0.435,0
SYN_125242,urban,18-25,18,528.82,22,41,0.182,2
SYN_128429,urban,26-40,18,593.54,9,45,0.486,0
SYN_126801,urban,26-40,19,197.46,35,47,0.476,2
SYN_126089,urban,26-40,10,2000.32,21,4,0.348,2
SYN_120297,rural,41+,4,510.35,60,11,0.305,3
SYN_122123,urban,41+,16,1422.99,10,12,0.523,1
SYN_126743,urban,26-40,10,797.53,14,40,0.6,3
SYN_102462,urban,26-40,15,66.96,47,22,0.27,2
SYN_101174,urban,41+,16,1685.25,43,8,0.362,2
SYN_127786,urban,26-40,13,123.75,9,40,0.185,2
SYN_123236,rural,18-25,8,769.39,10,10,0.455,2
SYN_122910,urban,41+,7,1426.36,22,47,0.559,1
SYN_109476,urban,26-40,12,1725.37,20,6,0.514,3
SYN_129739,urban,18-25,14,166.38,12,30,0.618,1
SYN_104501,urban,41+,20,914.88,39,14,0.664,3
SYN_129144,rural,26-40,11,92.69,42,24,0.465,1
SYN_119111,urban,18-25,11,323.41,1,13,0.36,4
SYN_112430,urban,18-25,8,318.68,6,40,0.57,0
SYN_115580,urban,26-40,16,274.09,1,34,0.18,2
SYN_126438,rural,18-25,10,124.48,18,14,0.521,0
SYN_107188,urban,26-40,20,1909.0,12,6,0.432,1
SYN_103920,urban,18-25,13,1394.66,21,29,0.453,1
SYN_128255,rural,41+,9,479.4,7,36,0.643,0
SYN_118773,urban,26-40,16,111.98,21,3,0.814,2
SYN_114962,urban,18-25,12,233.48,4,38,0.195,1
SYN_113541,rural,26-40,10,574.94,1,19,0.168,2
SYN_101540,rural,26-40,7,578.54,1,23,0.646,0
SYN_109767,rural,26-40,7,209.98,9,16,0.763,0
SYN_129009,urban,41+,13,148.13,1,13,0.686,1
SYN_102162,urban,26-40,20,103.71,3,32,0.444,2
SYN_127043,urban,41+,17,498.89,48,4,0.281,3
SYN_120493,rural,18-25,9,206.1,5,27,0.458,2
SYN_122091,rural,26-40,6,88.86,17,44,0.937,0
SYN_118802,urban,26-40,9,1063.99,8,36,0.258,0
SYN_124826,urban,26-40,12,440.75,3,19,0.169,5
SYN_108828,urban,41+,8,726.28,19,42,0.571,0
SYN_122320,rural,18-25,9,134.18,31,5,0.557,2
SYN_120568,rural,26-40,10,95.52,11,7,0.762,2
SYN_117532,urban,18-25,17,231.85,36,37,0.439,0
SYN_118758,urban,18-25,15,438.45,11,43,0.815,1
SYN_129932,rural,26-40,10,831.43,14,32,0.801,2
SYN_128645,urban,26-40,20,533.59,8,32,0.231,0
SYN_124033,urban,26-40,13,464.99,60,21,0.468,0
SYN_124642,urban,18-25,15,148.04,14,33,0.709,1
SYN_127007,urban,26-40,16,721.84,47,22,0.48,1
SYN_116838,urban,26-40,11,188.99,26,6,0.604,0
SYN_102959,rural,41+,7,218.72,11,16,0.285,2
SYN_117033,urban,18-25,9,588.36,8,12,0.093,2
SYN_118757,urban,18-25,7,75.43,18,29,0.312,0
SYN_101852,urban,26-40,11,617.12,19,21,0.328,5
SYN_111526,urban,41+,12,460.2,1,41,0.544,1
SYN_115663,rural,26-40,11,3408.19,7,27,0.652,3
SYN_101380,urban,18-25,15,242.61,1,26,0.1,4
SYN_116154,urban,41+,20,271.47,8,36,0.448,1
SYN_103406,urban,41+,10,853.5,10,43,0.324,3
SYN_120413,rural,26-40,10,417.3,38,45,0.52,1
SYN_117886,rural,26-40,5,1257.56,15,7,0.453,2
SYN_121745,rural,26-40,8,1356.92,7,33,0.207,0
SYN_126817,urban,18-25,12,233.01,26,11,0.368,2
SYN_102543,urban,26-40,18,98.72,2,1,0.107,1
SYN_127163,rural,26-40,6,1040.31,22,21,0.307,1
SYN_116182,urban,18-25,16,885.41,2,11,0.821,1
SYN_112933,rural,26-40,9,269.67,8,24,0.67,1
SYN_109050,urban,26-40,15,55.98,6,28,0.518,2
SYN_111359,urban,26-40,10,336.94,10,23,0.358,1
SYN_101119,rural,26-40,6,706.08,2,20,0.325,1
SYN_105689,rural,41+,6,130.5,24,34,0.457,1
SYN_103052,rural,18-25,8,1122.0,11,47,0.348,1
SYN_109400,rural,41+,7,339.94,5,45,0.802,0
SYN_125770,rural,26-40,16,695.0,15,7,0.444,1
SYN_115273,rural,18-25,11,51.5,6,29,0.634,0
SYN_118116,urban,18-25,14,220.16,10,40,0.402,1
SYN_116430,rural,18-25,15,167.79,3,31,0.557,1
SYN_116640,urban,26-40,12,62.89,3,21,0.627,1
SYN_118808,rural,41+,10,1201.82,2,13,0.685,1
SYN_129274,urban,18-25,12,156.93,4,26,0.429,2
SYN_129233,urban,26-40,15,155.3,43,39,0.328,1
SYN_105414,rural,18-25,8,974.92,3,34,0.462,3
SYN_101713,rural,18-25,5,848.84,60,19,0.345,1
SYN_108176,rural,26-40,13,109.89,10,38,0.818,1
SYN_116516,urban,18-25,16,654.58,35,15,0.408,1
SYN_118669,urban,41+,16,887.78,19,26,0.178,0
SYN_127726,rural,18-25,12,500.24,35,24,0.275,1
SYN_118951,urban,18-25,11,341.1,25,46,0.178,1
SYN_101754,urban,18-25,9,409.33,60,25,0.233,2
SYN_121943,urban,18-25,8,1272.64,55,47,0.563,3
SYN_107456,rural,41+,8,53.92,24,37,0.657,0
SYN_127374,rural,26-40,7,842.73,5,43,0.441,2
SYN_104187,urban,18-25,23,281.7,25,19,0.157,2
SYN_104808,urban,26-40,20,111.43,7,12,0.347,2
SYN_121287,urban,18-25,13,1119.51,21,41,0.481,0
SYN_127900,rural,26-40,7,250.31,18,7,0.597,4
SYN_104883,urban,18-25,18,1411.56,13,31,0.114,0
SYN_103375,urban,26-40,12,594.59,27,24,0.604,1
SYN_113190,urban,18-25,14,632.04,32,9,0.376,2
SYN_125262,rural,26-40,8,230.32,10,27,0.689,1
SYN_123229,urban,26-40,13,122.83,1,16,0.314,1
SYN_106568,rural,26-40,16,606.5,60,39,0.858,0
SYN_124978,rural,18-25,10,120.14,2,8,0.593,1
SYN_123665,urban,41+,19,575.85,60,26,0.225,0
SYN_113087,urban,41+,17,463.88,15,5,0.479,1
SYN_107045,rural,26-40,7,337.32,3,22,0.564,2
SYN_114508,rural,41+,7,293.33,10,43,0.816,2
SYN_108277,rural,18-25,3,1221.0,20,5,0.496,2
SYN_119187,rural,26-40,7,1245.93,6,46,0.557,1
SYN_122337,urban,26-40,15,292.4,5,47,0.068,1
SYN_107292,rural,26-40,6,50.58,6,11,0.747,0
SYN_117202,rural,26-40,9,695.64,15,10,0.314,0
SYN_106771,urban,26-40,19,230.06,35,13,0.177,2
SYN_110766,urban,41+,14,194.01,19,31,0.572,2
SYN_101530,urban,26-40,17,242.52,14,11,0.77,1
SYN_125274,urban,41+,13,299.66,24,47,0.163,0
SYN_116755,urban,41+,17,327.81,7,41,0.195,0
SYN_122987,urban,18-25,15,195.18,2,16,0.366,2
SYN_120112,urban,41+,15,1225.82,5,29,0.508,4
SYN_127298,urban,26-40,10,362.49,5,47,0.377,1
SYN_104881,urban,41+,9,179.9,3,35,0.372,1
SYN_110742,urban,26-40,14,1064.98,2,5,0.359,3
SYN_111091,urban,26-40,14,145.86,60,24,0.614,1
SYN_125250,rural,26-40,14,83.14,3,23,0.216,1
SYN_126594,urban,18-25,11,322.12,18,16,0.307,1
SYN_100669,urban,26-40,15,299.35,23,43,0.688,2
SYN_128783,urban,18-25,10,125.35,60,19,0.698,4
SYN_116580,rural,18-25,9,765.51,9,42,0.637,1
SYN_120912,urban,26-40,17,1508.29,6,44,0.013,3
SYN_109814,rural,26-40,4,52.89,5,38,0.361,1
SYN_123552,urban,18-25,11,738.19,1,15,0.557,0
SYN_109599,urban,26-40,11,129.99,12,6,0.631,2
SYN_120478,urban,41+,15,283.2,16,19,0.222,4
SYN_106105,rural,26-40,11,802.63,44,9,0.355,5
SYN_123922,urban,26-40,14,1954.96,20,46,0.239,1
SYN_100501,rural,18-25,9,226.44,1,31,0.338,3
SYN_119875,rural,18-25,9,96.75,25,18,0.389,2
SYN_103601,urban,41+,14,770.53,12,19,0.301,1
SYN_129947,urban,26-40,12,311.83,9,37,0.383,1
SYN_112420,urban,26-40,28,653.29,6,35,0.557,0
SYN_119023,urban,26-40,19,1904.9,14,16,0.47,0
SYN_104663,urban,41+,17,199.09,19,11,0.116,0
SYN_115062,urban,26-40,11,515.8,2,37,0.518,0
SYN_111639,rural,41+,9,132.96,29,47,0.516,0
SYN_100414,urban,41+,10,169.4,58,39,0.437,2
SYN_129105,rural,41+,9,947.59,6,46,0.774,3
SYN_102783,urban,41+,10,733.65,58,6,0.267,0
SYN_104997,urban,26-40,11,132.21,5,13,0.489,0
SYN_127504,urban,18-25,13,516.25,14,35,0.532,2
SYN_117746,rural,26-40,11,313.27,4,11,0.347,2
SYN_121779,urban,26-40,9,116.96,26,27,0.224,1
SYN_115959,urban,26-40,17,350.23,35,12,0.592,2
SYN_108897,urban,41+,20,178.06,60,46,0.541,4
SYN_120600,rural,41+,12,104.77,16,27,0.211,2
SYN_113057,urban,18-25,19,172.45,1,24,0.283,2
SYN_116388,rural,18-25,8,548.35,3,30,0.681,0
SYN_127148,rural,18-25,6,835.74,43,34,0.413,1
SYN_115736,urban,18-25,12,295.29,1,36,0.238,3
SYN_101336,urban,18-25,14,1141.47,38,24,0.512,2
SYN_116746,urban,18-25,14,648.48,15,8,0.365,1
SYN_120726,urban,18-25,16,412.86,9,42,0.23,1
SYN_119780,rural,18-25,5,312.38,35,41,0.866,1
SYN_101201,urban,18-25,9,1310.33,19,11,0.496,1
SYN_106638,rural,41+,10,548.76,13,39,0.561,2
SYN_111833,urban,26-40,14,308.0,6,7,0.332,2
SYN_120888,urban,26-40,16,1556.46,5,31,0.324,2
SYN_122104,urban,18-25,23,388.73,2,46,0.295,0
SYN_111906,rural,41+,13,454.87,60,2,0.302,1
SYN_103946,urban,26-40,14,746.3,20,9,0.195,1
SYN_110716,urban,26-40,14,199.4,36,31,0.226,2
SYN_124455,rural,41+,11,808.8,27,31,0.483,0
SYN_108673,urban,41+,13,565.46,1,29,0.207,2
SYN_124740,urban,18-25,20,120.07,20,34,0.47,3
SYN_109315,rural,26-40,6,964.63,18,20,0.634,2
SYN_118650,rural,26-40,10,305.4,42,22,0.457,1
SYN_118008,urban,26-40,14,286.59,17,39,0.521,2
SYN_111783,rural,41+,12,169.75,6,42,0.485,0
SYN_100875,rural,26-40,10,812.92,6,5,0.625,2
SYN_115924,rural,26-40,9,360.36,60,45,0.534,3
SYN_119289,urban,18-25,15,76.11,37,17,0.538,1
SYN_129637,urban,18-25,15,1579.04,11,42,0.207,3
SYN_125155,urban,26-40,10,331.04,40,43,0.207,0
SYN_121953,urban,26-40,23,577.98,13,7,0.408,2
SYN_118672,urban,18-25,11,255.54,23,24,0.832,1
SYN_114015,urban,41+,14,342.46,17,2,0.117,1
SYN_116512,urban,18-25,16,156.06,11,29,0.601,1
SYN_125422,urban,18-25,15,292.17,60,38,0.386,1
SYN_120295,urban,41+,18,211.79,38,20,0.293,0
SYN_125781,urban,41+,9,135.71,13,25,0.334,3
SYN_126657,rural,26-40,7,442.95,11,26,0.643,1
SYN_124334,rural,26-40,10,779.64,24,3,0.76,3
SYN_118689,urban,26-40,25,502.88,60,33,0.638,0
SYN_127220,urban,26-40,21,196.46,8,39,0.284,4
SYN_116517,urban,41+,11,66.17,17,16,0.495,1
SYN_115252,rural,26-40,9,510.9,30,1,0.242,2
SYN_108737,urban,26-40,16,561.96,33,10,0.41,1
SYN_112233,urban,26-40,18,944.77,9,42,0.485,1
SYN_109024,rural,26-40,11,73.06,5,34,0.307,3
SYN_127031,urban,18-25,17,200.27,5,45,0.175,3
SYN_128547,urban,18-25,15,439.87,1,11,0.122,1
SYN_112719,urban,18-25,15,644.72,60,24,0.678,1
SYN_104167,urban,18-25,19,172.03,8,31,0.775,1
SYN_106829,rural,26-40,9,3724.11,34,15,0.348,1
SYN_109551,urban,41+,12,59.32,4,2,0.736,0
SYN_118096,urban,26-40,15,302.46,1,44,0.387,0
SYN_114958,rural,18-25,9,490.52,3,5,0.39,0
SYN_108581,urban,18-25,9,180.17,7,22,0.623,0
SYN_124086,urban,18-25,17,90.59,21,31,0.733,0
SYN_122173,urban,18-25,10,436.13,31,23,0.647,3
SYN_109980,urban,26-40,14,69.86,16,15,0.432,0
SYN_107882,urban,26-40,13,50.02,10,7,0.536,2
SYN_118765,urban,18-25,8,1746.7,1,8,0.172,3
SYN_104299,rural,18-25,11,500.6,19,35,0.568,1
SYN_127639,rural,41+,9,1578.02,14,3,0.619,4
SYN_101344,rural,18-25,9,137.07,26,46,0.679,2
SYN_122892,urban,26-40,15,670.61,10,16,0.177,1
SYN_103402,urban,18-25,12,287.72,20,44,0.527,1
SYN_122754,urban,26-40,10,443.75,11,3,0.095,1
SYN_120917,urban,41+,11,358.22,4,46,0.687,2
SYN_119601,rural,26-40,12,131.25,18,35,0.473,2
SYN_103585,rural,18-25,6,167.28,26,5,0.649,1
SYN_104221,urban,26-40,16,66.54,5,43,0.335,0
SYN_115036,rural,26-40,10,253.19,55,43,0.29,0
SYN_121301,urban,26-40,23,775.66,31,20,0.506,1
SYN_126397,rural,26-40,9,138.43,39,6,0.604,1
SYN_105806,rural,18-25,10,128.56,1,33,0.487,0
SYN_111886,rural,26-40,11,1311.95,15,21,0.94,2
SYN_109560,rural,26-40,7,474.57,5,21,0.689,1
SYN_103455,rural,26-40,9,62.41,38,45,0.225,3
SYN_129798,urban,41+,9,327.13,26,41,0.612,0
SYN_103250,rural,26-40,10,484.19,24,38,0.453,2
SYN_128791,rural,18-25,12,567.66,60,25,0.536,0
SYN_112832,urban,41+,5,511.65,36,38,0.436,0
SYN_111747,urban,18-25,18,60.51,5,22,0.238,1
SYN_127449,rural,26-40,5,837.5,42,46,0.566,1
SYN_124368,rural,18-25,5,145.18,13,23,0.541,2
SYN_105318,urban,41+,8,210.74,1,23,0.486,2
SYN_104176,rural,26-40,14,161.38,35,32,0.37,1
SYN_102603,rural,26-40,14,72.48,25,35,0.981,1
SYN_110272,rural,26-40,11,352.16,6,16,0.78,1
SYN_114472,urban,26-40,9,408.71,14,6,0.15,5
SYN_111796,urban,26-40,10,1115.56,9,15,0.408,3
SYN_104449,urban,18-25,12,340.3,11,33,0.167,1
SYN_125001,rural,18-25,9,593.79,13,8,0.664,3
SYN_126983,urban,18-25,15,433.73,50,1,0.495,0
SYN_111772,urban,26-40,12,339.82,33,33,0.414,2
SYN_104717,urban,41+,11,394.12,2,16,0.123,1
SYN_103319,urban,26-40,10,769.01,2,40,0.245,1
SYN_104175,urban,26-40,14,223.52,9,38,0.345,1
SYN_104510,urban,41+,20,1192.56,22,3,0.421,1
SYN_129293,urban,18-25,17,969.99,9,6,0.245,1
SYN_101796,urban,18-25,12,176.47,4,7,0.302,3
SYN_103131,rural,41+,6,236.85,59,42,0.781,2
SYN_113251,urban,41+,7,125.03,6,21,0.471,5
SYN_122748,urban,18-25,13,763.24,52,15,0.504,2
SYN_127566,rural,18-25,9,681.52,16,24,0.937,1
SYN_108207,urban,18-25,11,268.81,60,25,0.065,3
SYN_114525,rural,18-25,12,388.89,9,10,0.257,1
SYN_103073,rural,41+,14,119.86,58,8,0.813,3
SYN_106082,urban,26-40,10,942.36,5,23,0.806,2
SYN_123412,rural,18-25,11,1042.33,6,45,0.498,1
SYN_112869,urban,18-25,13,322.85,60,41,0.07,2
SYN_103857,urban,26-40,15,962.56,18,29,0.161,3
SYN_129160,urban,41+,7,237.54,16,40,0.101,2
SYN_122143,urban,26-40,20,510.54,27,2,0.749,1
SYN_118066,urban,26-40,18,62.23,10,37,0.1,2
SYN_124079,urban,26-40,17,122.63,10,13,0.484,1
SYN_127185,rural,41+,5,441.49,12,21,0.532,0
SYN_125311,rural,26-40,9,1012.62,9,4,0.847,2
SYN_124614,rural,26-40,9,611.96,11,24,0.568,1
SYN_118128,rural,41+,7,106.63,6,3,0.517,1
SYN_110174,urban,26-40,21,1223.26,60,5,0.495,2
SYN_115987,urban,18-25,11,711.83,29,10,0.431,0
SYN_117948,urban,26-40,14,537.57,35,37,0.226,3
SYN_120938,urban,26-40,14,375.14,4,16,0.494,1
SYN_120287,rural,18-25,14,1228.92,9,37,0.744,0
SYN_115797,rural,26-40,16,102.09,5,12,0.36,0
SYN_127184,urban,41+,17,268.4,29,43,0.12,2
SYN_129969,urban,26-40,7,707.42,2,34,0.428,2
SYN_103191,urban,18-25,23,58.95,4,39,0.513,0
SYN_104574,rural,26-40,16,512.11,40,19,0.505,1
SYN_121086,urban,18-25,12,306.84,16,32,0.331,2
SYN_117472,rural,26-40,9,457.79,12,47,0.326,0
SYN_105187,urban,18-25,15,90.31,4,14,0.401,1
SYN_115628,rural,26-40,10,147.34,11,35,0.618,4
SYN_110473,rural,18-25,8,808.88,10,16,0.529,2
SYN_122105,rural,26-40,11,170.56,2,5,0.354,4
SYN_109064,urban,41+,10,791.41,23,10,0.302,1
SYN_108959,rural,18-25,9,955.26,5,31,0.332,1
SYN_108981,urban,18-25,16,470.85,7,43,0.35,0
SYN_103619,rural,26-40,6,541.73,9,9,0.464,0
SYN_116158,rural,18-25,11,759.97,16,31,0.321,1
SYN_103858,rural,18-25,6,1028.5,2,34,0.324,1
SYN_120624,urban,41+,14,160.05,31,35,0.138,0
SYN_123832,urban,26-40,17,429.33,60,13,0.581,0
SYN_108726,rural,26-40,7,1394.4,58,46,0.759,1
SYN_106430,urban,26-40,17,447.02,24,19,0.51,1
SYN_127451,rural,18-25,4,213.2,47,29,0.508,1
SYN_100664,urban,26-40,9,479.26,9,21,0.337,1
SYN_112221,urban,18-25,22,155.76,18,18,0.486,1
SYN_119849,rural,26-40,12,369.95,44,22,0.5,0
SYN_124925,rural,41+,15,700.77,4,34,0.825,2
SYN_120760,urban,41+,12,270.91,3,26,0.196,2
SYN_123043,rural,41+,8,1253.39,10,18,0.646,1
SYN_106683,rural,26-40,3,380.41,46,21,0.815,1
SYN_129775,urban,26-40,11,240.86,43,16,0.421,1
SYN_112048,urban,26-40,17,459.17,24,6,0.481,2
SYN_116551,rural,26-40,13,505.02,60,31,0.449,1
SYN_119232,urban,18-25,17,694.05,1,9,0.099,2
SYN_122142,rural,26-40,6,273.39,21,9,0.858,0
SYN_107751,urban,26-40,12,64.77,1,9,0.453,0
SYN_107411,rural,18-25,6,575.75,8,44,0.257,0
SYN_100828,rural,18-25,10,666.97,18,42,0.477,1
SYN_107998,urban,41+,12,1439.08,4,16,0.348,2
SYN_123242,rural,18-25,13,451.92,42,42,0.52,3
SYN_115616,rural,41+,8,540.25,1,46,0.654,0
SYN_117702,urban,26-40,17,1040.19,6,1,0.259,2
SYN_113448,rural,26-40,10,145.15,19,40,0.715,1
SYN_125403,rural,41+,9,1204.55,19,44,0.68,1
SYN_104118,urban,18-25,10,525.08,37,12,0.287,2
SYN_105552,urban,41+,12,247.26,6,33,0.287,1
SYN_126186,rural,26-40,5,251.71,30,5,0.306,3
SYN_111720,urban,26-40,7,755.61,33,21,0.318,2
SYN_113528,rural,26-40,13,1064.26,4,38,0.611,0
SYN_128938,urban,41+,7,55.82,23,12,0.446,4
SYN_125427,urban,18-25,14,170.14,60,47,0.335,0
SYN_102122,urban,41+,11,705.19,20,43,0.28,1
SYN_112476,rural,18-25,14,65.67,7,13,0.783,3
SYN_113272,rural,26-40,5,656.62,1,5,0.255,1
SYN_115389,urban,26-40,16,82.5,9,36,0.154,4
SYN_116386,urban,26-40,8,296.32,19,1,0.301,1
SYN_117170,rural,26-40,11,1484.06,4,14,0.244,2
SYN_108834,urban,41+,16,761.14,12,18,0.398,0
SYN_126782,urban,26-40,12,726.38,21,26,0.457,3
SYN_109084,urban,18-25,8,742.07,2,10,0.611,3
SYN_115027,urban,18-25,14,107.39,1,36,0.369,1
SYN_112660,rural,26-40,9,467.81,15,3,0.551,1
SYN_118030,urban,18-25,20,136.94,17,6,0.262,1
SYN_101277,urban,41+,15,546.72,4,25,0.433,0
SYN_105235,rural,18-25,6,328.04,39,16,0.75,1
SYN_112848,urban,26-40,10,563.29,60,18,0.038,0
SYN_105195,rural,41+,5,1068.41,42,13,0.758,0
SYN_107851,rural,26-40,8,647.37,15,22,0.85,3
SYN_118892,rural,41+,16,105.69,5,32,0.996,0
SYN_110893,urban,41+,14,692.58,21,40,0.501,0
SYN_122778,urban,26-40,14,931.21,37,25,0.7,0
SYN_116012,rural,26-40,10,121.23,18,46,0.404,0
SYN_124758,urban,26-40,16,306.98,10,11,0.846,0
SYN_112574,rural,41+,10,227.83,60,28,0.378,0
SYN_107800,urban,41+,10,1760.13,60,32,0.614,2
SYN_106218,urban,26-40,15,739.8,60,33,0.272,1
SYN_107182,rural,26-40,11,709.57,24,13,0.693,2
SYN_106914,rural,41+,7,467.95,24,25,0.621,2
SYN_110155,urban,41+,14,195.09,19,46,0.403,1
SYN_114652,urban,26-40,16,459.33,5,20,0.318,1
SYN_101224,urban,18-25,10,291.51,60,39,0.542,0
SYN_115072,urban,26-40,14,1662.51,6,24,0.565,0
SYN_124560,urban,18-25,12,797.22,18,40,0.074,2
SYN_120758,urban,18-25,8,877.4,9,33,0.323,0
SYN_112363,rural,26-40,12,78.65,5,29,0.458,1
SYN_115667,rural,26-40,9,219.51,15,26,0.836,2
SYN_102403,rural,26-40,6,247.09,33,25,0.264,1
SYN_107205,urban,18-25,14,668.6,26,16,0.364,0
SYN_103821,rural,41+,9,323.75,6,2,0.518,2
SYN_101741,urban,41+,12,147.18,26,41,0.716,2
SYN_117074,urban,26-40,14,64.21,2,28,0.118,1
SYN_115285,urban,18-25,18,337.51,3,24,0.29,1
SYN_122731,rural,26-40,15,450.23,7,17,0.604,5
SYN_109259,urban,41+,11,385.53,45,35,0.302,1
SYN_101176,urban,26-40,13,500.1,9,20,0.788,3
SYN_115728,rural,18-25,14,681.1,22,47,0.431,1
SYN_113309,urban,18-25,18,139.07,13,4,0.516,1
SYN_127391,urban,18-25,15,142.83,17,30,0.23,0
SYN_116209,urban,26-40,12,671.97,16,5,0.299,3
SYN_111415,rural,26-40,15,266.55,5,36,0.41,0
SYN_110755,urban,26-40,11,884.79,34,41,0.111,3
SYN_120602,urban,41+,9,2520.19,14,44,0.381,2
SYN_100756,urban,18-25,11,1341.49,53,12,0.702,2
SYN_101917,rural,41+,11,338.34,60,24,0.544,0
SYN_101748,urban,26-40,14,649.31,5,29,0.664,0
SYN_115379,rural,41+,9,425.08,23,32,0.506,3
SYN_125031,urban,18-25,19,266.8,1,15,0.291,1
SYN_109187,rural,26-40,6,153.58,6,8,0.405,2
SYN_114839,urban,18-25,15,412.33,4,25,0.381,0
SYN_107370,urban,26-40,12,135.15,31,45,0.209,1
SYN_108515,urban,26-40,19,194.26,33,10,0.739,0
SYN_104560,rural,41+,8,1430.3,23,30,0.375,2
SYN_127533,urban,18-25,13,137.94,5,17,0.362,2
SYN_120011,rural,41+,9,636.73,11,35,0.918,1
SYN_106019,rural,26-40,6,67.78,1,34,0.832,2
SYN_125141,urban,18-25,18,821.55,16,19,0.719,1
SYN_107659,urban,26-40,13,805.74,1,34,0.437,0
SYN_120850,urban,26-40,18,1059.64,6,33,0.088,0
SYN_105889,urban,18-25,14,226.86,2,42,0.426,3
SYN_114173,urban,41+,9,1712.83,28,36,0.542,2
SYN_120558,rural,26-40,8,158.47,2,41,0.375,1
SYN_102800,rural,41+,10,558.86,33,6,0.377,0
SYN_117354,rural,18-25,8,617.19,2,3,0.286,1
SYN_108882,rural,18-25,9,112.89,1,4,0.563,5
SYN_125877,urban,26-40,12,639.37,6,3,0.418,2
SYN_124927,urban,41+,21,762.78,7,25,0.253,0
SYN_106648,rural,41+,13,252.91,9,37,0.755,1
SYN_123516,urban,26-40,17,575.9,5,5,0.329,3
SYN_101322,urban,26-40,9,370.21,25,38,0.432,1
SYN_129533,urban,26-40,16,765.06,18,31,0.352,2
SYN_110005,urban,26-40,11,113.11,2,39,0.429,2
SYN_110675,urban,41+,17,498.54,6,15,0.185,3
SYN_107746,urban,41+,15,107.77,4,10,0.548,0
SYN_113656,rural,18-25,8,589.8,43,14,0.524,1
SYN_129935,rural,26-40,2,1123.92,27,4,0.31,2
SYN_121955,urban,26-40,17,304.93,34,12,0.295,1
SYN_106381,rural,18-25,8,587.09,15,14,0.672,2
SYN_124944,urban,26-40,10,1599.16,2,44,0.468,0
SYN_118470,urban,26-40,8,1085.44,9,23,0.569,2
SYN_110924,urban,26-40,14,130.39,11,23,0.296,2
SYN_110539,rural,41+,6,204.5,9,22,0.875,0
SYN_121360,urban,26-40,20,819.0,4,41,0.131,0
SYN_113042,urban,26-40,13,350.47,24,41,0.417,3
SYN_103559,urban,41+,16,146.0,2,4,0.347,1
SYN_111348,urban,18-25,13,84.97,10,43,0.333,2
SYN_118498,rural,18-25,10,807.72,1,46,0.394,2
SYN_103719,urban,26-40,16,1062.76,14,10,0.302,0
SYN_126896,rural,26-40,6,125.11,27,28,0.278,0
SYN_117115,rural,26-40,10,719.89,6,9,0.499,0
SYN_121261,urban,18-25,17,486.59,3,15,0.589,0
SYN_104008,urban,26-40,16,430.65,1,38,0.268,2
SYN_105058,rural,26-40,8,385.75,1,29,0.431,2
SYN_108046,rural,26-40,7,1522.35,31,38,0.564,2
SYN_121026,rural,18-25,13,1646.35,51,10,0.295,0
SYN_100088,urban,18-25,15,501.53,37,14,0.349,0
SYN_129026,rural,26-40,8,221.64,60,37,0.588,0
SYN_128780,urban,18-25,16,536.12,8,31,0.314,0
SYN_114226,urban,26-40,10,98.38,51,18,0.349,1
SYN_119415,rural,26-40,10,1399.53,14,1,0.43,2
SYN_123755,rural,26-40,12,431.62,8,12,0.248,0
SYN_127205,urban,26-40,20,586.34,14,14,0.21,0
SYN_119600,urban,26-40,15,977.35,6,30,0.384,1
SYN_119449,rural,26-40,13,811.63,51,31,0.616,0
SYN_123876,rural,41+,11,907.55,7,2,0.67,2
SYN_125323,urban,26-40,16,220.52,14,44,0.508,0
SYN_127417,urban,26-40,12,650.41,16,10,0.402,1
SYN_121811,urban,41+,9,1111.71,16,41,0.237,1
SYN_121038,urban,26-40,18,82.45,17,31,0.217,1
SYN_113383,urban,18-25,16,69.08,41,8,0.338,1
SYN_105316,urban,26-40,7,51.81,20,40,0.317,1
SYN_108387,urban,18-25,11,2035.85,6,26,0.382,1
SYN_101909,rural,26-40,14,51.81,12,22,0.383,0
SYN_122394,rural,18-25,9,75.71,18,1,0.322,1
SYN_102181,rural,26-40,10,259.3,6,8,0.806,0
SYN_110939,rural,26-40,6,250.52,23,23,0.523,2
SYN_106407,urban,18-25,10,492.81,27,25,0.612,1
SYN_112677,rural,18-25,7,597.57,58,10,0.387,0
SYN_108090,urban,18-25,15,61.34,6,31,0.457,5
SYN_102125,urban,41+,14,441.53,16,38,0.511,2
SYN_106626,rural,18-25,8,293.6,41,7,0.782,2
SYN_119816,urban,18-25,9,190.85,13,15,0.078,2
SYN_114993,urban,26-40,15,808.06,16,15,0.535,2
SYN_126364,urban,26-40,18,604.09,40,31,0.122,2
SYN_101559,rural,18-25,7,157.68,60,32,0.317,1
SYN_122593,rural,18-25,7,372.35,21,32,0.467,3
SYN_104521,urban,41+,8,209.78,2,29,0.308,1
SYN_118667,rural,26-40,10,403.08,3,1,0.272,1
SYN_123774,urban,41+,12,535.88,3,46,0.491,4
SYN_126851,urban,26-40,16,128.67,1,17,0.561,2
SYN_128464,urban,41+,12,450.77,19,35,0.249,2
SYN_126359,rural,26-40,6,471.93,42,20,0.649,0
SYN_100899,urban,18-25,6,184.18,29,4,0.725,2
SYN_124400,rural,26-40,7,255.54,17,47,0.731,0
SYN_122061,urban,41+,17,1387.98,2,18,0.344,2
SYN_127042,urban,41+,12,161.05,9,4,0.785,4
SYN_102903,rural,26-40,12,264.61,19,31,0.613,1
SYN_107973,urban,18-25,11,166.51,18,8,0.273,4
SYN_120947,rural,26-40,11,137.59,17,10,0.214,1
SYN_122925,urban,41+,17,212.23,2,37,0.485,1
SYN_109140,urban,41+,17,79.57,23,29,0.419,0
SYN_128983,urban,26-40,13,324.85,10,41,0.532,1
SYN_128890,rural,26-40,13,344.38,25,28,0.899,1
SYN_128558,rural,41+,7,163.24,20,4,0.716,0
SYN_118394,urban,18-25,13,179.21,39,30,0.717,1
SYN_101379,urban,26-40,17,166.46,1,26,0.62,1
SYN_112718,urban,26-40,16,117.61,22,17,0.451,2
SYN_111220,urban,26-40,14,180.12,17,42,0.687,0
SYN_112013,urban,26-40,15,51.05,47,1,0.391,1
SYN_116954,rural,26-40,13,77.21,12,31,0.466,2
SYN_115204,urban,26-40,9,238.02,10,36,0.101,1
SYN_116128,urban,26-40,10,1644.02,47,47,0.513,0
SYN_119716,rural,18-25,11,138.34,20,16,0.768,2
SYN_125425,urban,26-40,9,227.78,1,2,0.558,1
SYN_104678,urban,18-25,8,530.34,33,31,0.384,0
SYN_119922,rural,26-40,11,423.88,19,22,0.488,2
SYN_110554,rural,18-25,14,383.46,30,27,0.635,1
SYN_113235,urban,26-40,10,661.69,7,7,0.379,1
SYN_118929,urban,26-40,10,259.27,29,16,0.659,3
SYN_112281,rural,26-40,2,478.36,4,5,0.557,2
SYN_126466,rural,26-40,6,259.12,17,8,0.76,1
SYN_129498,urban,26-40,14,1145.33,1,2,0.561,2
SYN_115417,rural,18-25,10,372.15,5,24,0.77,1
SYN_117497,rural,26-40,7,64.86,6,21,0.458,5
SYN_118911,urban,26-40,15,503.88,4,12,0.137,3
SYN_128789,urban,41+,16,546.33,7,14,0.223,0
SYN_116000,rural,26-40,7,305.78,14,6,0.329,0
SYN_122453,urban,41+,16,302.49,41,12,0.672,0
SYN_117616,rural,18-25,13,100.1,2,11,0.189,2
SYN_101756,urban,26-40,20,1487.21,2,16,0.215,1
SYN_113542,urban,41+,13,972.18,23,37,0.61,0
SYN_108632,urban,26-40,11,422.0,14,37,0.141,3
SYN_118489,urban,26-40,14,67.52,7,29,0.347,4
SYN_108388,urban,26-40,17,133.85,57,29,0.131,0
SYN_107185,urban,26-40,11,485.35,6,31,0.154,2
SYN_104403,urban,41+,14,91.09,1,26,0.214,4
SYN_119258,rural,18-25,5,673.98,9,25,0.413,0
SYN_102986,urban,41+,12,489.19,13,31,0.326,2
SYN_123455,urban,18-25,18,617.2,9,29,0.12,2
SYN_102491,urban,18-25,8,72.06,2,43,0.421,1
SYN_107697,rural,41+,10,113.5,2,29,0.461,0
SYN_126632,rural,18-25,6,193.93,6,27,0.465,3
SYN_113751,urban,18-25,9,129.22,2,16,0.414,1
SYN_101499,rural,26-40,12,154.17,2,10,0.649,1
SYN_101394,rural,26-40,6,379.57,36,12,0.635,1
SYN_124471,rural,26-40,10,57.15,39,20,0.911,1
SYN_113354,rural,18-25,7,501.64,13,35,0.418,1
SYN_103305,urban,26-40,22,106.9,6,42,0.384,1
SYN_103369,urban,18-25,20,394.66,14,10,0.454,1
SYN_106964,urban,26-40,17,204.93,3,42,0.197,3
SYN_127516,urban,26-40,8,1269.2,11,12,0.574,3
SYN_125929,rural,41+,10,1096.47,26,9,0.784,1
SYN_128839,rural,18-25,12,243.74,10,40,0.212,1
SYN_104361,urban,18-25,10,163.63,31,2,0.347,0
SYN_106789,rural,26-40,10,205.4,3,8,0.616,2
SYN_102240,urban,18-25,14,202.18,17,6,0.19,2
SYN_124987,rural,18-25,8,1681.06,20,40,0.304,0
SYN_124949,urban,26-40,8,1271.49,60,21,0.253,2
SYN_118047,urban,26-40,9,111.61,33,6,0.635,3
SYN_128165,urban,18-25,14,65.64,23,19,0.328,3
SYN_112674,urban,18-25,17,1519.15,19,11,0.104,2
SYN_128327,rural,26-40,9,669.31,3,14,0.486,2
SYN_120521,urban,18-25,12,939.84,18,24,0.387,1
SYN_129218,rural,26-40,11,509.66,19,40,0.24,2
SYN_122372,urban,26-40,11,447.2,22,27,0.601,0
SYN_106818,urban,26-40,11,572.18,17,22,0.249,1
SYN_112619,rural,18-25,11,134.16,8,4,0.544,0
SYN_124891,rural,26-40,7,517.92,26,18,0.406,0
SYN_110507,urban,18-25,18,65.61,6,33,0.288,0
SYN_129278,urban,41+,8,1392.26,17,41,0.366,1
SYN_104069,urban,41+,19,84.59,15,33,0.098,2
SYN_117008,rural,26-40,5,69.18,12,14,0.546,2
SYN_112082,urban,41+,14,202.12,21,24,0.179,0
SYN_115191,urban,18-25,10,1409.73,60,14,0.154,3
SYN_127182,rural,26-40,6,406.6,23,44,0.64,0
SYN_111039,rural,18-25,11,168.25,24,9,0.371,2
SYN_107925,urban,18-25,21,128.61,7,24,0.147,4
SYN_115060,urban,26-40,13,400.66,15,5,0.414,0
SYN_116404,urban,26-40,16,535.89,18,47,0.279,1
SYN_113685,urban,26-40,18,272.1,28,30,0.198,0
SYN_119349,rural,18-25,8,232.72,21,19,0.262,0
SYN_116548,urban,18-25,13,643.37,13,4,0.412,2
SYN_104967,urban,26-40,13,1245.03,10,46,0.511,0
SYN_107889,rural,26-40,11,323.36,10,44,0.913,1
SYN_106844,rural,26-40,5,341.85,5,26,0.335,2
SYN_108081,rural,26-40,11,399.82,15,32,0.917,8
